flight_id,direction,aircraft_type,chain_group_id,current_gate,assigned_gate,is_reassigned,p_delay,delay_est_min,effective_delay_min,actual_delay_min,sched_target_min,pred_target_min,actual_target_min,sched_arrival_min,pred_arrival_min,turnaround_time_min,earliest_departure_min,sched_departure_min,calculated_departure_min,departure_delay_min,dwell_time_min,occupancy_duration_min,occupancy_start_min,occupancy_end_min,session_id,session_type,carrier,aircraft_type_meta,turnaround_time_min_meta,arr_flight_key,dep_flight_key,arr_fl_num,dep_fl_num,origin,dest,sched_start_min,sched_end_min,sched_duration_min,pred_start_min,pred_end_min,pred_duration_min,actual_start_min,actual_end_min,arr_delay_est_min,dep_delay_est_min,p_delay_max
TURN_0650,ARR,NARROWBODY,2024-01-01_WN_1579,,G01,False,0.5608,4.059999942779541,2.28,10.0,25,27,35,25.0,27.0,40,67,65,67,2.0,45,70,12,82,TURN_0650,UNMATCHED_ARR,WN,NARROWBODY,40,flight_key_v1_0ea1de1868b7a3a389f9b900782befeb,,1579.0,,DEN,ATL,25,70,45,29,82,53,35,80,4.059999942779541,0.0,0.5608
TURN_0651,ARR,NARROWBODY,2024-01-01_AA_659,,G54,False,0.4237,4.070000171661377,1.72,-9.0,28,29,19,28.0,29.0,40,69,68,69,1.0,45,70,14,84,TURN_0651,UNMATCHED_ARR,AA,NARROWBODY,40,flight_key_v1_96f840eff45e9e5fb568f29944058f53,,659.0,,MIA,ATL,28,73,45,32,83,51,19,64,4.070000171661377,0.0,0.4237
TURN_0652,ARR,NARROWBODY,2024-01-01_NK_1600,,G34,False,0.4072,4.289999961853027,1.75,-11.0,31,32,20,31.0,32.0,40,72,71,72,1.0,45,70,17,87,TURN_0652,UNMATCHED_ARR,NK,NARROWBODY,40,flight_key_v1_a9694ecdf5da9db77992990c69fcac84,,1600.0,,IAH,ATL,31,76,45,35,86,51,20,65,4.289999961853027,0.0,0.4072
TURN_0653,ARR,NARROWBODY,2024-01-01_WN_643,,G26,False,0.4861,4.059999942779541,1.97,-17.0,35,36,18,35.0,36.0,40,76,75,76,1.0,45,70,21,91,TURN_0653,UNMATCHED_ARR,WN,NARROWBODY,40,flight_key_v1_20869c24b24c2aa456ec24c26bd88c1b,,643.0,,DAL,ATL,35,80,45,39,91,52,18,63,4.059999942779541,0.0,0.4861
TURN_0654,ARR,WIDEBODY,2024-01-01_WN_2675,,G08,False,0.5807,4.059999942779541,2.36,28.0,40,42,68,40.0,42.0,75,117,115,117,2.0,60,105,27,132,TURN_0654,UNMATCHED_ARR,WN,WIDEBODY,75,flight_key_v1_e586427d2b4266174399b981646f09df,,2675.0,,LAS,ATL,40,100,60,44,113,69,68,128,4.059999942779541,0.0,0.5807
TURN_0655,ARR,NARROWBODY,2024-01-01_F9_4027,,G58,False,0.6431,4.170000076293945,2.68,-2.0,41,43,39,41.0,43.0,40,83,81,83,2.0,45,70,28,98,TURN_0655,UNMATCHED_ARR,F9,NARROWBODY,40,flight_key_v1_d2f6b67eace337ce61b866be18daa52f,,4027.0,,MCO,ATL,41,86,45,45,100,55,39,84,4.170000076293945,0.0,0.6431
TURN_0656,ARR,NARROWBODY,2024-01-01_NK_1594,,G10,False,0.4795,4.440000057220459,2.13,-34.0,44,46,10,44.0,46.0,40,86,84,86,2.0,45,70,31,101,TURN_0656,UNMATCHED_ARR,NK,NARROWBODY,40,flight_key_v1_f83afb034a54ffdd648397d60cfb66d6,,1594.0,,EWR,ATL,44,89,45,48,100,52,10,55,4.440000057220459,0.0,0.4795
TURN_0657,ARR,NARROWBODY,2024-01-01_NK_3065,,G50,False,0.4346,4.679999828338623,2.03,17.0,45,47,62,45.0,47.0,40,87,85,87,2.0,45,70,32,102,TURN_0657,UNMATCHED_ARR,NK,NARROWBODY,40,flight_key_v1_ff2d156375bb0e76ff326d25042baca4,,3065.0,,MCO,ATL,45,90,45,49,101,52,62,107,4.679999828338623,0.0,0.4346
TURN_0069,TURN,NARROWBODY,2024-01-01_F9_4917,,G03,False,0.5925,3.3299999237060547,1.97,24.0,243,244,267,243.0,244.0,40,284,350,351,1.0,107,137,229,366,TURN_0069,PAIRED_TURN,F9,NARROWBODY,40,flight_key_v1_a2b5b1e25355ceeb037d6e7d9f32ea9c,flight_key_v1_36ca44a65db86a7fc429b7a45ec1b345,4917.0,4026.0,SJU,MCO,243,350,107,246,361,115,267,340,3.3299999237060547,2.69,0.5925
TURN_0746,DEP,NARROWBODY,2024-01-01_NK_403,,G53,False,0.1737,4.12,0.72,15.0,321,321,336,,,40,321,321,321,0.0,45,75,261,336,TURN_0746,UNMATCHED_DEP,NK,NARROWBODY,40,,flight_key_v1_fda60f243624933b0483bcabc312e72b,,403.0,ATL,FLL,276,321,45,280,328,48,291,336,0.0,4.12,0.1737
TURN_0747,DEP,NARROWBODY,2024-01-01_NK_3389,,G45,False,0.1703,3.65,0.62,6.0,335,335,341,,,40,335,335,335,0.0,45,75,275,350,TURN_0747,UNMATCHED_DEP,NK,NARROWBODY,40,,flight_key_v1_26dd8bc018117d5889c56946afc05ebd,,3389.0,ATL,LGA,290,335,45,293,341,48,296,341,0.0,3.65,0.1703
TURN_0748,DEP,NARROWBODY,2024-01-01_AA_1151,,G56,False,0.1634,3.31,0.54,-9.0,336,336,327,,,40,336,336,336,0.0,45,75,276,351,TURN_0748,UNMATCHED_DEP,AA,NARROWBODY,40,,flight_key_v1_8632b145ac8056167e2d35ebf5b2cf35,,1151.0,ATL,MIA,291,336,45,294,341,47,282,327,0.0,3.31,0.1634
TURN_0070,TURN,WIDEBODY,2024-01-01_DL_730,,G15,False,0.1751,0.7200000286102295,0.13,-17.0,300,300,283,300.0,300.0,75,375,480,480,0.0,180,210,285,495,TURN_0070,PAIRED_TURN,DL,WIDEBODY,75,flight_key_v1_e53740121b8da89ad765c6dbc80e4a53,flight_key_v1_c02921fdee36248be4810a149ed4e17f,730.0,2934.0,SAN,MIA,300,480,180,300,487,187,283,476,0.7200000286102295,4.64,0.1751
TURN_0749,DEP,NARROWBODY,2024-01-01_AA_2770,,G42,False,0.1634,2.97,0.49,-10.0,347,347,337,,,40,347,347,347,0.0,45,75,287,362,TURN_0749,UNMATCHED_DEP,AA,NARROWBODY,40,,flight_key_v1_9324dbd810f2f4b119ee2f3dc4fc6bc5,,2770.0,ATL,DFW,302,347,45,304,351,47,292,337,0.0,2.97,0.1634
TURN_0752,DEP,WIDEBODY,2024-01-01_NK_768,,G20,False,0.1703,3.12,0.53,-5.0,370,370,365,,,75,370,370,370,0.0,60,90,295,385,TURN_0752,UNMATCHED_DEP,NK,WIDEBODY,75,,flight_key_v1_4175c733e814bbe3cb9f5705ac43bb3d,,768.0,ATL,DTW,310,370,60,313,376,63,305,365,0.0,3.12,0.1703
TURN_0753,DEP,WIDEBODY,2024-01-01_WN_3089,,G65,False,0.1355,1.69,0.23,3.0,370,370,373,,,75,370,370,370,0.0,60,90,295,385,TURN_0753,UNMATCHED_DEP,WN,WIDEBODY,75,,flight_key_v1_898d55329c0fb679f3d9d70839921fee,,3089.0,ATL,DEN,310,370,60,311,373,62,313,373,0.0,1.69,0.1355
TURN_0071,TURN,NARROWBODY,2024-01-01_DL_2796,,G06,False,0.2383,1.8300000429153442,0.44,-16.0,311,311,295,311.0,311.0,40,351,360,360,0.0,49,79,296,375,TURN_0071,PAIRED_TURN,DL,NARROWBODY,40,flight_key_v1_fe58040ddf716ded0a685d9fe43945ec,flight_key_v1_62646dda0768e620dc14e9ed361cd1fa,2796.0,8783.0,LAS,LAX,311,360,49,312,367,55,295,356,1.8300000429153442,3.41,0.2383
TURN_0072,TURN,WIDEBODY,2024-01-01_DL_823,,G48,False,0.2315,1.5,0.35,-3.0,315,315,312,315.0,315.0,75,390,484,484,0.0,169,199,300,499,TURN_0072,PAIRED_TURN,DL,WIDEBODY,75,flight_key_v1_b0555a294e46b636352e7a816d3e6c19,flight_key_v1_37c6f205ec6953f604d001fd2af022ca,823.0,2069.0,SFO,BDL,315,484,169,316,489,173,312,472,1.5,2.67,0.2315
TURN_0750,DEP,NARROWBODY,2024-01-01_B6_467,,G37,False,0.1634,1.62,0.26,-7.0,360,360,353,,,40,360,360,360,0.0,45,75,300,375,TURN_0750,UNMATCHED_DEP,B6,NARROWBODY,40,,flight_key_v1_239ce8bb92b60c4d61c627bb7f283d7f,,467.0,ATL,FLL,315,360,45,316,363,47,308,353,0.0,1.62,0.1634
TURN_0751,DEP,NARROWBODY,2024-01-01_WN_1221,,G52,False,0.1321,1.51,0.2,-2.0,365,365,363,,,40,365,365,365,0.0,45,75,305,380,TURN_0751,UNMATCHED_DEP,WN,NARROWBODY,40,,flight_key_v1_a49be62e9ce18e82a2ff3b4db862fa48,,1221.0,ATL,HOU,320,365,45,321,368,47,318,363,0.0,1.51,0.1321
TURN_0073,TURN,NARROWBODY,2024-01-01_DL_414,,G31,False,0.1998,1.100000023841858,0.22,-25.0,329,329,304,329.0,329.0,40,369,425,425,0.0,96,126,314,440,TURN_0073,PAIRED_TURN,DL,NARROWBODY,40,flight_key_v1_df0fd8038c398b8aa4b186a86a122652,flight_key_v1_ef57997fb21c82508401bfa699cc7446,414.0,2668.0,PHX,MSP,329,425,96,330,431,101,304,424,1.100000023841858,3.25,0.1998
TURN_0754,DEP,NARROWBODY,2024-01-01_WN_3741,,G54,False,0.1321,1.35,0.18,-1.0,375,375,374,,,40,375,375,375,0.0,45,75,315,390,TURN_0754,UNMATCHED_DEP,WN,NARROWBODY,40,,flight_key_v1_f9ef85125a658c0538bcdbd1963d2198,,3741.0,ATL,LGA,330,375,45,331,378,47,329,374,0.0,1.35,0.1321
TURN_0755,DEP,NARROWBODY,2024-01-01_F9_1595,,G64,False,0.1737,2.64,0.46,44.0,375,375,419,,,40,375,375,375,0.0,45,75,315,390,TURN_0755,UNMATCHED_DEP,F9,NARROWBODY,40,,flight_key_v1_706bd7b37d5566112015439983bd4e57,,1595.0,ATL,ORD,330,375,45,332,380,48,374,419,0.0,2.64,0.1737
TURN_0759,DEP,WIDEBODY,2024-01-01_UA_222,,G27,False,0.1536,2.07,0.32,284.0,390,390,674,,,75,390,390,390,0.0,60,90,315,405,TURN_0759,UNMATCHED_DEP,UA,WIDEBODY,75,,flight_key_v1_3893cc3e105037762ce9ac12c386ef36,,222.0,ATL,EWR,330,390,60,332,394,62,614,674,0.0,2.07,0.1536
TURN_0760,DEP,WIDEBODY,2024-01-01_AA_2893,,G13,False,0.1634,2.48,0.41,-12.0,391,391,379,,,75,391,391,391,0.0,60,90,316,406,TURN_0760,UNMATCHED_DEP,AA,WIDEBODY,75,,flight_key_v1_88c1385a9c7c144fdd4aaf1533c7c487,,2893.0,ATL,ORD,331,391,60,333,395,62,319,379,0.0,2.48,0.1634
TURN_0756,DEP,NARROWBODY,2024-01-01_NK_1081,,G41,False,0.1737,4.41,0.77,-2.0,380,380,378,,,40,380,380,380,0.0,45,75,320,395,TURN_0756,UNMATCHED_DEP,NK,NARROWBODY,40,,flight_key_v1_4976d24fd913bb9a3e90fd2fd84abc77,,1081.0,ATL,MSP,335,380,45,339,387,48,333,378,0.0,4.41,0.1737
TURN_0757,DEP,NARROWBODY,2024-01-01_WN_2870,,G30,False,0.1321,1.84,0.24,3.0,380,380,383,,,40,380,380,380,0.0,45,75,320,395,TURN_0757,UNMATCHED_DEP,WN,NARROWBODY,40,,flight_key_v1_c8d8c103a6e374a55dd41154e777d5f1,,2870.0,ATL,PHX,335,380,45,336,383,47,338,383,0.0,1.84,0.1321
TURN_0761,DEP,WIDEBODY,2024-01-01_WN_249,,G19,False,0.1321,1.48,0.2,0.0,395,395,395,,,75,395,395,395,0.0,60,90,320,410,TURN_0761,UNMATCHED_DEP,WN,WIDEBODY,75,,flight_key_v1_6b66309d77f3d63a474d7973fd616fb3,,249.0,ATL,AUS,335,395,60,336,398,62,335,395,0.0,1.48,0.1321
TURN_0758,DEP,NARROWBODY,2024-01-01_WN_1951,,G50,False,0.1321,1.28,0.17,0.0,385,385,385,,,40,385,385,385,0.0,45,75,325,400,TURN_0758,UNMATCHED_DEP,WN,NARROWBODY,40,,flight_key_v1_b06f725c4870dfb29ea727620458ff8a,,1951.0,ATL,BNA,340,385,45,341,388,47,340,385,0.0,1.28,0.1321
TURN_0762,DEP,WIDEBODY,2024-01-01_UA_1888,,G08,False,0.1634,2.64,0.43,-9.0,400,400,391,,,75,400,400,400,0.0,60,90,325,415,TURN_0762,UNMATCHED_DEP,UA,WIDEBODY,75,,flight_key_v1_7c6801a29bcb073b7833259a31c0e9de,,1888.0,ATL,ORD,340,400,60,342,404,62,331,391,0.0,2.64,0.1634
TURN_0074,TURN,NARROWBODY,2024-01-01_NK_1828,,G35,False,0.4321,4.230000019073486,1.83,-13.0,343,344,330,343.0,344.0,40,384,402,403,1.0,59,89,329,418,TURN_0074,PAIRED_TURN,NK,NARROWBODY,40,flight_key_v1_97bab9963f0d39cc62f3b229b1d97f11,flight_key_v1_07b3bab7964c4c8cc5983b021f812748,1828.0,3066.0,LAX,MCO,343,402,59,347,411,64,330,398,4.230000019073486,3.85,0.4321
TURN_0075,TURN,NARROWBODY,2024-01-01_DL_738,,G34,False,0.2363,1.8300000429153442,0.43,-2.0,344,344,342,344.0,344.0,40,384,425,425,0.0,81,111,329,440,TURN_0075,PAIRED_TURN,DL,NARROWBODY,40,flight_key_v1_df7f38fc5a605d745e27c045e72a4f8d,flight_key_v1_e7600d404283e5010550996e271056fb,738.0,1303.0,SEA,MIA,344,425,81,345,432,87,342,423,1.8300000429153442,3.99,0.2363
TURN_0076,TURN,NARROWBODY,2024-01-01_F9_4754,,G57,False,0.4657,3.319999933242798,1.55,-53.0,350,351,297,350.0,351.0,40,391,405,406,1.0,55,85,336,421,TURN_0076,PAIRED_TURN,F9,NARROWBODY,40,flight_key_v1_f1bb81568c691f488accb5310f760583,flight_key_v1_09c4cf915a4aa18b62491e4dc047784a,4754.0,3604.0,SAN,CLE,350,405,55,353,414,61,297,421,3.319999933242798,2.59,0.4657
TURN_0077,TURN,NARROWBODY,2024-01-01_F9_1450,,G44,False,0.5502,3.390000104904175,1.87,194.0,354,355,548,354.0,355.0,40,395,504,505,1.0,150,180,340,520,TURN_0077,PAIRED_TURN,F9,NARROWBODY,40,flight_key_v1_2077b679633db3c8c5efe95a6058097f,flight_key_v1_587adedc82dbd87c6963e747037845b9,1450.0,3508.0,DEN,MCO,354,504,150,357,515,158,548,588,3.390000104904175,3.86,0.5502
TURN_0763,DEP,NARROWBODY,2024-01-01_WN_3103,,G26,False,0.1321,1.38,0.18,10.0,400,400,410,,,40,400,400,400,0.0,45,75,340,415,TURN_0763,UNMATCHED_DEP,WN,NARROWBODY,40,,flight_key_v1_f865b7c2e43af2738dd5eeb7ebe1d85e,,3103.0,ATL,DAL,355,400,45,356,403,47,365,410,0.0,1.38,0.1321
TURN_0764,DEP,NARROWBODY,2024-01-01_WN_596,,G21,False,0.1321,2.75,0.36,2.0,405,405,407,,,40,405,405,405,0.0,45,75,345,420,TURN_0764,UNMATCHED_DEP,WN,NARROWBODY,40,,flight_key_v1_238328242addda5e4d567d695ef3f0d3,,596.0,ATL,LAS,360,405,45,362,409,47,362,407,0.0,2.75,0.1321
TURN_0765,DEP,NARROWBODY,2024-01-01_NK_1589,,G22,False,0.1721,3.75,0.65,-1.0,405,405,404,,,40,405,405,405,0.0,45,75,345,420,TURN_0765,UNMATCHED_DEP,NK,NARROWBODY,40,,flight_key_v1_622dbd1a70914f1eb4e20363c8121cf6,,1589.0,ATL,EWR,360,405,45,363,411,48,359,404,0.0,3.75,0.1721
TURN_0769,DEP,WIDEBODY,2024-01-01_AA_1718,,G02,False,0.1582,0.92,0.15,-7.0,420,420,413,,,75,420,420,420,0.0,60,90,345,435,TURN_0769,UNMATCHED_DEP,AA,WIDEBODY,75,,flight_key_v1_46a482cbe81bf7bc744b39bd9b83c5b8,,1718.0,ATL,CLT,360,420,60,360,422,62,353,413,0.0,0.92,0.1582
TURN_0766,DEP,NARROWBODY,2024-01-01_WN_3652,,G17,False,0.1321,1.47,0.19,-4.0,410,410,406,,,40,410,410,410,0.0,45,75,350,425,TURN_0766,UNMATCHED_DEP,WN,NARROWBODY,40,,flight_key_v1_ae2c944c9ea937425f4211c6efd5bc69,,3652.0,ATL,TPA,365,410,45,366,413,47,361,406,0.0,1.47,0.1321
TURN_0771,DEP,WIDEBODY,2024-01-01_WN_1199,,G24,False,0.1468,1.76,0.26,-2.0,425,425,423,,,75,425,425,425,0.0,60,90,350,440,TURN_0771,UNMATCHED_DEP,WN,WIDEBODY,75,,flight_key_v1_2771f4cf62799d98a8420a75d5bdf063,,1199.0,ATL,MDW,365,425,60,366,428,62,363,423,0.0,1.76,0.1468
TURN_0078,TURN,NARROWBODY,2024-01-01_DL_899,,G11,False,0.2947,1.8300000429153442,0.54,-27.0,366,366,339,366.0,366.0,40,406,434,434,0.0,68,98,351,449,TURN_0078,PAIRED_TURN,DL,NARROWBODY,40,flight_key_v1_20d700d5cf733bfcf073227f20003d42,flight_key_v1_8991d2a378e3a574bef9c4e497837f38,899.0,712.0,LAX,LAX,366,434,68,367,442,75,339,432,1.8300000429153442,4.14,0.2947
TURN_0767,DEP,NARROWBODY,2024-01-01_WN_850,,G47,False,0.1396,1.72,0.24,-2.0,415,415,413,,,40,415,415,415,0.0,45,75,355,430,TURN_0767,UNMATCHED_DEP,WN,NARROWBODY,40,,flight_key_v1_c38c7cc33fccfc99ca9ede9f4447aafd,,850.0,ATL,MCO,370,415,45,371,418,47,368,413,0.0,1.72,0.1396
TURN_0768,DEP,NARROWBODY,2024-01-01_AS_377,,G25,False,0.151,0.0,0.0,44.0,420,420,464,,,40,420,420,420,0.0,45,75,360,435,TURN_0768,UNMATCHED_DEP,AS,NARROWBODY,40,,flight_key_v1_09d00a90251a15a06038d2723025acd9,,377.0,ATL,SEA,375,420,45,374,421,47,419,464,0.0,-0.61,0.151
TURN_0770,DEP,NARROWBODY,2024-01-01_WN_1065,,G29,False,0.1468,1.76,0.26,-1.0,420,420,419,,,40,420,420,420,0.0,45,75,360,435,TURN_0770,UNMATCHED_DEP,WN,NARROWBODY,40,,flight_key_v1_ca0b241a882cef6e744bfd1079a42e09,,1065.0,ATL,STL,375,420,45,376,423,47,374,419,0.0,1.76,0.1468
TURN_0079,TURN,NARROWBODY,2024-01-01_DL_303,,G58,False,0.1936,0.03999999910593033,0.01,-33.0,379,379,346,379.0,379.0,40,419,435,435,0.0,56,86,364,450,TURN_0079,PAIRED_TURN,DL,NARROWBODY,40,flight_key_v1_d63abe4ac4eae62f8c01f058cfea1790,flight_key_v1_69e680dd66917411ed4321ba4d374a96,303.0,335.0,SLC,LGA,379,435,56,379,440,61,346,434,0.03999999910593033,2.58,0.1936
TURN_0080,TURN,NARROWBODY,2024-01-01_NK_1362,,G16,False,0.4406,4.409999847412109,1.94,20.0,385,386,405,385.0,386.0,40,426,425,426,1.0,40,70,371,441,TURN_0080,PAIRED_TURN,NK,NARROWBODY,40,flight_key_v1_a851eab2de8be861f0c295f2dbe08709,flight_key_v1_13497e1ed58e8e75534cd2d7d0cf9a75,1362.0,1829.0,LAS,LAX,385,425,40,389,437,48,405,422,4.409999847412109,5.92,0.4406
TURN_0772,DEP,NARROWBODY,2024-01-01_WN_454,,G39,False,0.1468,1.76,0.26,9.0,430,430,439,,,40,430,430,430,0.0,45,75,370,445,TURN_0772,UNMATCHED_DEP,WN,NARROWBODY,40,,flight_key_v1_2851729618c47d602883c6dac8d8d152,,454.0,ATL,BWI,385,430,45,386,433,47,394,439,0.0,1.76,0.1468
TURN_0081,TURN,NARROWBODY,2024-01-01_DL_836,,G10,False,0.3093,1.8300000429153442,0.57,-30.0,389,389,359,389.0,389.0,40,429,440,440,0.0,51,81,374,455,TURN_0081,PAIRED_TURN,DL,NARROWBODY,40,flight_key_v1_ce78b05a4885559a90cc14c55025802d,flight_key_v1_4f220aa1c28bc581c907c4bc1072e194,836.0,2039.0,HNL,FLL,389,440,51,390,448,58,359,439,1.8300000429153442,3.1,0.3093
TURN_0082,TURN,NARROWBODY,2024-01-01_DL_722,,G07,False,0.2664,1.940000057220459,0.52,-27.0,390,390,363,390.0,390.0,40,430,459,459,0.0,69,99,375,474,TURN_0082,PAIRED_TURN,DL,NARROWBODY,40,flight_key_v1_8ab6fb5fa3eda0e27bee0b7a5a6434ca,flight_key_v1_c14b4eb2efe69af8c8692dbb6034a8de,722.0,409.0,LAS,JFK,390,459,69,391,465,74,363,474,1.940000057220459,2.58,0.2664
TURN_0658,ARR,WIDEBODY,2024-01-01_F9_4892,,G46,False,0.5242,2.559999942779541,1.34,-8.0,390,391,382,390.0,391.0,75,466,465,466,1.0,60,105,376,481,TURN_0658,UNMATCHED_ARR,F9,WIDEBODY,75,flight_key_v1_607c799bf72b0dd4ce140f6b44c6d7a6,,4892.0,,PHX,ATL,390,450,60,392,460,68,382,442,2.559999942779541,0.0,0.5242
TURN_0773,DEP,NARROWBODY,2024-01-01_B6_2713,,G01,False,0.1625,1.48,0.24,-8.0,440,440,432,,,40,440,440,440,0.0,45,75,380,455,TURN_0773,UNMATCHED_DEP,B6,NARROWBODY,40,,flight_key_v1_9068b23d849f842ee80bf1cdc0dc7326,,2713.0,ATL,LGA,395,440,45,396,443,47,387,432,0.0,1.48,0.1625
TURN_0774,DEP,NARROWBODY,2024-01-01_AA_1567,,G56,False,0.1721,3.23,0.56,-10.0,441,441,431,,,40,441,441,441,0.0,45,75,381,456,TURN_0774,UNMATCHED_DEP,AA,NARROWBODY,40,,flight_key_v1_0e1f57fca7994f2e3aa5865792ef44bf,,1567.0,ATL,DFW,396,441,45,399,447,48,386,431,0.0,3.23,0.1721
TURN_0775,DEP,NARROWBODY,2024-01-01_WN_983,,G51,False,0.1468,1.93,0.28,-5.0,445,445,440,,,40,445,445,445,0.0,45,75,385,460,TURN_0775,UNMATCHED_DEP,WN,NARROWBODY,40,,flight_key_v1_90d8d52a0b52e8822feaaaf485210f77,,983.0,ATL,HOU,400,445,45,401,448,47,395,440,0.0,1.93,0.1468
TURN_0083,TURN,NARROWBODY,2024-01-01_F9_1116,,G32,False,0.6056,4.409999847412109,2.67,19.0,401,403,420,401.0,403.0,40,443,550,552,2.0,149,179,388,567,TURN_0083,PAIRED_TURN,F9,NARROWBODY,40,flight_key_v1_0c26dbc5af3e3030485b4be3b8210fe2,flight_key_v1_ec40feaa64ad9d45086d7b56b2d8539f,1116.0,2634.0,LAS,BWI,401,550,149,405,563,158,420,547,4.409999847412109,4.06,0.6056
TURN_0776,DEP,NARROWBODY,2024-01-01_YX_4291,,G53,False,0.1625,2.38,0.39,-4.0,450,450,446,,,40,450,450,450,0.0,45,75,390,465,TURN_0776,UNMATCHED_DEP,YX,NARROWBODY,40,,flight_key_v1_b772661b4ee550610bdf6e441f214dc9,,4291.0,ATL,PHL,405,450,45,407,454,47,401,446,0.0,2.38,0.1625
TURN_0777,DEP,NARROWBODY,2024-01-01_YX_4376,,G63,False,0.1625,1.86,0.3,-8.0,451,451,443,,,40,451,451,451,0.0,45,75,391,466,TURN_0777,UNMATCHED_DEP,YX,NARROWBODY,40,,flight_key_v1_e9628553963e5d702f8e6031ed9c8df5,,4376.0,ATL,DCA,406,451,45,407,454,47,398,443,0.0,1.86,0.1625
TURN_0780,DEP,WIDEBODY,2024-01-01_NK_1306,,G09,False,0.194,4.72,0.92,-8.0,470,470,462,,,75,470,470,470,0.0,60,90,395,485,TURN_0780,UNMATCHED_DEP,NK,WIDEBODY,75,,flight_key_v1_4f8cba20b541c507d497a4c9187f5777,,1306.0,ATL,ORD,410,470,60,414,477,63,402,462,0.0,4.72,0.194
TURN_0778,DEP,NARROWBODY,2024-01-01_DL_965,,G18,False,0.1624,3.18,0.52,1.0,460,460,461,,,40,460,460,460,0.0,45,75,400,475,TURN_0778,UNMATCHED_DEP,DL,NARROWBODY,40,,flight_key_v1_2d8fa821d99e02ab3cbd37150f191a0b,,965.0,ATL,SEA,415,460,45,418,465,47,416,461,0.0,3.18,0.1624
TURN_0779,DEP,NARROWBODY,2024-01-01_AA_1777,,G42,False,0.1625,1.94,0.32,-6.0,462,462,456,,,40,462,462,462,0.0,45,75,402,477,TURN_0779,UNMATCHED_DEP,AA,NARROWBODY,40,,flight_key_v1_c2a795d55d110cac74c30d1ff2974c90,,1777.0,ATL,PHX,417,462,45,418,465,47,411,456,0.0,1.94,0.1625
TURN_0084,TURN,NARROWBODY,2024-01-01_DL_2409,,G38,False,0.1692,0.0,0.0,-16.0,423,423,407,423.0,423.0,40,463,480,480,0.0,57,87,408,495,TURN_0084,PAIRED_TURN,DL,NARROWBODY,40,flight_key_v1_fd36425bf5694a4ef4920145a71b0e03,flight_key_v1_ddb2eee170f749e6e28eace8a980ea18,2409.0,830.0,GSP,SLC,423,480,57,422,485,63,407,476,-0.8100000023841858,2.66,0.1692
TURN_0085,TURN,NARROWBODY,2024-01-01_DL_1609,,G04,False,0.1692,0.0,0.0,-6.0,427,427,421,427.0,427.0,40,467,480,480,0.0,53,83,412,495,TURN_0085,PAIRED_TURN,DL,NARROWBODY,40,flight_key_v1_8e001568337d9660fa1405a8148d6e76,flight_key_v1_9ada892de43e16be2463b3b230ebce6c,1609.0,346.0,TLH,DEN,427,480,53,426,486,60,421,487,-0.47999998927116394,3.3,0.1692
TURN_0086,TURN,WIDEBODY,2024-01-01_DL_2712,,G62,False,0.2093,0.0,0.0,-14.0,428,428,414,428.0,428.0,75,503,540,540,0.0,112,142,413,555,TURN_0086,PAIRED_TURN,DL,WIDEBODY,75,flight_key_v1_05c1e71d63e832984a7c999cfbed202b,flight_key_v1_ee30765c6d985391eb35ab801014a3ea,2712.0,2174.0,AVL,DAB,428,540,112,427,546,119,414,537,-0.9399999976158142,3.16,0.2093
TURN_0783,DEP,WIDEBODY,2024-01-01_DL_2207,,G49,False,0.1636,2.68,0.44,-3.0,490,490,487,,,75,490,490,490,0.0,60,90,415,505,TURN_0783,UNMATCHED_DEP,DL,WIDEBODY,75,,flight_key_v1_04e177151a77df35c23bf6f38ba3b391,,2207.0,ATL,IAH,430,490,60,432,494,62,427,487,0.0,2.68,0.1636
TURN_0784,DEP,WIDEBODY,2024-01-01_DL_1311,,G20,False,0.1751,3.67,0.64,1.0,490,490,491,,,75,490,490,490,0.0,60,90,415,505,TURN_0784,UNMATCHED_DEP,DL,WIDEBODY,75,,flight_key_v1_1144f569e6ebd81040a0e4477b44caf1,,1311.0,ATL,PBI,430,490,60,433,496,63,431,491,0.0,3.67,0.1751
TURN_0087,TURN,NARROWBODY,2024-01-01_DL_1579,,G45,False,0.1636,0.0,0.0,-12.0,432,432,420,432.0,432.0,40,472,490,490,0.0,58,88,417,505,TURN_0087,PAIRED_TURN,DL,NARROWBODY,40,flight_key_v1_1c14a0d9851ebb5cb21d85acbecbd067,flight_key_v1_a7bde8dd8f4a36dfc847e719d2582ecf,1579.0,2766.0,CHA,HOU,432,490,58,431,494,63,420,485,-0.47999998927116394,2.85,0.1636
TURN_0088,TURN,NARROWBODY,2024-01-01_9E_5053,,G27,False,0.1608,0.0,0.0,0.0,435,435,435,435.0,435.0,40,475,500,500,0.0,65,95,420,515,TURN_0088,PAIRED_TURN,9E,NARROWBODY,40,flight_key_v1_37364af5a8620740e6d2c7acc86a9d0c,flight_key_v1_5280282b658d3c8d61327ce4402f8ce0,5053.0,5221.0,TRI,HSV,435,500,65,433,504,71,435,495,-1.0199999809265137,2.23,0.1608
TURN_0781,DEP,NARROWBODY,2024-01-01_AA_1049,,G28,False,0.1768,4.38,0.77,-6.0,480,480,474,,,40,480,480,480,0.0,45,75,420,495,TURN_0781,UNMATCHED_DEP,AA,NARROWBODY,40,,flight_key_v1_43882bc00ff4e088a90b30e8c2de3577,,1049.0,ATL,MIA,435,480,45,439,487,48,429,474,0.0,4.38,0.1768
TURN_0782,DEP,NARROWBODY,2024-01-01_WN_1078,,G36,False,0.17,3.2,0.54,1.0,480,480,481,,,40,480,480,480,0.0,45,75,420,495,TURN_0782,UNMATCHED_DEP,WN,NARROWBODY,40,,flight_key_v1_ba16904827858e726e24db50b4f2f886,,1078.0,ATL,FLL,435,480,45,438,486,48,436,481,0.0,3.2,0.17
TURN_0785,DEP,WIDEBODY,2024-01-01_DL_1213,,G37,False,0.1695,3.41,0.58,37.0,495,495,532,,,75,495,495,495,0.0,60,90,420,510,TURN_0785,UNMATCHED_DEP,DL,WIDEBODY,75,,flight_key_v1_1343ba78009db42839099b78423763ed,,1213.0,ATL,MCO,435,495,60,438,501,63,472,532,0.0,3.41,0.1695
TURN_0089,TURN,NARROWBODY,2024-01-01_DL_2041,,G14,False,0.1729,0.0,0.0,-14.0,440,440,426,440.0,440.0,40,480,490,490,0.0,50,80,425,505,TURN_0089,PAIRED_TURN,DL,NARROWBODY,40,flight_key_v1_406bed449167ea2719cb01eeb1a6ab89,flight_key_v1_acd0812a7007a639d28e1182a476a844,2041.0,1089.0,SAV,RSW,440,490,50,438,496,58,426,488,-1.0199999809265137,3.03,0.1729
TURN_0090,TURN,NARROWBODY,2024-01-01_DL_2254,,G19,False,0.1787,0.0,0.0,-17.0,440,440,423,440.0,440.0,40,480,490,490,0.0,50,80,425,505,TURN_0090,PAIRED_TURN,DL,NARROWBODY,40,flight_key_v1_f83fb9bf78f0ededa41e376f60020e2c,flight_key_v1_adf4d6b8a25715176f10ca46f96c5f9d,2254.0,573.0,GNV,SJU,440,490,50,439,497,58,423,489,-0.47999998927116394,4.85,0.1787
TURN_0091,TURN,WIDEBODY,2024-01-01_DL_2172,,G43,False,0.1937,0.0,0.0,-24.0,442,442,418,442.0,442.0,75,517,540,540,0.0,98,128,427,555,TURN_0091,PAIRED_TURN,DL,WIDEBODY,75,flight_key_v1_07014cff99ff8684b7c20a485d0335d4,flight_key_v1_9ae9662f4804b7e0b06c9805ca381ecb,2172.0,1304.0,CLT,MSP,442,540,98,441,547,106,418,537,-0.47999998927116394,4.02,0.1937
TURN_0092,TURN,NARROWBODY,2024-01-01_OO_4115,,G55,False,0.3236,2.1700000762939453,0.7,-13.0,444,444,431,444.0,444.0,40,484,510,510,0.0,66,96,429,525,TURN_0092,PAIRED_TURN,OO,NARROWBODY,40,flight_key_v1_7969cd77e0d2a40194de8a8121e8629e,flight_key_v1_606f902701e5d9c2e2f05dc738880699,4115.0,3711.0,CSG,AGS,444,510,66,446,518,72,431,503,2.1700000762939453,3.04,0.3236
TURN_0093,TURN,NARROWBODY,2024-01-01_DL_2967,,G23,False,0.1697,0.0,0.0,-21.0,446,446,425,446.0,446.0,40,486,495,495,0.0,49,79,431,510,TURN_0093,PAIRED_TURN,DL,NARROWBODY,40,flight_key_v1_06df3787fb4d11ccec275d0750171fd0,flight_key_v1_92b54000e81b275d7dae4628f2a8421c,2967.0,849.0,MYR,BOS,446,495,49,444,500,56,425,495,-1.159999966621399,2.32,0.1697
TURN_0094,TURN,NARROWBODY,2024-01-01_9E_5255,,G12,False,0.2382,0.0,0.0,-19.0,447,447,428,447.0,447.0,40,487,505,505,0.0,58,88,432,520,TURN_0094,PAIRED_TURN,9E,NARROWBODY,40,flight_key_v1_8716352a1910c766e35a3d7f282dbcec,flight_key_v1_641103979a868b5bb606748ae65b7304,5255.0,5035.0,VLD,JAN,447,505,58,446,511,65,428,501,-0.12999999523162842,2.23,0.2382
TURN_0095,TURN,NARROWBODY,2024-01-01_DL_1675,,G33,False,0.1636,0.0,0.0,-9.0,447,447,438,447.0,447.0,40,487,495,495,0.0,48,78,432,510,TURN_0095,PAIRED_TURN,DL,NARROWBODY,40,flight_key_v1_f3bdc1330c821a51f9fb145148db41ef,flight_key_v1_ed229d112b66ebfe98c7c56732ea74de,1675.0,2403.0,GSO,AUS,447,495,48,445,499,54,438,493,-1.059999942779541,2.71,0.1636
TURN_0096,TURN,NARROWBODY,2024-01-01_DL_2299,,G05,False,0.1695,0.0,0.0,-16.0,449,449,433,449.0,449.0,40,489,500,500,0.0,51,81,434,515,TURN_0096,PAIRED_TURN,DL,NARROWBODY,40,flight_key_v1_ba025b102d50cd34584a8e1333179c23,flight_key_v1_4682f58d9a8c4aeadf9da8e0fb2ebef1,2299.0,1709.0,DAB,FLL,449,500,51,448,506,58,433,494,-0.47999998927116394,3.54,0.1695
TURN_0097,TURN,NARROWBODY,2024-01-01_AS_376,,G64,False,0.3251,1.4299999475479126,0.46,-7.0,452,452,445,452.0,452.0,40,492,540,540,0.0,88,118,437,555,TURN_0097,PAIRED_TURN,AS,NARROWBODY,40,flight_key_v1_0f1f7403fa0b8c6f06654ff0e3d5bd74,flight_key_v1_6463afb4defe84641b91c0824e8e00bf,376.0,497.0,SEA,SEA,452,540,88,453,545,92,445,541,1.4299999475479126,0.41,0.3251
TURN_0098,TURN,NARROWBODY,2024-01-01_F9_1448,,G40,False,0.4346,3.7699999809265137,1.64,14.0,452,453,466,452.0,453.0,40,493,561,562,1.0,109,139,438,577,TURN_0098,PAIRED_TURN,F9,NARROWBODY,40,flight_key_v1_c49ab6551e70fc51a8633f48d8cb1136,flight_key_v1_24cc872484b996806957ac9dbb857305,1448.0,1102.0,SFO,PHL,452,561,109,455,572,117,466,555,3.7699999809265137,4.06,0.4346
TURN_0099,TURN,NARROWBODY,2024-01-01_DL_2407,,G41,False,0.1751,0.0,0.0,-1.0,453,453,452,453.0,453.0,40,493,500,500,0.0,47,77,438,515,TURN_0099,PAIRED_TURN,DL,NARROWBODY,40,flight_key_v1_b4ce421db4774fc6be30af4c6f51aeef,flight_key_v1_9a177db57fc39b5639379f59a83a569a,2407.0,373.0,CAE,DFW,453,500,47,452,507,55,452,497,-0.7799999713897705,4.39,0.1751
TURN_0100,TURN,NARROWBODY,2024-01-01_DL_1289,,G08,False,0.1636,0.0,0.0,-17.0,454,454,437,454.0,454.0,40,494,500,500,0.0,46,76,439,515,TURN_0100,PAIRED_TURN,DL,NARROWBODY,40,flight_key_v1_b75c60d9b1287e07aa27d2e1ccc0957f,flight_key_v1_95dc20a470aade2e2719c9915439e857,1289.0,1676.0,RSW,SAT,454,500,46,453,504,51,437,497,-0.8299999833106995,2.88,0.1636
TURN_0101,TURN,NARROWBODY,2024-01-01_DL_2362,,G65,False,0.1966,0.0,0.0,-6.0,455,455,449,455.0,455.0,40,495,500,500,0.0,45,75,440,515,TURN_0101,PAIRED_TURN,DL,NARROWBODY,40,flight_key_v1_6da11d69cea217002a10c3136c5572ba,flight_key_v1_89c62890f1ff1499b0db3cabc2b1e0ed,2362.0,1134.0,TPA,SRQ,455,500,45,454,507,53,449,512,-0.8299999833106995,4.12,0.1966
TURN_0102,TURN,NARROWBODY,2024-01-01_DL_1077,,G52,False,0.1954,0.0,0.0,-8.0,455,455,447,455.0,455.0,40,495,505,505,0.0,50,80,440,520,TURN_0102,PAIRED_TURN,DL,NARROWBODY,40,flight_key_v1_331d8a7d07e9b2f9a4b5a2cb7a7cbf55,flight_key_v1_b68f8fc82c97888f08581c4c1e39f521,1077.0,884.0,FAY,SFO,455,505,50,454,515,61,447,503,-0.12999999523162842,7.93,0.1954
TURN_0103,TURN,NARROWBODY,2024-01-01_DL_2574,,G03,False,0.2143,0.0,0.0,-17.0,455,455,438,455.0,455.0,40,495,509,509,0.0,54,84,440,524,TURN_0103,PAIRED_TURN,DL,NARROWBODY,40,flight_key_v1_4c35e81045d77eac05f77e51a8f9a001,flight_key_v1_742e6a8c886f27d7302c0f38a6ada121,2574.0,1227.0,SDF,TPA,455,509,54,454,514,60,438,507,-0.7799999713897705,2.9,0.2143
TURN_0104,TURN,NARROWBODY,2024-01-01_DL_1607,,G22,False,0.1636,0.0,0.0,-5.0,455,455,450,455.0,455.0,40,495,510,510,0.0,55,85,440,525,TURN_0104,PAIRED_TURN,DL,NARROWBODY,40,flight_key_v1_c9d4c872175e0345476cb697e09ce28d,flight_key_v1_9bc5ebcf5fcc613583c8964402a38b84,1607.0,777.0,RDU,LAS,455,510,55,454,516,62,450,508,-0.6100000143051147,4.16,0.1636
TURN_0105,TURN,NARROWBODY,2024-01-01_DL_2621,,G29,False,0.1636,0.0,0.0,-16.0,455,455,439,455.0,455.0,40,495,510,510,0.0,55,85,440,525,TURN_0105,PAIRED_TURN,DL,NARROWBODY,40,flight_key_v1_a55e4daab56e9ab063aef0acdeae38b5,flight_key_v1_43e27f0341611f0476e291c9540851b6,2621.0,733.0,ILM,PHX,455,510,55,454,515,61,439,508,-0.7200000286102295,3.05,0.1636
TURN_0106,TURN,NARROWBODY,2024-01-01_OO_3816,,G30,False,0.4109,2.9600000381469727,1.22,-14.0,455,456,441,455.0,456.0,40,496,580,581,1.0,125,155,441,596,TURN_0106,PAIRED_TURN,OO,NARROWBODY,40,flight_key_v1_c26c40eac943fc0b151ec91f61903070,flight_key_v1_dfd482bbec04977b4ae67ee02fd0517e,3816.0,3841.0,AGS,EVV,455,580,125,457,589,132,441,578,2.9600000381469727,3.55,0.4109
TURN_0787,DEP,WIDEBODY,2024-01-01_WN_259,,G59,False,0.1697,1.91,0.32,8.0,515,515,523,,,75,515,515,515,0.0,60,90,440,530,TURN_0787,UNMATCHED_DEP,WN,WIDEBODY,75,,flight_key_v1_867da9ff38b43af9d49b5b2c4951d142,,259.0,ATL,DCA,455,515,60,456,519,63,463,523,0.0,1.91,0.1697
TURN_0043,TURN,NARROWBODY,2024-01-01_WN_2977,,G50,False,0.1641,0.0,0.0,-12.0,460,460,448,460.0,460.0,40,500,520,520,0.0,60,90,445,535,TURN_0043,PAIRED_TURN,WN,NARROWBODY,40,flight_key_v1_198509dd324167900bb70343064e1e5d,flight_key_v1_13dd50451f41e714e4d99d894e386c40,2977.0,2977.0,RSW,JAN,460,520,60,459,524,65,448,516,-0.5899999737739563,2.31,0.1641
TURN_0107,TURN,NARROWBODY,2024-01-01_DL_2931,,G61,False,0.1756,0.0,0.0,-15.0,460,460,445,460.0,460.0,40,500,523,523,0.0,63,93,445,538,TURN_0107,PAIRED_TURN,DL,NARROWBODY,40,flight_key_v1_638cab53aa8a3da262422481f4ba92bb,flight_key_v1_bd6b54951a11700f7a489b3628c832c6,2931.0,474.0,MLB,ORD,460,523,63,458,529,71,445,523,-1.2899999618530273,3.75,0.1756
TURN_0108,TURN,WIDEBODY,2024-01-01_DL_1036,,G47,False,0.182,0.0,0.0,6.0,461,461,467,461.0,461.0,75,536,555,555,0.0,94,124,446,570,TURN_0108,PAIRED_TURN,DL,WIDEBODY,75,flight_key_v1_3ecbc1e210d81d134324f9cf35e9388a,flight_key_v1_574316f08392f76e28dec427dae92cf3,1036.0,1063.0,MCO,MDW,461,555,94,460,561,101,467,552,-0.47999998927116394,3.16,0.182
TURN_0109,TURN,NARROWBODY,2024-01-01_DL_2441,,G06,False,0.2167,0.0,0.0,-13.0,462,462,449,462.0,462.0,40,502,525,525,0.0,63,93,447,540,TURN_0109,PAIRED_TURN,DL,NARROWBODY,40,flight_key_v1_163ae8915e478c03579d0a134d0fe34c,flight_key_v1_2606658f947a00de03a246009c2d9881,2441.0,898.0,CVG,LAX,462,525,63,461,532,71,449,534,-0.47999998927116394,4.6,0.2167
TURN_0110,TURN,NARROWBODY,2024-01-01_9E_5239,,G13,False,0.2464,0.0,0.0,-28.0,462,462,434,462.0,462.0,40,502,540,540,0.0,78,108,447,555,TURN_0110,PAIRED_TURN,9E,NARROWBODY,40,flight_key_v1_7c52dada7dab2db11075643c517c2e79,flight_key_v1_c31613498c0091ba635446cd4bf7ce3e,5239.0,4935.0,LEX,ILM,462,540,78,461,547,86,434,551,-0.47999998927116394,3.01,0.2464
TURN_0111,TURN,WIDEBODY,2024-01-01_DL_2469,,G54,False,0.1912,0.0,0.0,10.0,462,462,472,462.0,462.0,75,537,560,560,0.0,98,128,447,575,TURN_0111,PAIRED_TURN,DL,WIDEBODY,75,flight_key_v1_899f7d89002bb7fb1bfa911c2f4da0a8,flight_key_v1_8d8640865b589e01301d84257d6cd22d,2469.0,2315.0,CMH,ECP,462,560,98,460,566,106,472,557,-1.0399999618530273,3.21,0.1912
TURN_0112,TURN,NARROWBODY,2024-01-01_DL_1352,,G35,False,0.2677,0.0,0.0,-30.0,462,462,432,462.0,462.0,40,502,525,525,0.0,63,93,447,540,TURN_0112,PAIRED_TURN,DL,NARROWBODY,40,flight_key_v1_97113d0b2a89c1ee910b304bf63fbee6,flight_key_v1_502465b4984c5fe731306b8dada3a5a7,1352.0,2703.0,ROA,MSY,462,525,63,461,531,70,432,524,-0.12999999523162842,2.44,0.2677
TURN_0035,TURN,NARROWBODY,2024-01-01_WN_245,,G26,False,0.1697,0.0,0.0,-11.0,465,465,454,465.0,465.0,75,540,520,520,0.0,55,85,450,535,TURN_0035,PAIRED_TURN,WN,NARROWBODY,75,flight_key_v1_626bae707de90cd0b2955a2ecc9baadc,flight_key_v1_6c9b596fc6df68d5a2b7710f2cf5b815,245.0,245.0,FLL,MCI,465,520,55,464,542,78,454,519,-0.3799999952316284,2.11,0.1697
TURN_0113,TURN,NARROWBODY,2024-01-01_NK_3100,,G39,False,0.2327,2.0999999046325684,0.49,-14.0,465,465,451,465.0,465.0,40,505,521,521,0.0,56,86,450,536,TURN_0113,PAIRED_TURN,NK,NARROWBODY,40,flight_key_v1_072b3d8eec28bae9119e9e298c9eb838,flight_key_v1_46931a9aa739ac0d21d93a644f6cb06e,3100.0,1209.0,MIA,MCO,465,521,56,467,529,62,451,513,2.0999999046325684,5.2,0.2327
TURN_0114,TURN,NARROWBODY,2024-01-01_WN_3705,,G60,False,0.1641,0.0,0.0,-14.0,465,465,451,465.0,465.0,40,505,515,515,0.0,50,80,450,530,TURN_0114,PAIRED_TURN,WN,NARROWBODY,40,flight_key_v1_d60497a9bdaa540a44baa1cfd10fb7f5,flight_key_v1_fb9c6c8ab6171c9bdbe7ffcd83fcdf88,3705.0,1021.0,RDU,BWI,465,515,50,464,519,55,451,514,-0.3700000047683716,2.31,0.1641
TURN_0789,DEP,WIDEBODY,2024-01-01_WN_3303,,G11,False,0.17,3.15,0.54,-4.0,525,525,521,,,75,525,525,525,0.0,60,90,450,540,TURN_0789,UNMATCHED_DEP,WN,WIDEBODY,75,,flight_key_v1_6bde4dd3656233fd81751e4d8c465bc3,,3303.0,ATL,MCO,465,525,60,468,531,63,461,521,0.0,3.15,0.17
TURN_0115,TURN,NARROWBODY,2024-01-01_DL_2637,,G24,False,0.1692,0.0,0.0,-22.0,466,466,444,466.0,466.0,40,506,535,535,0.0,69,99,451,550,TURN_0115,PAIRED_TURN,DL,NARROWBODY,40,flight_key_v1_47287de274dd68f226505178e6c476b9,flight_key_v1_0547b9de04908f023f45574bc060cf72,2637.0,2632.0,BNA,OMA,466,535,69,465,540,75,444,532,-0.47999998927116394,2.65,0.1692
