model_id,scenario_id,solver_name,seed,prediction_version,scenario_version,solver_version,objective_version,status,failure_reason,hard_feasible,objective_value,decision_cost,reporting_cost,reassignment_count,contact_count,remote_count,unassigned_count,conflict_count,conflict_duration_min,runtime_ms,solver_status,gap,planned_conflict_count,realized_conflict_count,hard_constraint_violations,best_bound,created_at_utc
schedule_only,SCEN_2023_LOW,DeterministicGreedy,202601,v1,1e81048c,v1,v1,COMPLETED,,True,4200.0,4200.0,0.0,20,10,20,0,0,0.0,0.38,FEASIBLE,,0,0,0,,2026-10-02T10:49:16.799530+00:00
schedule_only,SCEN_2023_LOW,CPSat,202601,v1,1e81048c,v1,v1,COMPLETED,,True,4200.0,4200.0,0.0,20,10,20,0,0,0.0,98.84,OPTIMAL,0.0,0,0,0,4200.0,2026-10-02T10:49:16.900932+00:00
schedule_only,SCEN_2023_LOW,SimulatedAnnealing,202601,v1,1e81048c,v1,v1,COMPLETED,,True,4200.0,4200.0,0.0,20,10,20,0,0,0.0,256.54,OPTIMAL,0.0,0,0,0,4200.0,2026-10-02T10:49:17.159855+00:00
arrival_linear_baseline_v1,SCEN_2023_LOW,DeterministicGreedy,202601,v1,1e81048c,v1,v1,COMPLETED,,True,4210.0,4210.0,0.0,21,10,20,0,0,0.0,0.38,FEASIBLE,,0,0,0,,2026-10-02T10:49:17.163238+00:00
arrival_linear_baseline_v1,SCEN_2023_LOW,CPSat,202601,v1,1e81048c,v1,v1,COMPLETED,,True,4200.0,4200.0,0.0,20,10,20,0,0,0.0,91.01,OPTIMAL,0.0,0,0,0,4201.05,2026-10-02T10:49:17.256616+00:00
arrival_linear_baseline_v1,SCEN_2023_LOW,SimulatedAnnealing,202601,v1,1e81048c,v1,v1,COMPLETED,,True,4200.0,4200.0,0.0,20,10,20,0,0,0.0,258.38,OPTIMAL,0.0,0,0,0,4201.05,2026-10-02T10:49:17.518587+00:00
arrival_xgboost_baseline_v1,SCEN_2023_LOW,DeterministicGreedy,202601,v1,1e81048c,v1,v1,COMPLETED,,True,4200.0,4200.0,0.0,20,10,20,0,0,0.0,0.34,FEASIBLE,,0,0,0,,2026-10-02T10:49:17.521614+00:00
arrival_xgboost_baseline_v1,SCEN_2023_LOW,CPSat,202601,v1,1e81048c,v1,v1,COMPLETED,,True,4200.0,4200.0,0.0,20,10,20,0,0,0.0,91.25,OPTIMAL,0.0,0,0,0,4205.7,2026-10-02T10:49:17.615684+00:00
arrival_xgboost_baseline_v1,SCEN_2023_LOW,SimulatedAnnealing,202601,v1,1e81048c,v1,v1,COMPLETED,,True,4200.0,4200.0,0.0,20,10,20,0,0,0.0,257.8,OPTIMAL,0.0,0,0,0,4205.7,2026-10-02T10:49:17.877004+00:00
arrival_weighted_ensemble_v1,SCEN_2023_LOW,DeterministicGreedy,202601,v1,1e81048c,v1,v1,COMPLETED,,True,4200.0,4200.0,0.0,20,10,20,0,0,0.0,0.36,FEASIBLE,,0,0,0,,2026-10-02T10:49:17.879771+00:00
arrival_weighted_ensemble_v1,SCEN_2023_LOW,CPSat,202601,v1,1e81048c,v1,v1,COMPLETED,,True,4200.0,4200.0,0.0,20,10,20,0,0,0.0,91.33,OPTIMAL,0.0,0,0,0,4201.05,2026-10-02T10:49:17.973814+00:00
arrival_weighted_ensemble_v1,SCEN_2023_LOW,SimulatedAnnealing,202601,v1,1e81048c,v1,v1,COMPLETED,,True,4200.0,4200.0,0.0,20,10,20,0,0,0.0,257.89,OPTIMAL,0.0,0,0,0,4201.05,2026-10-02T10:49:18.235551+00:00
P5_quantile_regression,SCEN_2023_LOW,DeterministicGreedy,202601,v1,1e81048c,v1,v1,COMPLETED,,True,4200.0,4200.0,0.0,20,10,20,0,0,0.0,0.36,FEASIBLE,,0,0,0,,2026-10-02T10:49:18.238551+00:00
P5_quantile_regression,SCEN_2023_LOW,CPSat,202601,v1,1e81048c,v1,v1,COMPLETED,,True,4200.0,4200.0,0.0,20,10,20,0,0,0.0,94.34,OPTIMAL,0.0,0,0,0,4200.0,2026-10-02T10:49:18.335412+00:00
P5_quantile_regression,SCEN_2023_LOW,SimulatedAnnealing,202601,v1,1e81048c,v1,v1,COMPLETED,,True,4200.0,4200.0,0.0,20,10,20,0,0,0.0,263.47,OPTIMAL,0.0,0,0,0,4200.0,2026-10-02T10:49:18.602844+00:00
P4_ngboost_student_t,SCEN_2023_LOW,DeterministicGreedy,202601,v1,1e81048c,v1,v1,COMPLETED,,True,4200.0,4200.0,0.0,20,10,20,0,0,0.0,0.35,FEASIBLE,,0,0,0,,2026-10-02T10:49:18.605512+00:00
P4_ngboost_student_t,SCEN_2023_LOW,CPSat,202601,v1,1e81048c,v1,v1,COMPLETED,,True,4200.0,4200.0,0.0,20,10,20,0,0,0.0,93.76,OPTIMAL,0.0,0,0,0,4200.0,2026-10-02T10:49:18.701542+00:00
P4_ngboost_student_t,SCEN_2023_LOW,SimulatedAnnealing,202601,v1,1e81048c,v1,v1,COMPLETED,,True,4200.0,4200.0,0.0,20,10,20,0,0,0.0,257.74,OPTIMAL,0.0,0,0,0,4200.0,2026-10-02T10:49:18.963077+00:00
oracle_actual,SCEN_2023_LOW,DeterministicGreedy,202601,v1,1e81048c,v1,v1,COMPLETED,,True,4220.0,4220.0,0.0,22,10,20,0,0,0.0,0.37,FEASIBLE,,0,0,0,,2026-10-02T10:49:18.966411+00:00
oracle_actual,SCEN_2023_LOW,CPSat,202601,v1,1e81048c,v1,v1,COMPLETED,,True,4200.0,4200.0,0.0,20,10,20,0,0,0.0,93.84,OPTIMAL,0.0,0,0,0,4200.0,2026-10-02T10:49:19.062722+00:00
oracle_actual,SCEN_2023_LOW,SimulatedAnnealing,202601,v1,1e81048c,v1,v1,COMPLETED,,True,4200.0,4200.0,0.0,20,10,20,0,0,0.0,254.87,OPTIMAL,0.0,0,0,0,4200.0,2026-10-02T10:49:19.322041+00:00
schedule_only,SCEN_2023_MEDIUM,DeterministicGreedy,202601,v1,56bf3d0c,v1,v1,COMPLETED,,True,7370.4167,7350.0,20.4167,35,15,35,0,0,0.0,0.83,FEASIBLE,,0,0,0,,2026-10-02T10:49:19.378247+00:00
schedule_only,SCEN_2023_MEDIUM,CPSat,202601,v1,56bf3d0c,v1,v1,COMPLETED,,True,7370.4167,7350.0,20.4167,35,15,35,0,0,0.0,355.48,OPTIMAL,0.0,0,0,0,7350.0,2026-10-02T10:49:19.737580+00:00
schedule_only,SCEN_2023_MEDIUM,SimulatedAnnealing,202601,v1,56bf3d0c,v1,v1,COMPLETED,,True,7370.4167,7350.0,20.4167,35,15,35,0,0,0.0,635.47,OPTIMAL,0.0,0,0,0,7350.0,2026-10-02T10:49:20.378334+00:00
arrival_linear_baseline_v1,SCEN_2023_MEDIUM,DeterministicGreedy,202601,v1,56bf3d0c,v1,v1,COMPLETED,,True,7410.4167,7390.0,20.4167,39,15,35,0,0,0.0,0.74,FEASIBLE,,0,0,0,,2026-10-02T10:49:20.382030+00:00
arrival_linear_baseline_v1,SCEN_2023_MEDIUM,CPSat,202601,v1,56bf3d0c,v1,v1,COMPLETED,,True,7370.4167,7350.0,20.4167,35,15,35,0,0,0.0,353.8,OPTIMAL,0.0,0,0,0,7354.65,2026-10-02T10:49:20.739975+00:00
arrival_linear_baseline_v1,SCEN_2023_MEDIUM,SimulatedAnnealing,202601,v1,56bf3d0c,v1,v1,COMPLETED,,True,7370.4167,7350.0,20.4167,35,15,35,0,0,0.0,633.32,OPTIMAL,0.0,0,0,0,7354.65,2026-10-02T10:49:21.378844+00:00
arrival_xgboost_baseline_v1,SCEN_2023_MEDIUM,DeterministicGreedy,202601,v1,56bf3d0c,v1,v1,COMPLETED,,True,10560.4167,10540.0,20.4167,34,19,31,0,4,162.0,0.7,FEASIBLE,,0,4,0,,2026-10-02T10:49:21.383185+00:00
arrival_xgboost_baseline_v1,SCEN_2023_MEDIUM,CPSat,202601,v1,56bf3d0c,v1,v1,COMPLETED,,True,9550.4167,9530.0,20.4167,33,19,31,0,3,95.0,362.62,OPTIMAL,0.0,0,3,0,6561.316666666667,2026-10-02T10:49:21.750413+00:00
arrival_xgboost_baseline_v1,SCEN_2023_MEDIUM,SimulatedAnnealing,202601,v1,56bf3d0c,v1,v1,COMPLETED,,True,9550.4167,9530.0,20.4167,33,19,31,0,3,95.0,664.05,OPTIMAL,0.0,0,3,0,6561.316666666667,2026-10-02T10:49:22.418737+00:00
arrival_weighted_ensemble_v1,SCEN_2023_MEDIUM,DeterministicGreedy,202601,v1,56bf3d0c,v1,v1,COMPLETED,,True,7380.4167,7360.0,20.4167,36,15,35,0,0,0.0,0.75,FEASIBLE,,0,0,0,,2026-10-02T10:49:22.423390+00:00
arrival_weighted_ensemble_v1,SCEN_2023_MEDIUM,CPSat,202601,v1,56bf3d0c,v1,v1,COMPLETED,,True,7370.4167,7350.0,20.4167,35,15,35,0,0,0.0,355.75,OPTIMAL,0.0,0,0,0,7366.383333333333,2026-10-02T10:49:22.783790+00:00
arrival_weighted_ensemble_v1,SCEN_2023_MEDIUM,SimulatedAnnealing,202601,v1,56bf3d0c,v1,v1,COMPLETED,,True,7370.4167,7350.0,20.4167,35,15,35,0,0,0.0,632.11,OPTIMAL,0.0,0,0,0,7366.383333333333,2026-10-02T10:49:23.420657+00:00
P5_quantile_regression,SCEN_2023_MEDIUM,DeterministicGreedy,202601,v1,56bf3d0c,v1,v1,COMPLETED,,True,7370.4167,7350.0,20.4167,35,15,35,0,0,0.0,0.7,FEASIBLE,,0,0,0,,2026-10-02T10:49:23.424352+00:00
P5_quantile_regression,SCEN_2023_MEDIUM,CPSat,202601,v1,56bf3d0c,v1,v1,COMPLETED,,True,7370.4167,7350.0,20.4167,35,15,35,0,0,0.0,356.08,OPTIMAL,0.0,0,0,0,7350.0,2026-10-02T10:49:23.784829+00:00
P5_quantile_regression,SCEN_2023_MEDIUM,SimulatedAnnealing,202601,v1,56bf3d0c,v1,v1,COMPLETED,,True,7370.4167,7350.0,20.4167,35,15,35,0,0,0.0,635.17,OPTIMAL,0.0,0,0,0,7350.0,2026-10-02T10:49:24.424634+00:00
P4_ngboost_student_t,SCEN_2023_MEDIUM,DeterministicGreedy,202601,v1,56bf3d0c,v1,v1,COMPLETED,,True,7370.4167,7350.0,20.4167,35,15,35,0,0,0.0,0.7,FEASIBLE,,0,0,0,,2026-10-02T10:49:24.428711+00:00
P4_ngboost_student_t,SCEN_2023_MEDIUM,CPSat,202601,v1,56bf3d0c,v1,v1,COMPLETED,,True,7370.4167,7350.0,20.4167,35,15,35,0,0,0.0,357.31,OPTIMAL,0.0,0,0,0,7350.0,2026-10-02T10:49:24.789901+00:00
P4_ngboost_student_t,SCEN_2023_MEDIUM,SimulatedAnnealing,202601,v1,56bf3d0c,v1,v1,COMPLETED,,True,7370.4167,7350.0,20.4167,35,15,35,0,0,0.0,631.54,OPTIMAL,0.0,0,0,0,7350.0,2026-10-02T10:49:25.426552+00:00
oracle_actual,SCEN_2023_MEDIUM,DeterministicGreedy,202601,v1,56bf3d0c,v1,v1,COMPLETED,,True,6790.4167,6770.0,20.4167,37,18,32,0,0,0.0,0.75,FEASIBLE,,0,0,0,,2026-10-02T10:49:25.430853+00:00
oracle_actual,SCEN_2023_MEDIUM,CPSat,202601,v1,56bf3d0c,v1,v1,COMPLETED,,True,6750.4167,6730.0,20.4167,33,18,32,0,0,0.0,330.49,OPTIMAL,0.0,0,0,0,6750.416666666667,2026-10-02T10:49:25.765250+00:00
oracle_actual,SCEN_2023_MEDIUM,SimulatedAnnealing,202601,v1,56bf3d0c,v1,v1,COMPLETED,,True,6750.4167,6730.0,20.4167,33,18,32,0,0,0.0,634.34,OPTIMAL,0.0,0,0,0,6750.416666666667,2026-10-02T10:49:26.405028+00:00
schedule_only,SCEN_2023_HIGH,DeterministicGreedy,202601,v1,97b28317,v1,v1,COMPLETED,,True,12132.2667,12110.0,22.2667,51,22,48,0,2,36.0,1.21,FEASIBLE,,0,2,0,,2026-10-02T10:49:26.471370+00:00
schedule_only,SCEN_2023_HIGH,CPSat,202601,v1,97b28317,v1,v1,COMPLETED,,True,12122.2667,12100.0,22.2667,50,22,48,0,2,36.0,946.8,OPTIMAL,0.0,0,2,0,10100.0,2026-10-02T10:49:27.425216+00:00
schedule_only,SCEN_2023_HIGH,SimulatedAnnealing,202601,v1,97b28317,v1,v1,COMPLETED,,True,12122.2667,12100.0,22.2667,50,22,48,0,2,36.0,1331.79,OPTIMAL,0.0,0,2,0,10100.0,2026-10-02T10:49:28.764039+00:00
arrival_linear_baseline_v1,SCEN_2023_HIGH,DeterministicGreedy,202601,v1,97b28317,v1,v1,COMPLETED,,True,12732.2667,12710.0,22.2667,51,24,46,0,3,109.0,1.27,FEASIBLE,,0,3,0,,2026-10-02T10:49:28.769466+00:00
arrival_linear_baseline_v1,SCEN_2023_HIGH,CPSat,202601,v1,97b28317,v1,v1,COMPLETED,,True,12702.2667,12680.0,22.2667,48,24,46,0,3,103.0,907.99,OPTIMAL,0.0,0,3,0,9698.183333333334,2026-10-02T10:49:29.684037+00:00
arrival_linear_baseline_v1,SCEN_2023_HIGH,SimulatedAnnealing,202601,v1,97b28317,v1,v1,COMPLETED,,True,12702.2667,12680.0,22.2667,48,24,46,0,3,103.0,1312.43,OPTIMAL,0.0,0,3,0,9698.183333333334,2026-10-02T10:49:31.003724+00:00
arrival_xgboost_baseline_v1,SCEN_2023_HIGH,DeterministicGreedy,202601,v1,97b28317,v1,v1,COMPLETED,,True,12942.2667,12920.0,22.2667,52,23,47,0,3,56.0,1.18,FEASIBLE,,0,3,0,,2026-10-02T10:49:31.009103+00:00
arrival_xgboost_baseline_v1,SCEN_2023_HIGH,CPSat,202601,v1,97b28317,v1,v1,COMPLETED,,True,12912.2667,12890.0,22.2667,49,23,47,0,3,54.0,902.29,OPTIMAL,0.0,0,3,0,9908.55,2026-10-02T10:49:31.963706+00:00
arrival_xgboost_baseline_v1,SCEN_2023_HIGH,SimulatedAnnealing,202601,v1,97b28317,v1,v1,COMPLETED,,True,12912.2667,12890.0,22.2667,49,23,47,0,3,54.0,1305.29,OPTIMAL,0.0,0,3,0,9908.55,2026-10-02T10:49:33.276513+00:00
arrival_weighted_ensemble_v1,SCEN_2023_HIGH,DeterministicGreedy,202601,v1,97b28317,v1,v1,COMPLETED,,True,13732.2667,13710.0,22.2667,51,24,46,0,4,105.0,2.11,FEASIBLE,,0,4,0,,2026-10-02T10:49:33.285704+00:00
arrival_weighted_ensemble_v1,SCEN_2023_HIGH,CPSat,202601,v1,97b28317,v1,v1,COMPLETED,,True,13712.2667,13690.0,22.2667,49,24,46,0,4,85.0,922.09,OPTIMAL,0.0,0,4,0,9706.483333333334,2026-10-02T10:49:34.215323+00:00
arrival_weighted_ensemble_v1,SCEN_2023_HIGH,SimulatedAnnealing,202601,v1,97b28317,v1,v1,COMPLETED,,True,13712.2667,13690.0,22.2667,49,24,46,0,4,85.0,1289.43,OPTIMAL,0.0,0,4,0,9706.483333333334,2026-10-02T10:49:35.508508+00:00
P5_quantile_regression,SCEN_2023_HIGH,DeterministicGreedy,202601,v1,97b28317,v1,v1,COMPLETED,,True,10532.2667,10510.0,22.2667,51,20,50,0,0,0.0,1.19,FEASIBLE,,0,0,0,,2026-10-02T10:49:35.517067+00:00
P5_quantile_regression,SCEN_2023_HIGH,CPSat,202601,v1,97b28317,v1,v1,COMPLETED,,True,10522.2667,10500.0,22.2667,50,20,50,0,0,0.0,921.08,OPTIMAL,0.0,0,0,0,10500.0,2026-10-02T10:49:36.444523+00:00
P5_quantile_regression,SCEN_2023_HIGH,SimulatedAnnealing,202601,v1,97b28317,v1,v1,COMPLETED,,True,10522.2667,10500.0,22.2667,50,20,50,0,0,0.0,1290.24,OPTIMAL,0.0,0,0,0,10500.0,2026-10-02T10:49:37.741365+00:00
P4_ngboost_student_t,SCEN_2023_HIGH,DeterministicGreedy,202601,v1,97b28317,v1,v1,COMPLETED,,True,10532.2667,10510.0,22.2667,51,20,50,0,0,0.0,1.2,FEASIBLE,,0,0,0,,2026-10-02T10:49:37.747194+00:00
P4_ngboost_student_t,SCEN_2023_HIGH,CPSat,202601,v1,97b28317,v1,v1,COMPLETED,,True,10522.2667,10500.0,22.2667,50,20,50,0,0,0.0,917.71,OPTIMAL,0.0,0,0,0,10500.0,2026-10-02T10:49:38.671423+00:00
P4_ngboost_student_t,SCEN_2023_HIGH,SimulatedAnnealing,202601,v1,97b28317,v1,v1,COMPLETED,,True,10522.2667,10500.0,22.2667,50,20,50,0,0,0.0,1302.98,OPTIMAL,0.0,0,0,0,10500.0,2026-10-02T10:49:39.980872+00:00
oracle_actual,SCEN_2023_HIGH,DeterministicGreedy,202601,v1,97b28317,v1,v1,COMPLETED,,True,9722.2667,9700.0,22.2667,50,24,46,0,0,0.0,1.79,FEASIBLE,,0,0,0,,2026-10-02T10:49:39.987268+00:00
oracle_actual,SCEN_2023_HIGH,CPSat,202601,v1,97b28317,v1,v1,COMPLETED,,True,9692.2667,9670.0,22.2667,47,24,46,0,0,0.0,853.84,OPTIMAL,0.0,0,0,0,9692.266666666666,2026-10-02T10:49:40.849609+00:00
oracle_actual,SCEN_2023_HIGH,SimulatedAnnealing,202601,v1,97b28317,v1,v1,COMPLETED,,True,9692.2667,9670.0,22.2667,47,24,46,0,0,0.0,1279.15,OPTIMAL,0.0,0,0,0,9692.266666666666,2026-10-02T10:49:42.135896+00:00
schedule_only,SCEN_2023_DISRUPTED,DeterministicGreedy,202601,v1,8fac227d,v1,v1,COMPLETED,,True,7434.3167,7350.0,84.3167,35,15,35,0,0,0.0,0.82,FEASIBLE,,0,0,0,,2026-10-02T10:49:42.190310+00:00
schedule_only,SCEN_2023_DISRUPTED,CPSat,202601,v1,8fac227d,v1,v1,COMPLETED,,True,7434.3167,7350.0,84.3167,35,15,35,0,0,0.0,351.87,OPTIMAL,0.0,0,0,0,7350.0,2026-10-02T10:49:42.547248+00:00
schedule_only,SCEN_2023_DISRUPTED,SimulatedAnnealing,202601,v1,8fac227d,v1,v1,COMPLETED,,True,7434.3167,7350.0,84.3167,35,15,35,0,0,0.0,636.12,OPTIMAL,0.0,0,0,0,7350.0,2026-10-02T10:49:43.188348+00:00
arrival_linear_baseline_v1,SCEN_2023_DISRUPTED,DeterministicGreedy,202601,v1,8fac227d,v1,v1,COMPLETED,,True,7274.3167,7190.0,84.3167,39,16,34,0,0,0.0,0.74,FEASIBLE,,0,0,0,,2026-10-02T10:49:43.192383+00:00
arrival_linear_baseline_v1,SCEN_2023_DISRUPTED,CPSat,202601,v1,8fac227d,v1,v1,COMPLETED,,True,8224.3167,8140.0,84.3167,34,16,34,0,1,1.0,345.02,OPTIMAL,0.0,0,1,0,7147.783333333334,2026-10-02T10:49:43.541469+00:00
arrival_linear_baseline_v1,SCEN_2023_DISRUPTED,SimulatedAnnealing,202601,v1,8fac227d,v1,v1,COMPLETED,,True,8224.3167,8140.0,84.3167,34,16,34,0,1,1.0,682.8,OPTIMAL,0.0,0,1,0,7147.783333333334,2026-10-02T10:49:44.230002+00:00
arrival_xgboost_baseline_v1,SCEN_2023_DISRUPTED,DeterministicGreedy,202601,v1,8fac227d,v1,v1,COMPLETED,,True,7434.3167,7350.0,84.3167,35,15,35,0,0,0.0,0.74,FEASIBLE,,0,0,0,,2026-10-02T10:49:44.233931+00:00
arrival_xgboost_baseline_v1,SCEN_2023_DISRUPTED,CPSat,202601,v1,8fac227d,v1,v1,COMPLETED,,True,7434.3167,7350.0,84.3167,35,15,35,0,0,0.0,362.47,OPTIMAL,0.0,0,0,0,7357.5,2026-10-02T10:49:44.600410+00:00
arrival_xgboost_baseline_v1,SCEN_2023_DISRUPTED,SimulatedAnnealing,202601,v1,8fac227d,v1,v1,COMPLETED,,True,7434.3167,7350.0,84.3167,35,15,35,0,0,0.0,631.35,OPTIMAL,0.0,0,0,0,7357.5,2026-10-02T10:49:45.236791+00:00
arrival_weighted_ensemble_v1,SCEN_2023_DISRUPTED,DeterministicGreedy,202601,v1,8fac227d,v1,v1,COMPLETED,,True,7244.3167,7160.0,84.3167,36,16,34,0,0,0.0,0.71,FEASIBLE,,0,0,0,,2026-10-02T10:49:45.241859+00:00
arrival_weighted_ensemble_v1,SCEN_2023_DISRUPTED,CPSat,202601,v1,8fac227d,v1,v1,COMPLETED,,True,7234.3167,7150.0,84.3167,35,16,34,0,0,0.0,352.41,OPTIMAL,0.0,0,0,0,7155.6,2026-10-02T10:49:45.598434+00:00
arrival_weighted_ensemble_v1,SCEN_2023_DISRUPTED,SimulatedAnnealing,202601,v1,8fac227d,v1,v1,COMPLETED,,True,7234.3167,7150.0,84.3167,35,16,34,0,0,0.0,637.58,OPTIMAL,0.0,0,0,0,7155.6,2026-10-02T10:49:46.241585+00:00
P5_quantile_regression,SCEN_2023_DISRUPTED,DeterministicGreedy,202601,v1,8fac227d,v1,v1,COMPLETED,,True,7434.3167,7350.0,84.3167,35,15,35,0,0,0.0,0.79,FEASIBLE,,0,0,0,,2026-10-02T10:49:46.246156+00:00
P5_quantile_regression,SCEN_2023_DISRUPTED,CPSat,202601,v1,8fac227d,v1,v1,COMPLETED,,True,7434.3167,7350.0,84.3167,35,15,35,0,0,0.0,356.1,OPTIMAL,0.0,0,0,0,7350.0,2026-10-02T10:49:46.606744+00:00
P5_quantile_regression,SCEN_2023_DISRUPTED,SimulatedAnnealing,202601,v1,8fac227d,v1,v1,COMPLETED,,True,7434.3167,7350.0,84.3167,35,15,35,0,0,0.0,629.75,OPTIMAL,0.0,0,0,0,7350.0,2026-10-02T10:49:47.241641+00:00
P4_ngboost_student_t,SCEN_2023_DISRUPTED,DeterministicGreedy,202601,v1,8fac227d,v1,v1,COMPLETED,,True,7434.3167,7350.0,84.3167,35,15,35,0,0,0.0,0.7,FEASIBLE,,0,0,0,,2026-10-02T10:49:47.245059+00:00
P4_ngboost_student_t,SCEN_2023_DISRUPTED,CPSat,202601,v1,8fac227d,v1,v1,COMPLETED,,True,7434.3167,7350.0,84.3167,35,15,35,0,0,0.0,353.05,OPTIMAL,0.0,0,0,0,7350.0,2026-10-02T10:49:47.602428+00:00
P4_ngboost_student_t,SCEN_2023_DISRUPTED,SimulatedAnnealing,202601,v1,8fac227d,v1,v1,COMPLETED,,True,7434.3167,7350.0,84.3167,35,15,35,0,0,0.0,627.99,OPTIMAL,0.0,0,0,0,7350.0,2026-10-02T10:49:48.236040+00:00
oracle_actual,SCEN_2023_DISRUPTED,DeterministicGreedy,202601,v1,8fac227d,v1,v1,COMPLETED,,True,4384.3167,4300.0,84.3167,30,30,20,0,0,0.0,0.72,FEASIBLE,,0,0,0,,2026-10-02T10:49:48.240455+00:00
oracle_actual,SCEN_2023_DISRUPTED,CPSat,202601,v1,8fac227d,v1,v1,COMPLETED,,True,4334.3167,4250.0,84.3167,25,30,20,0,0,0.0,265.71,OPTIMAL,0.0,0,0,0,4334.316666666667,2026-10-02T10:49:48.511235+00:00
oracle_actual,SCEN_2023_DISRUPTED,SimulatedAnnealing,202601,v1,8fac227d,v1,v1,COMPLETED,,True,4334.3167,4250.0,84.3167,25,30,20,0,0,0.0,680.3,OPTIMAL,0.0,0,0,0,4334.316666666667,2026-10-02T10:49:49.197143+00:00
