model_id,family,fold_id,val_year,total_seeds,failure_rate,mean_runtime_s,crps_mean,crps_std,crps_cv,nll_mean,nll_std,brier_mean,brier_std,cov80_mean,cov90_mean,mae_mean,mae_std,mae_cv,rmse_mean,rmse_std,pr_auc_mean,pr_auc_std
P1_empirical,probabilistic,fold_1,2019,3,0.0,0.558,13.2051,0.0,0.0,,,0.11699,0.0,0.7925,0.8918,,,,,,,
P1_empirical,probabilistic,fold_2,2020,3,0.0,0.576,10.1428,0.0,0.0,,,0.06838,0.0,0.8255,0.905,,,,,,,
P1_empirical,probabilistic,fold_3,2021,3,0.0,0.599333,12.4912,0.0,0.0,,,0.10302,0.0,0.8115,0.9002,,,,,,,
P1_empirical,probabilistic,fold_4,2022,3,0.0,0.633333,16.6575,0.0,0.0,,,0.13225,0.0,0.7827,0.886,,,,,,,
P2_xgb_gaussian_oof,probabilistic,fold_1,2019,3,0.0,1.365667,17.817967,0.011186,0.000628,5.153867,0.000451,0.15397,8.5e-05,0.9521,0.966,,,,,,,
P2_xgb_gaussian_oof,probabilistic,fold_2,2020,3,0.0,1.138667,15.5164,0.003732,0.000241,5.024,0.000265,0.12774,3.5e-05,0.9758,0.9818,,,,,,,
P2_xgb_gaussian_oof,probabilistic,fold_3,2021,3,0.0,1.349667,17.4489,0.002524,0.000145,5.2371,0.0,0.134853,2.1e-05,0.9573,0.9695,,,,,,,
P2_xgb_gaussian_oof,probabilistic,fold_4,2022,3,0.0,1.565667,21.128267,0.00129,6.1e-05,5.5982,0.0001,0.151343,6e-06,0.9323,0.949,,,,,,,
P3_ngboost_normal,probabilistic,fold_1,2019,3,0.0,1.324,17.704067,0.005955,0.000336,5.115833,0.000473,0.179267,1.5e-05,0.957567,0.968867,,,,,,,
P3_ngboost_normal,probabilistic,fold_2,2020,3,0.0,1.784667,15.9678,0.0,0.0,4.9931,0.0,0.16664,0.0,0.9805,0.9842,,,,,,,
P3_ngboost_normal,probabilistic,fold_3,2021,3,0.0,2.205667,16.3307,0.0,0.0,5.2743,0.0,0.14864,0.0,0.9535,0.9663,,,,,,,
P3_ngboost_normal,probabilistic,fold_4,2022,3,0.0,2.556667,20.2214,0.0,0.0,5.5446,0.0,0.17004,0.0,0.9365,0.952,,,,,,,
P4_ngboost_student_t,probabilistic,fold_1,2019,3,0.0,9.890667,13.4371,0.000872,6.5e-05,4.399767,0.000551,0.122317,2.9e-05,0.819,0.890233,,,,,,,
P4_ngboost_student_t,probabilistic,fold_2,2020,3,0.0,13.194333,9.610967,0.001137,0.000118,4.113567,0.000115,0.058387,1.5e-05,0.893667,0.947367,,,,,,,
P4_ngboost_student_t,probabilistic,fold_3,2021,3,0.0,17.077333,12.773033,0.000321,2.5e-05,4.315367,0.000814,0.107247,4.6e-05,0.823567,0.893533,,,,,,,
P4_ngboost_student_t,probabilistic,fold_4,2022,3,0.0,20.106333,17.2177,0.000693,4e-05,4.5434,0.000693,0.1427,4.4e-05,0.7815,0.8571,,,,,,,
P5_quantile_regression,probabilistic,fold_1,2019,3,0.0,0.966,13.1654,0.0,0.0,,,0.11746,0.0,0.7548,0.8622,,,,,,,
P5_quantile_regression,probabilistic,fold_2,2020,3,0.0,1.131667,9.9542,0.0,0.0,,,0.06863,0.0,0.801,0.8905,,,,,,,
P5_quantile_regression,probabilistic,fold_3,2021,3,0.0,1.208667,12.5792,0.0,0.0,,,0.10565,0.0,0.7372,0.8545,,,,,,,
P5_quantile_regression,probabilistic,fold_4,2022,3,0.0,1.404667,16.7266,0.0,0.0,,,0.13173,0.0,0.7498,0.8665,,,,,,,
arrival_hist_gradient_boosting_baseline_v1,point,fold_1,2019,3,0.0,1.231333,,,,,,0.222527,0.002878,,,20.419449,0.155959,0.007638,40.352338,0.065377,0.208377,0.001356
arrival_hist_gradient_boosting_baseline_v1,point,fold_2,2020,3,0.0,0.376333,,,,,,0.232278,0.002507,,,18.176083,0.627723,0.034536,32.670098,0.462736,0.071483,0.00236
arrival_hist_gradient_boosting_baseline_v1,point,fold_3,2021,3,0.0,0.416333,,,,,,0.159305,0.000707,,,17.356902,0.122472,0.007056,44.822588,0.018328,0.150943,0.008571
arrival_hist_gradient_boosting_baseline_v1,point,fold_4,2022,3,0.0,0.429333,,,,,,0.197922,0.003158,,,22.032277,0.072632,0.003297,58.716863,0.08984,0.267456,0.005835
arrival_linear_baseline_v1,point,fold_1,2019,3,0.0,0.206,,,,,,0.254934,4e-06,,,22.113737,0.0,0.0,41.158705,0.0,0.187508,3.6e-05
arrival_linear_baseline_v1,point,fold_2,2020,3,0.0,0.253,,,,,,0.253791,2e-06,,,19.08665,0.0,0.0,33.184465,0.0,0.072479,2e-06
arrival_linear_baseline_v1,point,fold_3,2021,3,0.0,0.342333,,,,,,0.176673,1e-06,,,17.795831,0.0,0.0,44.967041,0.0,0.177971,2.2e-05
arrival_linear_baseline_v1,point,fold_4,2022,3,0.0,0.336,,,,,,0.188683,2e-06,,,21.972058,0.0,0.0,59.058565,0.0,0.227729,1e-05
arrival_random_forest_baseline_v1,point,fold_1,2019,3,0.0,0.400667,,,,,,0.219993,0.000212,,,20.925539,0.061618,0.002945,40.565263,0.061291,0.212411,0.001701
arrival_random_forest_baseline_v1,point,fold_2,2020,3,0.0,0.444333,,,,,,0.223418,0.00092,,,18.529822,0.118053,0.006371,32.825187,0.080541,0.071581,0.001198
arrival_random_forest_baseline_v1,point,fold_3,2021,3,0.0,0.475667,,,,,,0.15051,0.000958,,,17.428813,0.038976,0.002236,44.801105,0.028709,0.151582,0.001613
arrival_random_forest_baseline_v1,point,fold_4,2022,3,0.0,0.519333,,,,,,0.188461,0.00065,,,22.106519,0.036471,0.00165,58.668953,0.021728,0.255424,0.001612
arrival_weighted_ensemble_v1,point,fold_1,2019,3,0.0,0.029,,,,,,0.2234,0.001222,,,21.101185,0.063679,0.003018,40.617762,0.008144,0.211366,0.000735
arrival_weighted_ensemble_v1,point,fold_2,2020,3,0.0,0.035667,,,,,,0.220749,0.002021,,,18.176083,0.627723,0.034536,32.670098,0.462736,0.072059,0.000793
arrival_weighted_ensemble_v1,point,fold_3,2021,3,0.0,0.039667,,,,,,0.142135,0.001527,,,17.355782,0.122764,0.007073,44.807997,0.024223,0.162065,0.004762
arrival_weighted_ensemble_v1,point,fold_4,2022,3,0.0,0.034333,,,,,,0.18727,0.001089,,,22.02908,0.074478,0.003381,58.683434,0.069561,0.265275,0.003342
arrival_xgboost_baseline_v1,point,fold_1,2019,3,0.0,1.318,,,,,,0.212564,0.001621,,,21.837562,0.052141,0.002388,41.565943,0.055163,0.205262,0.003466
arrival_xgboost_baseline_v1,point,fold_2,2020,3,0.0,0.492667,,,,,,0.22075,0.002019,,,19.182663,0.151559,0.007901,33.575017,0.025541,0.07206,0.000792
arrival_xgboost_baseline_v1,point,fold_3,2021,3,0.0,0.564,,,,,,0.141998,0.001404,,,17.772113,0.07204,0.004054,45.044595,0.01222,0.162279,0.005055
arrival_xgboost_baseline_v1,point,fold_4,2022,3,0.0,0.637667,,,,,,0.18727,0.001089,,,22.355413,0.067852,0.003035,58.639719,0.051189,0.265275,0.003342
