model_id,n_requested,n_actual,n_success,n_failed,failure_breakdown,mean_objective,median_objective,p95_objective,variance_objective,std_objective,mc_se_objective,ci_95_lower,ci_95_upper,running_mean_tail,delta_from_previous_n,rel_change_from_previous_n,precision_target_met,precision_target_status
schedule_only,100,100,100,0,"{'SUCCESS': 100, 'TIMEOUT': 0, 'INFEASIBLE': 0, 'SOLVER_FAILURE': 0, 'SAMPLING_FAILURE': 0, 'INVALID_DISTRIBUTION': 0, 'NUMERICAL_ERROR': 0}",4200.0,4200.0,4200.0,0.0,0.0,0.0,4200.0,4200.0,"[4200.0, 4200.0, 4200.0, 4200.0, 4200.0, 4200.0, 4200.0, 4200.0, 4200.0, 4200.0]",,,,NOT_PREREGISTERED
schedule_only,250,250,250,0,"{'SUCCESS': 250, 'TIMEOUT': 0, 'INFEASIBLE': 0, 'SOLVER_FAILURE': 0, 'SAMPLING_FAILURE': 0, 'INVALID_DISTRIBUTION': 0, 'NUMERICAL_ERROR': 0}",4200.0,4200.0,4200.0,0.0,0.0,0.0,4200.0,4200.0,"[4200.0, 4200.0, 4200.0, 4200.0, 4200.0, 4200.0, 4200.0, 4200.0, 4200.0, 4200.0]",0.0,0.0,,NOT_PREREGISTERED
schedule_only,500,500,500,0,"{'SUCCESS': 500, 'TIMEOUT': 0, 'INFEASIBLE': 0, 'SOLVER_FAILURE': 0, 'SAMPLING_FAILURE': 0, 'INVALID_DISTRIBUTION': 0, 'NUMERICAL_ERROR': 0}",4200.0,4200.0,4200.0,0.0,0.0,0.0,4200.0,4200.0,"[4200.0, 4200.0, 4200.0, 4200.0, 4200.0, 4200.0, 4200.0, 4200.0, 4200.0, 4200.0]",0.0,0.0,,NOT_PREREGISTERED
schedule_only,1000,1000,1000,0,"{'SUCCESS': 1000, 'TIMEOUT': 0, 'INFEASIBLE': 0, 'SOLVER_FAILURE': 0, 'SAMPLING_FAILURE': 0, 'INVALID_DISTRIBUTION': 0, 'NUMERICAL_ERROR': 0}",4200.0,4200.0,4200.0,0.0,0.0,0.0,4200.0,4200.0,"[4200.0, 4200.0, 4200.0, 4200.0, 4200.0, 4200.0, 4200.0, 4200.0, 4200.0, 4200.0]",0.0,0.0,,NOT_PREREGISTERED
schedule_only,2500,2500,2500,0,"{'SUCCESS': 2500, 'TIMEOUT': 0, 'INFEASIBLE': 0, 'SOLVER_FAILURE': 0, 'SAMPLING_FAILURE': 0, 'INVALID_DISTRIBUTION': 0, 'NUMERICAL_ERROR': 0}",4200.0,4200.0,4200.0,0.0,0.0,0.0,4200.0,4200.0,"[4200.0, 4200.0, 4200.0, 4200.0, 4200.0, 4200.0, 4200.0, 4200.0, 4200.0, 4200.0]",0.0,0.0,,NOT_PREREGISTERED
arrival_linear_baseline_v1,100,100,100,0,"{'SUCCESS': 100, 'TIMEOUT': 0, 'INFEASIBLE': 0, 'SOLVER_FAILURE': 0, 'SAMPLING_FAILURE': 0, 'INVALID_DISTRIBUTION': 0, 'NUMERICAL_ERROR': 0}",4175.2237,4241.2833,4279.3684,13211.7452,114.9424,11.4942,4152.6954,4197.7519,"[4171.0689, 4171.9435, 4172.8013, 4171.5245, 4170.2461, 4171.2747, 4172.4162, 4173.1548, 4174.3352, 4175.2237]",,,,NOT_PREREGISTERED
arrival_linear_baseline_v1,250,250,250,0,"{'SUCCESS': 250, 'TIMEOUT': 0, 'INFEASIBLE': 0, 'SOLVER_FAILURE': 0, 'SAMPLING_FAILURE': 0, 'INVALID_DISTRIBUTION': 0, 'NUMERICAL_ERROR': 0}",4163.8468,4236.8417,4277.2725,14904.5657,122.0843,7.7213,4148.7134,4178.9802,"[4162.1733, 4162.559, 4162.9108, 4163.1802, 4163.6331, 4164.0377, 4163.5567, 4163.934, 4164.2321, 4163.8468]",11.3769,0.002725,,NOT_PREREGISTERED
arrival_linear_baseline_v1,500,500,500,0,"{'SUCCESS': 500, 'TIMEOUT': 0, 'INFEASIBLE': 0, 'SOLVER_FAILURE': 0, 'SAMPLING_FAILURE': 0, 'INVALID_DISTRIBUTION': 0, 'NUMERICAL_ERROR': 0}",4159.0714,4239.4167,4275.5234,16369.6096,127.9438,5.7218,4147.8569,4170.2859,"[4158.753, 4158.9413, 4159.2239, 4159.0299, 4158.8684, 4159.066, 4159.2455, 4159.054, 4158.8407, 4159.0714]",4.7754,0.001147,,NOT_PREREGISTERED
arrival_linear_baseline_v1,1000,1000,1000,0,"{'SUCCESS': 1000, 'TIMEOUT': 0, 'INFEASIBLE': 0, 'SOLVER_FAILURE': 0, 'SAMPLING_FAILURE': 0, 'INVALID_DISTRIBUTION': 0, 'NUMERICAL_ERROR': 0}",4155.1323,4238.6416,4275.745,16339.1665,127.8247,4.0422,4147.2098,4163.0547,"[4155.2477, 4155.335, 4155.4573, 4155.3581, 4155.2634, 4155.1618, 4155.2555, 4155.1274, 4155.2354, 4155.1323]",3.9392,0.000947,,NOT_PREREGISTERED
arrival_linear_baseline_v1,2500,2500,2500,0,"{'SUCCESS': 2500, 'TIMEOUT': 0, 'INFEASIBLE': 0, 'SOLVER_FAILURE': 0, 'SAMPLING_FAILURE': 0, 'INVALID_DISTRIBUTION': 0, 'NUMERICAL_ERROR': 0}",4155.345,4239.3834,4276.6341,17880.912,133.7195,2.6744,4150.1033,4160.5867,"[4155.0579, 4155.0281, 4155.0741, 4155.1186, 4155.1642, 4155.2117, 4155.2425, 4155.2734, 4155.3097, 4155.345]",0.2128,5.1e-05,,NOT_PREREGISTERED
arrival_xgboost_baseline_v1,100,100,100,0,"{'SUCCESS': 100, 'TIMEOUT': 0, 'INFEASIBLE': 0, 'SOLVER_FAILURE': 0, 'SAMPLING_FAILURE': 0, 'INVALID_DISTRIBUTION': 0, 'NUMERICAL_ERROR': 0}",4117.9088,4073.1084,4279.1575,22668.6993,150.5613,15.0561,4088.3994,4147.4182,"[4115.2621, 4116.665, 4115.9658, 4115.2202, 4114.5539, 4116.0465, 4115.4924, 4114.7582, 4116.4458, 4117.9088]",,,,NOT_PREREGISTERED
arrival_xgboost_baseline_v1,250,250,250,0,"{'SUCCESS': 250, 'TIMEOUT': 0, 'INFEASIBLE': 0, 'SOLVER_FAILURE': 0, 'SAMPLING_FAILURE': 0, 'INVALID_DISTRIBUTION': 0, 'NUMERICAL_ERROR': 0}",4105.6925,4073.9417,4273.6542,24239.6692,155.6909,9.8468,4086.3932,4124.9917,"[4105.0623, 4105.6449, 4105.4247, 4105.9863, 4105.8157, 4106.4382, 4106.2401, 4106.8896, 4106.6116, 4105.6925]",12.2164,0.002967,,NOT_PREREGISTERED
arrival_xgboost_baseline_v1,500,500,500,0,"{'SUCCESS': 500, 'TIMEOUT': 0, 'INFEASIBLE': 0, 'SOLVER_FAILURE': 0, 'SAMPLING_FAILURE': 0, 'INVALID_DISTRIBUTION': 0, 'NUMERICAL_ERROR': 0}",4108.6073,4074.25,4274.4341,24711.6904,157.1995,7.0302,4094.8284,4122.3861,"[4109.0293, 4109.3244, 4109.713, 4109.2366, 4108.7744, 4108.6529, 4108.5517, 4108.4446, 4108.2916, 4108.6073]",2.9148,0.00071,,NOT_PREREGISTERED
arrival_xgboost_baseline_v1,1000,1000,1000,0,"{'SUCCESS': 1000, 'TIMEOUT': 0, 'INFEASIBLE': 0, 'SOLVER_FAILURE': 0, 'SAMPLING_FAILURE': 0, 'INVALID_DISTRIBUTION': 0, 'NUMERICAL_ERROR': 0}",4103.3623,4068.025,4274.0033,25145.0496,158.5719,5.0145,4093.5341,4113.1905,"[4102.8137, 4102.9551, 4103.1314, 4103.0878, 4103.0492, 4103.0008, 4103.1184, 4103.2555, 4103.4151, 4103.3623]",5.2449,0.001277,,NOT_PREREGISTERED
arrival_xgboost_baseline_v1,2500,2500,2500,0,"{'SUCCESS': 2500, 'TIMEOUT': 0, 'INFEASIBLE': 0, 'SOLVER_FAILURE': 0, 'SAMPLING_FAILURE': 0, 'INVALID_DISTRIBUTION': 0, 'NUMERICAL_ERROR': 0}",4102.9094,4068.3667,4273.4366,25125.2162,158.5094,3.1702,4096.696,4109.1229,"[4102.8263, 4102.8174, 4102.7997, 4102.79, 4102.7723, 4102.757, 4102.8177, 4102.8707, 4102.8486, 4102.9094]",0.4529,0.00011,,NOT_PREREGISTERED
P4_ngboost_student_t,100,100,100,0,"{'SUCCESS': 100, 'TIMEOUT': 0, 'INFEASIBLE': 0, 'SOLVER_FAILURE': 0, 'SAMPLING_FAILURE': 0, 'INVALID_DISTRIBUTION': 0, 'NUMERICAL_ERROR': 0}",4046.2437,4055.225,4268.8075,39805.3317,199.5127,19.9513,4007.14,4085.3474,"[4042.7663, 4045.0567, 4045.1434, 4043.0193, 4043.1182, 4045.4872, 4043.7122, 4045.7847, 4046.2495, 4046.2437]",,,,NOT_PREREGISTERED
P4_ngboost_student_t,250,250,250,0,"{'SUCCESS': 250, 'TIMEOUT': 0, 'INFEASIBLE': 0, 'SOLVER_FAILURE': 0, 'SAMPLING_FAILURE': 0, 'INVALID_DISTRIBUTION': 0, 'NUMERICAL_ERROR': 0}",4024.2009,4050.0666,4269.0492,43180.915,207.8002,13.1424,3998.4422,4049.9595,"[4023.1109, 4024.0763, 4024.1798, 4023.4258, 4024.4538, 4024.5797, 4024.6286, 4025.5304, 4025.5831, 4024.2009]",22.0428,0.005448,,NOT_PREREGISTERED
P4_ngboost_student_t,500,500,500,0,"{'SUCCESS': 500, 'TIMEOUT': 0, 'INFEASIBLE': 0, 'SOLVER_FAILURE': 0, 'SAMPLING_FAILURE': 0, 'INVALID_DISTRIBUTION': 0, 'NUMERICAL_ERROR': 0}",4021.4597,4051.5417,4271.9842,43853.6706,209.4127,9.3652,4003.1042,4039.8151,"[4021.48, 4021.5457, 4022.0905, 4021.7917, 4021.91, 4021.9641, 4021.2163, 4021.3052, 4020.9706, 4021.4597]",2.7412,0.000681,,NOT_PREREGISTERED
P4_ngboost_student_t,1000,1000,1000,0,"{'SUCCESS': 1000, 'TIMEOUT': 0, 'INFEASIBLE': 0, 'SOLVER_FAILURE': 0, 'SAMPLING_FAILURE': 0, 'INVALID_DISTRIBUTION': 0, 'NUMERICAL_ERROR': 0}",4012.2724,4050.2083,4272.4684,43563.3191,208.7183,6.6003,3999.3362,4025.2087,"[4011.4687, 4011.7028, 4011.9717, 4012.0188, 4011.8697, 4011.9235, 4012.1721, 4012.189, 4012.2312, 4012.2724]",9.1872,0.002285,,NOT_PREREGISTERED
P4_ngboost_student_t,2500,2500,2500,0,"{'SUCCESS': 2500, 'TIMEOUT': 0, 'INFEASIBLE': 0, 'SOLVER_FAILURE': 0, 'SAMPLING_FAILURE': 0, 'INVALID_DISTRIBUTION': 0, 'NUMERICAL_ERROR': 0}",4010.55,4050.8417,4272.4684,43277.5692,208.0326,4.1607,4002.3953,4018.7048,"[4010.2074, 4010.2326, 4010.3372, 4010.4444, 4010.4723, 4010.418, 4010.4277, 4010.5174, 4010.4521, 4010.55]",1.7224,0.000429,,NOT_PREREGISTERED
P5_quantile_regression,100,100,100,0,"{'SUCCESS': 100, 'TIMEOUT': 0, 'INFEASIBLE': 0, 'SOLVER_FAILURE': 0, 'SAMPLING_FAILURE': 0, 'INVALID_DISTRIBUTION': 0, 'NUMERICAL_ERROR': 0}",3724.1153,3679.9334,4238.2392,90390.4098,300.65,30.065,3665.1891,3783.0415,"[3735.0143, 3738.4485, 3735.1045, 3730.058, 3731.3275, 3728.5665, 3728.054, 3725.3447, 3722.8503, 3724.1153]",,,,NOT_PREREGISTERED
P5_quantile_regression,250,250,250,0,"{'SUCCESS': 250, 'TIMEOUT': 0, 'INFEASIBLE': 0, 'SOLVER_FAILURE': 0, 'SAMPLING_FAILURE': 0, 'INVALID_DISTRIBUTION': 0, 'NUMERICAL_ERROR': 0}",3703.8343,3674.3917,4236.9792,89611.887,299.3524,18.9327,3666.7269,3740.9416,"[3703.3724, 3704.8531, 3705.441, 3705.2048, 3705.0263, 3705.5939, 3706.1921, 3705.1714, 3705.6788, 3703.8343]",20.2811,0.005446,,NOT_PREREGISTERED
P5_quantile_regression,500,500,500,0,"{'SUCCESS': 500, 'TIMEOUT': 0, 'INFEASIBLE': 0, 'SOLVER_FAILURE': 0, 'SAMPLING_FAILURE': 0, 'INVALID_DISTRIBUTION': 0, 'NUMERICAL_ERROR': 0}",3710.4286,3673.175,4235.7617,84165.1993,290.1124,12.9742,3684.9997,3735.8576,"[3708.7735, 3708.6544, 3709.4449, 3709.7742, 3710.1092, 3710.421, 3709.9087, 3709.8155, 3709.7168, 3710.4286]",6.5944,0.00178,,NOT_PREREGISTERED
P5_quantile_regression,1000,1000,1000,0,"{'SUCCESS': 1000, 'TIMEOUT': 0, 'INFEASIBLE': 0, 'SOLVER_FAILURE': 0, 'SAMPLING_FAILURE': 0, 'INVALID_DISTRIBUTION': 0, 'NUMERICAL_ERROR': 0}",3711.4759,3670.6417,4093.4891,78610.5769,280.3758,8.8663,3694.0984,3728.8535,"[3710.4998, 3710.8512, 3711.0424, 3710.7969, 3710.7401, 3710.9009, 3710.8256, 3711.1717, 3711.3198, 3711.4759]",1.0473,0.000282,,NOT_PREREGISTERED
P5_quantile_regression,2500,2500,2500,0,"{'SUCCESS': 2500, 'TIMEOUT': 0, 'INFEASIBLE': 0, 'SOLVER_FAILURE': 0, 'SAMPLING_FAILURE': 0, 'INVALID_DISTRIBUTION': 0, 'NUMERICAL_ERROR': 0}",3707.4661,3670.5833,4083.4166,77710.5597,278.7661,5.5753,3696.5387,3718.3935,"[3707.1366, 3707.1252, 3707.1891, 3707.2595, 3707.3226, 3707.385, 3707.4512, 3707.5046, 3707.3231, 3707.4661]",4.0099,0.00108,,NOT_PREREGISTERED
oracle_actual,100,100,100,0,"{'SUCCESS': 100, 'TIMEOUT': 0, 'INFEASIBLE': 0, 'SOLVER_FAILURE': 0, 'SAMPLING_FAILURE': 0, 'INVALID_DISTRIBUTION': 0, 'NUMERICAL_ERROR': 0}",4220.0,4220.0,4220.0,0.0,0.0,0.0,4220.0,4220.0,"[4220.0, 4220.0, 4220.0, 4220.0, 4220.0, 4220.0, 4220.0, 4220.0, 4220.0, 4220.0]",,,,NOT_PREREGISTERED
oracle_actual,250,250,250,0,"{'SUCCESS': 250, 'TIMEOUT': 0, 'INFEASIBLE': 0, 'SOLVER_FAILURE': 0, 'SAMPLING_FAILURE': 0, 'INVALID_DISTRIBUTION': 0, 'NUMERICAL_ERROR': 0}",4220.0,4220.0,4220.0,0.0,0.0,0.0,4220.0,4220.0,"[4220.0, 4220.0, 4220.0, 4220.0, 4220.0, 4220.0, 4220.0, 4220.0, 4220.0, 4220.0]",0.0,0.0,,NOT_PREREGISTERED
oracle_actual,500,500,500,0,"{'SUCCESS': 500, 'TIMEOUT': 0, 'INFEASIBLE': 0, 'SOLVER_FAILURE': 0, 'SAMPLING_FAILURE': 0, 'INVALID_DISTRIBUTION': 0, 'NUMERICAL_ERROR': 0}",4220.0,4220.0,4220.0,0.0,0.0,0.0,4220.0,4220.0,"[4220.0, 4220.0, 4220.0, 4220.0, 4220.0, 4220.0, 4220.0, 4220.0, 4220.0, 4220.0]",0.0,0.0,,NOT_PREREGISTERED
oracle_actual,1000,1000,1000,0,"{'SUCCESS': 1000, 'TIMEOUT': 0, 'INFEASIBLE': 0, 'SOLVER_FAILURE': 0, 'SAMPLING_FAILURE': 0, 'INVALID_DISTRIBUTION': 0, 'NUMERICAL_ERROR': 0}",4220.0,4220.0,4220.0,0.0,0.0,0.0,4220.0,4220.0,"[4220.0, 4220.0, 4220.0, 4220.0, 4220.0, 4220.0, 4220.0, 4220.0, 4220.0, 4220.0]",0.0,0.0,,NOT_PREREGISTERED
oracle_actual,2500,2500,2500,0,"{'SUCCESS': 2500, 'TIMEOUT': 0, 'INFEASIBLE': 0, 'SOLVER_FAILURE': 0, 'SAMPLING_FAILURE': 0, 'INVALID_DISTRIBUTION': 0, 'NUMERICAL_ERROR': 0}",4220.0,4220.0,4220.0,0.0,0.0,0.0,4220.0,4220.0,"[4220.0, 4220.0, 4220.0, 4220.0, 4220.0, 4220.0, 4220.0, 4220.0, 4220.0, 4220.0]",0.0,0.0,,NOT_PREREGISTERED
