flight_key,airport,direction,fl_date,carrier,fl_num,origin,dest,sched_time_min,p_delay,delay_est_min,chain_group_id,aircraft_type,turnaround_time_min,dwell_time_min,occupancy_start_min,occupancy_end_min,assigned_gate,session_id,session_type
flight_key_v1_0ea1de1868b7a3a389f9b900782befeb,ATL,ARR,2024-01-01,WN,1579.0,DEN,ATL,25,0.5608,4.059999942779541,2024-01-01_WN_1579,NARROWBODY,40,45,12,82,G01,TURN_0650,UNMATCHED_ARR
flight_key_v1_96f840eff45e9e5fb568f29944058f53,ATL,ARR,2024-01-01,AA,659.0,MIA,ATL,28,0.4237,4.070000171661377,2024-01-01_AA_659,NARROWBODY,40,45,14,84,G54,TURN_0651,UNMATCHED_ARR
flight_key_v1_a9694ecdf5da9db77992990c69fcac84,ATL,ARR,2024-01-01,NK,1600.0,IAH,ATL,31,0.4072,4.289999961853027,2024-01-01_NK_1600,NARROWBODY,40,45,17,87,G34,TURN_0652,UNMATCHED_ARR
flight_key_v1_20869c24b24c2aa456ec24c26bd88c1b,ATL,ARR,2024-01-01,WN,643.0,DAL,ATL,35,0.4861,4.059999942779541,2024-01-01_WN_643,NARROWBODY,40,45,21,91,G26,TURN_0653,UNMATCHED_ARR
flight_key_v1_e586427d2b4266174399b981646f09df,ATL,ARR,2024-01-01,WN,2675.0,LAS,ATL,40,0.5807,4.059999942779541,2024-01-01_WN_2675,WIDEBODY,75,60,27,132,G08,TURN_0654,UNMATCHED_ARR
flight_key_v1_d2f6b67eace337ce61b866be18daa52f,ATL,ARR,2024-01-01,F9,4027.0,MCO,ATL,41,0.6431,4.170000076293945,2024-01-01_F9_4027,NARROWBODY,40,45,28,98,G58,TURN_0655,UNMATCHED_ARR
flight_key_v1_f83afb034a54ffdd648397d60cfb66d6,ATL,ARR,2024-01-01,NK,1594.0,EWR,ATL,44,0.4795,4.440000057220459,2024-01-01_NK_1594,NARROWBODY,40,45,31,101,G10,TURN_0656,UNMATCHED_ARR
flight_key_v1_ff2d156375bb0e76ff326d25042baca4,ATL,ARR,2024-01-01,NK,3065.0,MCO,ATL,45,0.4346,4.679999828338623,2024-01-01_NK_3065,NARROWBODY,40,45,32,102,G50,TURN_0657,UNMATCHED_ARR
flight_key_v1_a2b5b1e25355ceeb037d6e7d9f32ea9c,ATL,ARR,2024-01-01,F9,4917.0,SJU,ATL,243,0.5925,3.3299999237060547,2024-01-01_F9_4917,NARROWBODY,40,107,229,366,G03,TURN_0069,PAIRED_TURN
flight_key_v1_36ca44a65db86a7fc429b7a45ec1b345,ATL,DEP,2024-01-01,F9,4026.0,ATL,MCO,350,0.5925,2.69,2024-01-01_F9_4917,NARROWBODY,40,107,229,366,G03,TURN_0069,PAIRED_TURN
flight_key_v1_fda60f243624933b0483bcabc312e72b,ATL,DEP,2024-01-01,NK,403.0,ATL,FLL,321,0.1737,4.12,2024-01-01_NK_403,NARROWBODY,40,45,261,336,G53,TURN_0746,UNMATCHED_DEP
flight_key_v1_26dd8bc018117d5889c56946afc05ebd,ATL,DEP,2024-01-01,NK,3389.0,ATL,LGA,335,0.1703,3.65,2024-01-01_NK_3389,NARROWBODY,40,45,275,350,G45,TURN_0747,UNMATCHED_DEP
flight_key_v1_8632b145ac8056167e2d35ebf5b2cf35,ATL,DEP,2024-01-01,AA,1151.0,ATL,MIA,336,0.1634,3.31,2024-01-01_AA_1151,NARROWBODY,40,45,276,351,G56,TURN_0748,UNMATCHED_DEP
flight_key_v1_e53740121b8da89ad765c6dbc80e4a53,ATL,ARR,2024-01-01,DL,730.0,SAN,ATL,300,0.1751,0.7200000286102295,2024-01-01_DL_730,WIDEBODY,75,180,285,495,G15,TURN_0070,PAIRED_TURN
flight_key_v1_c02921fdee36248be4810a149ed4e17f,ATL,DEP,2024-01-01,DL,2934.0,ATL,MIA,480,0.1751,4.64,2024-01-01_DL_730,WIDEBODY,75,180,285,495,G15,TURN_0070,PAIRED_TURN
flight_key_v1_9324dbd810f2f4b119ee2f3dc4fc6bc5,ATL,DEP,2024-01-01,AA,2770.0,ATL,DFW,347,0.1634,2.97,2024-01-01_AA_2770,NARROWBODY,40,45,287,362,G42,TURN_0749,UNMATCHED_DEP
flight_key_v1_4175c733e814bbe3cb9f5705ac43bb3d,ATL,DEP,2024-01-01,NK,768.0,ATL,DTW,370,0.1703,3.12,2024-01-01_NK_768,WIDEBODY,75,60,295,385,G20,TURN_0752,UNMATCHED_DEP
flight_key_v1_898d55329c0fb679f3d9d70839921fee,ATL,DEP,2024-01-01,WN,3089.0,ATL,DEN,370,0.1355,1.69,2024-01-01_WN_3089,WIDEBODY,75,60,295,385,G65,TURN_0753,UNMATCHED_DEP
flight_key_v1_fe58040ddf716ded0a685d9fe43945ec,ATL,ARR,2024-01-01,DL,2796.0,LAS,ATL,311,0.2383,1.8300000429153442,2024-01-01_DL_2796,NARROWBODY,40,49,296,375,G06,TURN_0071,PAIRED_TURN
flight_key_v1_62646dda0768e620dc14e9ed361cd1fa,ATL,DEP,2024-01-01,DL,8783.0,ATL,LAX,360,0.2383,3.41,2024-01-01_DL_2796,NARROWBODY,40,49,296,375,G06,TURN_0071,PAIRED_TURN
flight_key_v1_b0555a294e46b636352e7a816d3e6c19,ATL,ARR,2024-01-01,DL,823.0,SFO,ATL,315,0.2315,1.5,2024-01-01_DL_823,WIDEBODY,75,169,300,499,G48,TURN_0072,PAIRED_TURN
flight_key_v1_37c6f205ec6953f604d001fd2af022ca,ATL,DEP,2024-01-01,DL,2069.0,ATL,BDL,484,0.2315,2.67,2024-01-01_DL_823,WIDEBODY,75,169,300,499,G48,TURN_0072,PAIRED_TURN
flight_key_v1_239ce8bb92b60c4d61c627bb7f283d7f,ATL,DEP,2024-01-01,B6,467.0,ATL,FLL,360,0.1634,1.62,2024-01-01_B6_467,NARROWBODY,40,45,300,375,G37,TURN_0750,UNMATCHED_DEP
flight_key_v1_a49be62e9ce18e82a2ff3b4db862fa48,ATL,DEP,2024-01-01,WN,1221.0,ATL,HOU,365,0.1321,1.51,2024-01-01_WN_1221,NARROWBODY,40,45,305,380,G52,TURN_0751,UNMATCHED_DEP
flight_key_v1_df0fd8038c398b8aa4b186a86a122652,ATL,ARR,2024-01-01,DL,414.0,PHX,ATL,329,0.1998,1.100000023841858,2024-01-01_DL_414,NARROWBODY,40,96,314,440,G31,TURN_0073,PAIRED_TURN
flight_key_v1_ef57997fb21c82508401bfa699cc7446,ATL,DEP,2024-01-01,DL,2668.0,ATL,MSP,425,0.1998,3.25,2024-01-01_DL_414,NARROWBODY,40,96,314,440,G31,TURN_0073,PAIRED_TURN
flight_key_v1_f9ef85125a658c0538bcdbd1963d2198,ATL,DEP,2024-01-01,WN,3741.0,ATL,LGA,375,0.1321,1.35,2024-01-01_WN_3741,NARROWBODY,40,45,315,390,G54,TURN_0754,UNMATCHED_DEP
flight_key_v1_706bd7b37d5566112015439983bd4e57,ATL,DEP,2024-01-01,F9,1595.0,ATL,ORD,375,0.1737,2.64,2024-01-01_F9_1595,NARROWBODY,40,45,315,390,G64,TURN_0755,UNMATCHED_DEP
flight_key_v1_3893cc3e105037762ce9ac12c386ef36,ATL,DEP,2024-01-01,UA,222.0,ATL,EWR,390,0.1536,2.07,2024-01-01_UA_222,WIDEBODY,75,60,315,405,G27,TURN_0759,UNMATCHED_DEP
flight_key_v1_88c1385a9c7c144fdd4aaf1533c7c487,ATL,DEP,2024-01-01,AA,2893.0,ATL,ORD,391,0.1634,2.48,2024-01-01_AA_2893,WIDEBODY,75,60,316,406,G13,TURN_0760,UNMATCHED_DEP
flight_key_v1_4976d24fd913bb9a3e90fd2fd84abc77,ATL,DEP,2024-01-01,NK,1081.0,ATL,MSP,380,0.1737,4.41,2024-01-01_NK_1081,NARROWBODY,40,45,320,395,G41,TURN_0756,UNMATCHED_DEP
flight_key_v1_c8d8c103a6e374a55dd41154e777d5f1,ATL,DEP,2024-01-01,WN,2870.0,ATL,PHX,380,0.1321,1.84,2024-01-01_WN_2870,NARROWBODY,40,45,320,395,G30,TURN_0757,UNMATCHED_DEP
flight_key_v1_6b66309d77f3d63a474d7973fd616fb3,ATL,DEP,2024-01-01,WN,249.0,ATL,AUS,395,0.1321,1.48,2024-01-01_WN_249,WIDEBODY,75,60,320,410,G19,TURN_0761,UNMATCHED_DEP
flight_key_v1_b06f725c4870dfb29ea727620458ff8a,ATL,DEP,2024-01-01,WN,1951.0,ATL,BNA,385,0.1321,1.28,2024-01-01_WN_1951,NARROWBODY,40,45,325,400,G50,TURN_0758,UNMATCHED_DEP
flight_key_v1_7c6801a29bcb073b7833259a31c0e9de,ATL,DEP,2024-01-01,UA,1888.0,ATL,ORD,400,0.1634,2.64,2024-01-01_UA_1888,WIDEBODY,75,60,325,415,G08,TURN_0762,UNMATCHED_DEP
flight_key_v1_97bab9963f0d39cc62f3b229b1d97f11,ATL,ARR,2024-01-01,NK,1828.0,LAX,ATL,343,0.4321,4.230000019073486,2024-01-01_NK_1828,NARROWBODY,40,59,329,418,G35,TURN_0074,PAIRED_TURN
flight_key_v1_07b3bab7964c4c8cc5983b021f812748,ATL,DEP,2024-01-01,NK,3066.0,ATL,MCO,402,0.4321,3.85,2024-01-01_NK_1828,NARROWBODY,40,59,329,418,G35,TURN_0074,PAIRED_TURN
flight_key_v1_df7f38fc5a605d745e27c045e72a4f8d,ATL,ARR,2024-01-01,DL,738.0,SEA,ATL,344,0.2363,1.8300000429153442,2024-01-01_DL_738,NARROWBODY,40,81,329,440,G34,TURN_0075,PAIRED_TURN
flight_key_v1_e7600d404283e5010550996e271056fb,ATL,DEP,2024-01-01,DL,1303.0,ATL,MIA,425,0.2363,3.99,2024-01-01_DL_738,NARROWBODY,40,81,329,440,G34,TURN_0075,PAIRED_TURN
flight_key_v1_f1bb81568c691f488accb5310f760583,ATL,ARR,2024-01-01,F9,4754.0,SAN,ATL,350,0.4657,3.319999933242798,2024-01-01_F9_4754,NARROWBODY,40,55,336,421,G57,TURN_0076,PAIRED_TURN
flight_key_v1_09c4cf915a4aa18b62491e4dc047784a,ATL,DEP,2024-01-01,F9,3604.0,ATL,CLE,405,0.4657,2.59,2024-01-01_F9_4754,NARROWBODY,40,55,336,421,G57,TURN_0076,PAIRED_TURN
flight_key_v1_2077b679633db3c8c5efe95a6058097f,ATL,ARR,2024-01-01,F9,1450.0,DEN,ATL,354,0.5502,3.390000104904175,2024-01-01_F9_1450,NARROWBODY,40,150,340,520,G44,TURN_0077,PAIRED_TURN
flight_key_v1_587adedc82dbd87c6963e747037845b9,ATL,DEP,2024-01-01,F9,3508.0,ATL,MCO,504,0.5502,3.86,2024-01-01_F9_1450,NARROWBODY,40,150,340,520,G44,TURN_0077,PAIRED_TURN
flight_key_v1_f865b7c2e43af2738dd5eeb7ebe1d85e,ATL,DEP,2024-01-01,WN,3103.0,ATL,DAL,400,0.1321,1.38,2024-01-01_WN_3103,NARROWBODY,40,45,340,415,G26,TURN_0763,UNMATCHED_DEP
flight_key_v1_238328242addda5e4d567d695ef3f0d3,ATL,DEP,2024-01-01,WN,596.0,ATL,LAS,405,0.1321,2.75,2024-01-01_WN_596,NARROWBODY,40,45,345,420,G21,TURN_0764,UNMATCHED_DEP
flight_key_v1_622dbd1a70914f1eb4e20363c8121cf6,ATL,DEP,2024-01-01,NK,1589.0,ATL,EWR,405,0.1721,3.75,2024-01-01_NK_1589,NARROWBODY,40,45,345,420,G22,TURN_0765,UNMATCHED_DEP
flight_key_v1_46a482cbe81bf7bc744b39bd9b83c5b8,ATL,DEP,2024-01-01,AA,1718.0,ATL,CLT,420,0.1582,0.92,2024-01-01_AA_1718,WIDEBODY,75,60,345,435,G02,TURN_0769,UNMATCHED_DEP
flight_key_v1_ae2c944c9ea937425f4211c6efd5bc69,ATL,DEP,2024-01-01,WN,3652.0,ATL,TPA,410,0.1321,1.47,2024-01-01_WN_3652,NARROWBODY,40,45,350,425,G17,TURN_0766,UNMATCHED_DEP
flight_key_v1_2771f4cf62799d98a8420a75d5bdf063,ATL,DEP,2024-01-01,WN,1199.0,ATL,MDW,425,0.1468,1.76,2024-01-01_WN_1199,WIDEBODY,75,60,350,440,G24,TURN_0771,UNMATCHED_DEP
flight_key_v1_20d700d5cf733bfcf073227f20003d42,ATL,ARR,2024-01-01,DL,899.0,LAX,ATL,366,0.2947,1.8300000429153442,2024-01-01_DL_899,NARROWBODY,40,68,351,449,G11,TURN_0078,PAIRED_TURN
flight_key_v1_8991d2a378e3a574bef9c4e497837f38,ATL,DEP,2024-01-01,DL,712.0,ATL,LAX,434,0.2947,4.14,2024-01-01_DL_899,NARROWBODY,40,68,351,449,G11,TURN_0078,PAIRED_TURN
flight_key_v1_c38c7cc33fccfc99ca9ede9f4447aafd,ATL,DEP,2024-01-01,WN,850.0,ATL,MCO,415,0.1396,1.72,2024-01-01_WN_850,NARROWBODY,40,45,355,430,G47,TURN_0767,UNMATCHED_DEP
flight_key_v1_09d00a90251a15a06038d2723025acd9,ATL,DEP,2024-01-01,AS,377.0,ATL,SEA,420,0.151,-0.61,2024-01-01_AS_377,NARROWBODY,40,45,360,435,G25,TURN_0768,UNMATCHED_DEP
flight_key_v1_ca0b241a882cef6e744bfd1079a42e09,ATL,DEP,2024-01-01,WN,1065.0,ATL,STL,420,0.1468,1.76,2024-01-01_WN_1065,NARROWBODY,40,45,360,435,G29,TURN_0770,UNMATCHED_DEP
flight_key_v1_d63abe4ac4eae62f8c01f058cfea1790,ATL,ARR,2024-01-01,DL,303.0,SLC,ATL,379,0.1936,0.03999999910593033,2024-01-01_DL_303,NARROWBODY,40,56,364,450,G58,TURN_0079,PAIRED_TURN
flight_key_v1_69e680dd66917411ed4321ba4d374a96,ATL,DEP,2024-01-01,DL,335.0,ATL,LGA,435,0.1936,2.58,2024-01-01_DL_303,NARROWBODY,40,56,364,450,G58,TURN_0079,PAIRED_TURN
flight_key_v1_a851eab2de8be861f0c295f2dbe08709,ATL,ARR,2024-01-01,NK,1362.0,LAS,ATL,385,0.4406,4.409999847412109,2024-01-01_NK_1362,NARROWBODY,40,40,371,441,G16,TURN_0080,PAIRED_TURN
flight_key_v1_13497e1ed58e8e75534cd2d7d0cf9a75,ATL,DEP,2024-01-01,NK,1829.0,ATL,LAX,425,0.4406,5.92,2024-01-01_NK_1362,NARROWBODY,40,40,371,441,G16,TURN_0080,PAIRED_TURN
flight_key_v1_2851729618c47d602883c6dac8d8d152,ATL,DEP,2024-01-01,WN,454.0,ATL,BWI,430,0.1468,1.76,2024-01-01_WN_454,NARROWBODY,40,45,370,445,G39,TURN_0772,UNMATCHED_DEP
flight_key_v1_ce78b05a4885559a90cc14c55025802d,ATL,ARR,2024-01-01,DL,836.0,HNL,ATL,389,0.3093,1.8300000429153442,2024-01-01_DL_836,NARROWBODY,40,51,374,455,G10,TURN_0081,PAIRED_TURN
flight_key_v1_4f220aa1c28bc581c907c4bc1072e194,ATL,DEP,2024-01-01,DL,2039.0,ATL,FLL,440,0.3093,3.1,2024-01-01_DL_836,NARROWBODY,40,51,374,455,G10,TURN_0081,PAIRED_TURN
flight_key_v1_8ab6fb5fa3eda0e27bee0b7a5a6434ca,ATL,ARR,2024-01-01,DL,722.0,LAS,ATL,390,0.2664,1.940000057220459,2024-01-01_DL_722,NARROWBODY,40,69,375,474,G07,TURN_0082,PAIRED_TURN
flight_key_v1_c14b4eb2efe69af8c8692dbb6034a8de,ATL,DEP,2024-01-01,DL,409.0,ATL,JFK,459,0.2664,2.58,2024-01-01_DL_722,NARROWBODY,40,69,375,474,G07,TURN_0082,PAIRED_TURN
flight_key_v1_607c799bf72b0dd4ce140f6b44c6d7a6,ATL,ARR,2024-01-01,F9,4892.0,PHX,ATL,390,0.5242,2.559999942779541,2024-01-01_F9_4892,WIDEBODY,75,60,376,481,G46,TURN_0658,UNMATCHED_ARR
flight_key_v1_9068b23d849f842ee80bf1cdc0dc7326,ATL,DEP,2024-01-01,B6,2713.0,ATL,LGA,440,0.1625,1.48,2024-01-01_B6_2713,NARROWBODY,40,45,380,455,G01,TURN_0773,UNMATCHED_DEP
flight_key_v1_0e1f57fca7994f2e3aa5865792ef44bf,ATL,DEP,2024-01-01,AA,1567.0,ATL,DFW,441,0.1721,3.23,2024-01-01_AA_1567,NARROWBODY,40,45,381,456,G56,TURN_0774,UNMATCHED_DEP
flight_key_v1_90d8d52a0b52e8822feaaaf485210f77,ATL,DEP,2024-01-01,WN,983.0,ATL,HOU,445,0.1468,1.93,2024-01-01_WN_983,NARROWBODY,40,45,385,460,G51,TURN_0775,UNMATCHED_DEP
flight_key_v1_0c26dbc5af3e3030485b4be3b8210fe2,ATL,ARR,2024-01-01,F9,1116.0,LAS,ATL,401,0.6056,4.409999847412109,2024-01-01_F9_1116,NARROWBODY,40,149,388,567,G32,TURN_0083,PAIRED_TURN
flight_key_v1_ec40feaa64ad9d45086d7b56b2d8539f,ATL,DEP,2024-01-01,F9,2634.0,ATL,BWI,550,0.6056,4.06,2024-01-01_F9_1116,NARROWBODY,40,149,388,567,G32,TURN_0083,PAIRED_TURN
flight_key_v1_b772661b4ee550610bdf6e441f214dc9,ATL,DEP,2024-01-01,YX,4291.0,ATL,PHL,450,0.1625,2.38,2024-01-01_YX_4291,NARROWBODY,40,45,390,465,G53,TURN_0776,UNMATCHED_DEP
flight_key_v1_e9628553963e5d702f8e6031ed9c8df5,ATL,DEP,2024-01-01,YX,4376.0,ATL,DCA,451,0.1625,1.86,2024-01-01_YX_4376,NARROWBODY,40,45,391,466,G63,TURN_0777,UNMATCHED_DEP
flight_key_v1_4f8cba20b541c507d497a4c9187f5777,ATL,DEP,2024-01-01,NK,1306.0,ATL,ORD,470,0.194,4.72,2024-01-01_NK_1306,WIDEBODY,75,60,395,485,G09,TURN_0780,UNMATCHED_DEP
flight_key_v1_2d8fa821d99e02ab3cbd37150f191a0b,ATL,DEP,2024-01-01,DL,965.0,ATL,SEA,460,0.1624,3.18,2024-01-01_DL_965,NARROWBODY,40,45,400,475,G18,TURN_0778,UNMATCHED_DEP
flight_key_v1_c2a795d55d110cac74c30d1ff2974c90,ATL,DEP,2024-01-01,AA,1777.0,ATL,PHX,462,0.1625,1.94,2024-01-01_AA_1777,NARROWBODY,40,45,402,477,G42,TURN_0779,UNMATCHED_DEP
flight_key_v1_fd36425bf5694a4ef4920145a71b0e03,ATL,ARR,2024-01-01,DL,2409.0,GSP,ATL,423,0.1692,-0.8100000023841858,2024-01-01_DL_2409,NARROWBODY,40,57,408,495,G38,TURN_0084,PAIRED_TURN
flight_key_v1_ddb2eee170f749e6e28eace8a980ea18,ATL,DEP,2024-01-01,DL,830.0,ATL,SLC,480,0.1692,2.66,2024-01-01_DL_2409,NARROWBODY,40,57,408,495,G38,TURN_0084,PAIRED_TURN
flight_key_v1_8e001568337d9660fa1405a8148d6e76,ATL,ARR,2024-01-01,DL,1609.0,TLH,ATL,427,0.1692,-0.47999998927116394,2024-01-01_DL_1609,NARROWBODY,40,53,412,495,G04,TURN_0085,PAIRED_TURN
flight_key_v1_9ada892de43e16be2463b3b230ebce6c,ATL,DEP,2024-01-01,DL,346.0,ATL,DEN,480,0.1692,3.3,2024-01-01_DL_1609,NARROWBODY,40,53,412,495,G04,TURN_0085,PAIRED_TURN
flight_key_v1_05c1e71d63e832984a7c999cfbed202b,ATL,ARR,2024-01-01,DL,2712.0,AVL,ATL,428,0.2093,-0.9399999976158142,2024-01-01_DL_2712,WIDEBODY,75,112,413,555,G62,TURN_0086,PAIRED_TURN
flight_key_v1_ee30765c6d985391eb35ab801014a3ea,ATL,DEP,2024-01-01,DL,2174.0,ATL,DAB,540,0.2093,3.16,2024-01-01_DL_2712,WIDEBODY,75,112,413,555,G62,TURN_0086,PAIRED_TURN
flight_key_v1_04e177151a77df35c23bf6f38ba3b391,ATL,DEP,2024-01-01,DL,2207.0,ATL,IAH,490,0.1636,2.68,2024-01-01_DL_2207,WIDEBODY,75,60,415,505,G49,TURN_0783,UNMATCHED_DEP
flight_key_v1_1144f569e6ebd81040a0e4477b44caf1,ATL,DEP,2024-01-01,DL,1311.0,ATL,PBI,490,0.1751,3.67,2024-01-01_DL_1311,WIDEBODY,75,60,415,505,G20,TURN_0784,UNMATCHED_DEP
flight_key_v1_1c14a0d9851ebb5cb21d85acbecbd067,ATL,ARR,2024-01-01,DL,1579.0,CHA,ATL,432,0.1636,-0.47999998927116394,2024-01-01_DL_1579,NARROWBODY,40,58,417,505,G45,TURN_0087,PAIRED_TURN
flight_key_v1_a7bde8dd8f4a36dfc847e719d2582ecf,ATL,DEP,2024-01-01,DL,2766.0,ATL,HOU,490,0.1636,2.85,2024-01-01_DL_1579,NARROWBODY,40,58,417,505,G45,TURN_0087,PAIRED_TURN
flight_key_v1_37364af5a8620740e6d2c7acc86a9d0c,ATL,ARR,2024-01-01,9E,5053.0,TRI,ATL,435,0.1608,-1.0199999809265137,2024-01-01_9E_5053,NARROWBODY,40,65,420,515,G27,TURN_0088,PAIRED_TURN
flight_key_v1_5280282b658d3c8d61327ce4402f8ce0,ATL,DEP,2024-01-01,9E,5221.0,ATL,HSV,500,0.1608,2.23,2024-01-01_9E_5053,NARROWBODY,40,65,420,515,G27,TURN_0088,PAIRED_TURN
flight_key_v1_43882bc00ff4e088a90b30e8c2de3577,ATL,DEP,2024-01-01,AA,1049.0,ATL,MIA,480,0.1768,4.38,2024-01-01_AA_1049,NARROWBODY,40,45,420,495,G28,TURN_0781,UNMATCHED_DEP
flight_key_v1_ba16904827858e726e24db50b4f2f886,ATL,DEP,2024-01-01,WN,1078.0,ATL,FLL,480,0.17,3.2,2024-01-01_WN_1078,NARROWBODY,40,45,420,495,G36,TURN_0782,UNMATCHED_DEP
flight_key_v1_1343ba78009db42839099b78423763ed,ATL,DEP,2024-01-01,DL,1213.0,ATL,MCO,495,0.1695,3.41,2024-01-01_DL_1213,WIDEBODY,75,60,420,510,G37,TURN_0785,UNMATCHED_DEP
flight_key_v1_406bed449167ea2719cb01eeb1a6ab89,ATL,ARR,2024-01-01,DL,2041.0,SAV,ATL,440,0.1729,-1.0199999809265137,2024-01-01_DL_2041,NARROWBODY,40,50,425,505,G14,TURN_0089,PAIRED_TURN
flight_key_v1_acd0812a7007a639d28e1182a476a844,ATL,DEP,2024-01-01,DL,1089.0,ATL,RSW,490,0.1729,3.03,2024-01-01_DL_2041,NARROWBODY,40,50,425,505,G14,TURN_0089,PAIRED_TURN
flight_key_v1_f83fb9bf78f0ededa41e376f60020e2c,ATL,ARR,2024-01-01,DL,2254.0,GNV,ATL,440,0.1787,-0.47999998927116394,2024-01-01_DL_2254,NARROWBODY,40,50,425,505,G19,TURN_0090,PAIRED_TURN
flight_key_v1_adf4d6b8a25715176f10ca46f96c5f9d,ATL,DEP,2024-01-01,DL,573.0,ATL,SJU,490,0.1787,4.85,2024-01-01_DL_2254,NARROWBODY,40,50,425,505,G19,TURN_0090,PAIRED_TURN
flight_key_v1_07014cff99ff8684b7c20a485d0335d4,ATL,ARR,2024-01-01,DL,2172.0,CLT,ATL,442,0.1937,-0.47999998927116394,2024-01-01_DL_2172,WIDEBODY,75,98,427,555,G43,TURN_0091,PAIRED_TURN
flight_key_v1_9ae9662f4804b7e0b06c9805ca381ecb,ATL,DEP,2024-01-01,DL,1304.0,ATL,MSP,540,0.1937,4.02,2024-01-01_DL_2172,WIDEBODY,75,98,427,555,G43,TURN_0091,PAIRED_TURN
flight_key_v1_7969cd77e0d2a40194de8a8121e8629e,ATL,ARR,2024-01-01,OO,4115.0,CSG,ATL,444,0.3236,2.1700000762939453,2024-01-01_OO_4115,NARROWBODY,40,66,429,525,G55,TURN_0092,PAIRED_TURN
flight_key_v1_606f902701e5d9c2e2f05dc738880699,ATL,DEP,2024-01-01,OO,3711.0,ATL,AGS,510,0.3236,3.04,2024-01-01_OO_4115,NARROWBODY,40,66,429,525,G55,TURN_0092,PAIRED_TURN
flight_key_v1_06df3787fb4d11ccec275d0750171fd0,ATL,ARR,2024-01-01,DL,2967.0,MYR,ATL,446,0.1697,-1.159999966621399,2024-01-01_DL_2967,NARROWBODY,40,49,431,510,G23,TURN_0093,PAIRED_TURN
flight_key_v1_92b54000e81b275d7dae4628f2a8421c,ATL,DEP,2024-01-01,DL,849.0,ATL,BOS,495,0.1697,2.32,2024-01-01_DL_2967,NARROWBODY,40,49,431,510,G23,TURN_0093,PAIRED_TURN
flight_key_v1_8716352a1910c766e35a3d7f282dbcec,ATL,ARR,2024-01-01,9E,5255.0,VLD,ATL,447,0.2382,-0.12999999523162842,2024-01-01_9E_5255,NARROWBODY,40,58,432,520,G12,TURN_0094,PAIRED_TURN
flight_key_v1_641103979a868b5bb606748ae65b7304,ATL,DEP,2024-01-01,9E,5035.0,ATL,JAN,505,0.2382,2.23,2024-01-01_9E_5255,NARROWBODY,40,58,432,520,G12,TURN_0094,PAIRED_TURN
flight_key_v1_f3bdc1330c821a51f9fb145148db41ef,ATL,ARR,2024-01-01,DL,1675.0,GSO,ATL,447,0.1636,-1.059999942779541,2024-01-01_DL_1675,NARROWBODY,40,48,432,510,G33,TURN_0095,PAIRED_TURN
flight_key_v1_ed229d112b66ebfe98c7c56732ea74de,ATL,DEP,2024-01-01,DL,2403.0,ATL,AUS,495,0.1636,2.71,2024-01-01_DL_1675,NARROWBODY,40,48,432,510,G33,TURN_0095,PAIRED_TURN
flight_key_v1_ba025b102d50cd34584a8e1333179c23,ATL,ARR,2024-01-01,DL,2299.0,DAB,ATL,449,0.1695,-0.47999998927116394,2024-01-01_DL_2299,NARROWBODY,40,51,434,515,G05,TURN_0096,PAIRED_TURN
flight_key_v1_4682f58d9a8c4aeadf9da8e0fb2ebef1,ATL,DEP,2024-01-01,DL,1709.0,ATL,FLL,500,0.1695,3.54,2024-01-01_DL_2299,NARROWBODY,40,51,434,515,G05,TURN_0096,PAIRED_TURN
flight_key_v1_0f1f7403fa0b8c6f06654ff0e3d5bd74,ATL,ARR,2024-01-01,AS,376.0,SEA,ATL,452,0.3251,1.4299999475479126,2024-01-01_AS_376,NARROWBODY,40,88,437,555,G64,TURN_0097,PAIRED_TURN
flight_key_v1_6463afb4defe84641b91c0824e8e00bf,ATL,DEP,2024-01-01,AS,497.0,ATL,SEA,540,0.3251,0.41,2024-01-01_AS_376,NARROWBODY,40,88,437,555,G64,TURN_0097,PAIRED_TURN
flight_key_v1_c49ab6551e70fc51a8633f48d8cb1136,ATL,ARR,2024-01-01,F9,1448.0,SFO,ATL,452,0.4346,3.7699999809265137,2024-01-01_F9_1448,NARROWBODY,40,109,438,577,G40,TURN_0098,PAIRED_TURN
flight_key_v1_24cc872484b996806957ac9dbb857305,ATL,DEP,2024-01-01,F9,1102.0,ATL,PHL,561,0.4346,4.06,2024-01-01_F9_1448,NARROWBODY,40,109,438,577,G40,TURN_0098,PAIRED_TURN
flight_key_v1_b4ce421db4774fc6be30af4c6f51aeef,ATL,ARR,2024-01-01,DL,2407.0,CAE,ATL,453,0.1751,-0.7799999713897705,2024-01-01_DL_2407,NARROWBODY,40,47,438,515,G41,TURN_0099,PAIRED_TURN
flight_key_v1_9a177db57fc39b5639379f59a83a569a,ATL,DEP,2024-01-01,DL,373.0,ATL,DFW,500,0.1751,4.39,2024-01-01_DL_2407,NARROWBODY,40,47,438,515,G41,TURN_0099,PAIRED_TURN
flight_key_v1_b75c60d9b1287e07aa27d2e1ccc0957f,ATL,ARR,2024-01-01,DL,1289.0,RSW,ATL,454,0.1636,-0.8299999833106995,2024-01-01_DL_1289,NARROWBODY,40,46,439,515,G08,TURN_0100,PAIRED_TURN
flight_key_v1_95dc20a470aade2e2719c9915439e857,ATL,DEP,2024-01-01,DL,1676.0,ATL,SAT,500,0.1636,2.88,2024-01-01_DL_1289,NARROWBODY,40,46,439,515,G08,TURN_0100,PAIRED_TURN
flight_key_v1_6da11d69cea217002a10c3136c5572ba,ATL,ARR,2024-01-01,DL,2362.0,TPA,ATL,455,0.1966,-0.8299999833106995,2024-01-01_DL_2362,NARROWBODY,40,45,440,515,G65,TURN_0101,PAIRED_TURN
flight_key_v1_89c62890f1ff1499b0db3cabc2b1e0ed,ATL,DEP,2024-01-01,DL,1134.0,ATL,SRQ,500,0.1966,4.12,2024-01-01_DL_2362,NARROWBODY,40,45,440,515,G65,TURN_0101,PAIRED_TURN
flight_key_v1_331d8a7d07e9b2f9a4b5a2cb7a7cbf55,ATL,ARR,2024-01-01,DL,1077.0,FAY,ATL,455,0.1954,-0.12999999523162842,2024-01-01_DL_1077,NARROWBODY,40,50,440,520,G52,TURN_0102,PAIRED_TURN
flight_key_v1_b68f8fc82c97888f08581c4c1e39f521,ATL,DEP,2024-01-01,DL,884.0,ATL,SFO,505,0.1954,7.93,2024-01-01_DL_1077,NARROWBODY,40,50,440,520,G52,TURN_0102,PAIRED_TURN
flight_key_v1_4c35e81045d77eac05f77e51a8f9a001,ATL,ARR,2024-01-01,DL,2574.0,SDF,ATL,455,0.2143,-0.7799999713897705,2024-01-01_DL_2574,NARROWBODY,40,54,440,524,G03,TURN_0103,PAIRED_TURN
flight_key_v1_742e6a8c886f27d7302c0f38a6ada121,ATL,DEP,2024-01-01,DL,1227.0,ATL,TPA,509,0.2143,2.9,2024-01-01_DL_2574,NARROWBODY,40,54,440,524,G03,TURN_0103,PAIRED_TURN
flight_key_v1_c9d4c872175e0345476cb697e09ce28d,ATL,ARR,2024-01-01,DL,1607.0,RDU,ATL,455,0.1636,-0.6100000143051147,2024-01-01_DL_1607,NARROWBODY,40,55,440,525,G22,TURN_0104,PAIRED_TURN
flight_key_v1_9bc5ebcf5fcc613583c8964402a38b84,ATL,DEP,2024-01-01,DL,777.0,ATL,LAS,510,0.1636,4.16,2024-01-01_DL_1607,NARROWBODY,40,55,440,525,G22,TURN_0104,PAIRED_TURN
flight_key_v1_a55e4daab56e9ab063aef0acdeae38b5,ATL,ARR,2024-01-01,DL,2621.0,ILM,ATL,455,0.1636,-0.7200000286102295,2024-01-01_DL_2621,NARROWBODY,40,55,440,525,G29,TURN_0105,PAIRED_TURN
flight_key_v1_43e27f0341611f0476e291c9540851b6,ATL,DEP,2024-01-01,DL,733.0,ATL,PHX,510,0.1636,3.05,2024-01-01_DL_2621,NARROWBODY,40,55,440,525,G29,TURN_0105,PAIRED_TURN
flight_key_v1_c26c40eac943fc0b151ec91f61903070,ATL,ARR,2024-01-01,OO,3816.0,AGS,ATL,455,0.4109,2.9600000381469727,2024-01-01_OO_3816,NARROWBODY,40,125,441,596,G30,TURN_0106,PAIRED_TURN
flight_key_v1_dfd482bbec04977b4ae67ee02fd0517e,ATL,DEP,2024-01-01,OO,3841.0,ATL,EVV,580,0.4109,3.55,2024-01-01_OO_3816,NARROWBODY,40,125,441,596,G30,TURN_0106,PAIRED_TURN
flight_key_v1_867da9ff38b43af9d49b5b2c4951d142,ATL,DEP,2024-01-01,WN,259.0,ATL,DCA,515,0.1697,1.91,2024-01-01_WN_259,WIDEBODY,75,60,440,530,G59,TURN_0787,UNMATCHED_DEP
flight_key_v1_198509dd324167900bb70343064e1e5d,ATL,ARR,2024-01-01,WN,2977.0,RSW,ATL,460,0.1641,-0.5899999737739563,2024-01-01_WN_2977,NARROWBODY,40,60,445,535,G50,TURN_0043,PAIRED_TURN
flight_key_v1_13dd50451f41e714e4d99d894e386c40,ATL,DEP,2024-01-01,WN,2977.0,ATL,JAN,520,0.1641,2.31,2024-01-01_WN_2977,NARROWBODY,40,60,445,535,G50,TURN_0043,PAIRED_TURN
flight_key_v1_638cab53aa8a3da262422481f4ba92bb,ATL,ARR,2024-01-01,DL,2931.0,MLB,ATL,460,0.1756,-1.2899999618530273,2024-01-01_DL_2931,NARROWBODY,40,63,445,538,G61,TURN_0107,PAIRED_TURN
flight_key_v1_bd6b54951a11700f7a489b3628c832c6,ATL,DEP,2024-01-01,DL,474.0,ATL,ORD,523,0.1756,3.75,2024-01-01_DL_2931,NARROWBODY,40,63,445,538,G61,TURN_0107,PAIRED_TURN
flight_key_v1_3ecbc1e210d81d134324f9cf35e9388a,ATL,ARR,2024-01-01,DL,1036.0,MCO,ATL,461,0.182,-0.47999998927116394,2024-01-01_DL_1036,WIDEBODY,75,94,446,570,G47,TURN_0108,PAIRED_TURN
flight_key_v1_574316f08392f76e28dec427dae92cf3,ATL,DEP,2024-01-01,DL,1063.0,ATL,MDW,555,0.182,3.16,2024-01-01_DL_1036,WIDEBODY,75,94,446,570,G47,TURN_0108,PAIRED_TURN
flight_key_v1_163ae8915e478c03579d0a134d0fe34c,ATL,ARR,2024-01-01,DL,2441.0,CVG,ATL,462,0.2167,-0.47999998927116394,2024-01-01_DL_2441,NARROWBODY,40,63,447,540,G06,TURN_0109,PAIRED_TURN
flight_key_v1_2606658f947a00de03a246009c2d9881,ATL,DEP,2024-01-01,DL,898.0,ATL,LAX,525,0.2167,4.6,2024-01-01_DL_2441,NARROWBODY,40,63,447,540,G06,TURN_0109,PAIRED_TURN
flight_key_v1_7c52dada7dab2db11075643c517c2e79,ATL,ARR,2024-01-01,9E,5239.0,LEX,ATL,462,0.2464,-0.47999998927116394,2024-01-01_9E_5239,NARROWBODY,40,78,447,555,G13,TURN_0110,PAIRED_TURN
flight_key_v1_c31613498c0091ba635446cd4bf7ce3e,ATL,DEP,2024-01-01,9E,4935.0,ATL,ILM,540,0.2464,3.01,2024-01-01_9E_5239,NARROWBODY,40,78,447,555,G13,TURN_0110,PAIRED_TURN
flight_key_v1_899f7d89002bb7fb1bfa911c2f4da0a8,ATL,ARR,2024-01-01,DL,2469.0,CMH,ATL,462,0.1912,-1.0399999618530273,2024-01-01_DL_2469,WIDEBODY,75,98,447,575,G54,TURN_0111,PAIRED_TURN
flight_key_v1_8d8640865b589e01301d84257d6cd22d,ATL,DEP,2024-01-01,DL,2315.0,ATL,ECP,560,0.1912,3.21,2024-01-01_DL_2469,WIDEBODY,75,98,447,575,G54,TURN_0111,PAIRED_TURN
flight_key_v1_97113d0b2a89c1ee910b304bf63fbee6,ATL,ARR,2024-01-01,DL,1352.0,ROA,ATL,462,0.2677,-0.12999999523162842,2024-01-01_DL_1352,NARROWBODY,40,63,447,540,G35,TURN_0112,PAIRED_TURN
flight_key_v1_502465b4984c5fe731306b8dada3a5a7,ATL,DEP,2024-01-01,DL,2703.0,ATL,MSY,525,0.2677,2.44,2024-01-01_DL_1352,NARROWBODY,40,63,447,540,G35,TURN_0112,PAIRED_TURN
flight_key_v1_626bae707de90cd0b2955a2ecc9baadc,ATL,ARR,2024-01-01,WN,245.0,FLL,ATL,465,0.1697,-0.3799999952316284,2024-01-01_WN_245,NARROWBODY,75,55,450,535,G26,TURN_0035,PAIRED_TURN
flight_key_v1_6c9b596fc6df68d5a2b7710f2cf5b815,ATL,DEP,2024-01-01,WN,245.0,ATL,MCI,520,0.1697,2.11,2024-01-01_WN_245,NARROWBODY,75,55,450,535,G26,TURN_0035,PAIRED_TURN
flight_key_v1_072b3d8eec28bae9119e9e298c9eb838,ATL,ARR,2024-01-01,NK,3100.0,MIA,ATL,465,0.2327,2.0999999046325684,2024-01-01_NK_3100,NARROWBODY,40,56,450,536,G39,TURN_0113,PAIRED_TURN
flight_key_v1_46931a9aa739ac0d21d93a644f6cb06e,ATL,DEP,2024-01-01,NK,1209.0,ATL,MCO,521,0.2327,5.2,2024-01-01_NK_3100,NARROWBODY,40,56,450,536,G39,TURN_0113,PAIRED_TURN
flight_key_v1_d60497a9bdaa540a44baa1cfd10fb7f5,ATL,ARR,2024-01-01,WN,3705.0,RDU,ATL,465,0.1641,-0.3700000047683716,2024-01-01_WN_3705,NARROWBODY,40,50,450,530,G60,TURN_0114,PAIRED_TURN
flight_key_v1_fb9c6c8ab6171c9bdbe7ffcd83fcdf88,ATL,DEP,2024-01-01,WN,1021.0,ATL,BWI,515,0.1641,2.31,2024-01-01_WN_3705,NARROWBODY,40,50,450,530,G60,TURN_0114,PAIRED_TURN
flight_key_v1_6bde4dd3656233fd81751e4d8c465bc3,ATL,DEP,2024-01-01,WN,3303.0,ATL,MCO,525,0.17,3.15,2024-01-01_WN_3303,WIDEBODY,75,60,450,540,G11,TURN_0789,UNMATCHED_DEP
flight_key_v1_47287de274dd68f226505178e6c476b9,ATL,ARR,2024-01-01,DL,2637.0,BNA,ATL,466,0.1692,-0.47999998927116394,2024-01-01_DL_2637,NARROWBODY,40,69,451,550,G24,TURN_0115,PAIRED_TURN
flight_key_v1_0547b9de04908f023f45574bc060cf72,ATL,DEP,2024-01-01,DL,2632.0,ATL,OMA,535,0.1692,2.65,2024-01-01_DL_2637,NARROWBODY,40,69,451,550,G24,TURN_0115,PAIRED_TURN
