session_id,session_type,aircraft_type,sched_start_min,sched_end_min,pred_start_min,pred_end_min,actual_start_min,actual_end_min,initial_gate,greedy_gate,cpsat_gate,sa_gate,greedy_reassigned,cpsat_reassigned,sa_reassigned
TURN_0650,UNMATCHED_ARR,NARROWBODY,25,70,29,82,35,80,G01,G01,G01,G01,False,False,False
TURN_0651,UNMATCHED_ARR,NARROWBODY,28,73,32,83,19,64,G02,G02,G02,G02,False,False,False
TURN_0652,UNMATCHED_ARR,NARROWBODY,31,76,35,86,20,65,G03,G03,G03,G03,False,False,False
TURN_0653,UNMATCHED_ARR,NARROWBODY,35,80,39,91,18,63,G04,G04,G04,G04,False,False,False
TURN_0654,UNMATCHED_ARR,WIDEBODY,40,100,44,113,68,128,G05,G05,G05,G05,False,False,False
TURN_0655,UNMATCHED_ARR,NARROWBODY,41,86,45,100,39,84,G06,G06,G06,G06,False,False,False
TURN_0656,UNMATCHED_ARR,NARROWBODY,44,89,48,100,10,55,G07,G07,G07,G07,False,False,False
TURN_0657,UNMATCHED_ARR,NARROWBODY,45,90,49,101,62,107,G08,G08,G08,G08,False,False,False
TURN_0069,PAIRED_TURN,NARROWBODY,243,350,246,361,267,340,G09,G09,G09,G09,False,False,False
TURN_0746,UNMATCHED_DEP,NARROWBODY,276,321,280,328,291,336,G10,G10,G10,G10,False,False,False
TURN_0747,UNMATCHED_DEP,NARROWBODY,290,335,293,341,296,341,G11,G11,G11,G11,False,False,False
TURN_0748,UNMATCHED_DEP,NARROWBODY,291,336,294,341,282,327,G12,G12,G12,G12,False,False,False
TURN_0070,PAIRED_TURN,WIDEBODY,300,480,300,487,283,476,G13,G13,G13,G13,False,False,False
TURN_0749,UNMATCHED_DEP,NARROWBODY,302,347,304,351,292,337,G14,G14,G14,G14,False,False,False
TURN_0752,UNMATCHED_DEP,WIDEBODY,310,370,313,376,305,365,G15,G15,G15,G15,False,False,False
TURN_0753,UNMATCHED_DEP,WIDEBODY,310,370,311,373,313,373,G16,G16,G16,G16,False,False,False
TURN_0071,PAIRED_TURN,NARROWBODY,311,360,312,367,295,356,G17,G17,G17,G17,False,False,False
TURN_0072,PAIRED_TURN,WIDEBODY,315,484,316,489,312,472,G19,G19,G19,G19,False,False,False
TURN_0750,UNMATCHED_DEP,NARROWBODY,315,360,316,363,308,353,G18,G18,G18,G18,False,False,False
TURN_0751,UNMATCHED_DEP,NARROWBODY,320,365,321,368,318,363,G20,G20,G20,G20,False,False,False
TURN_0073,PAIRED_TURN,NARROWBODY,329,425,330,431,304,424,G21,G21,G21,G21,False,False,False
TURN_0754,UNMATCHED_DEP,NARROWBODY,330,375,331,378,329,374,G22,G22,G22,G22,False,False,False
TURN_0755,UNMATCHED_DEP,NARROWBODY,330,375,332,380,374,419,G23,G23,G23,G23,False,False,False
TURN_0759,UNMATCHED_DEP,WIDEBODY,330,390,332,394,614,674,G24,G24,G24,G24,False,False,False
TURN_0760,UNMATCHED_DEP,WIDEBODY,331,391,333,395,319,379,G25,G25,G25,G25,False,False,False
TURN_0756,UNMATCHED_DEP,NARROWBODY,335,380,339,387,333,378,G26,G26,G26,G26,False,False,False
TURN_0757,UNMATCHED_DEP,NARROWBODY,335,380,336,383,338,383,G27,G27,G27,G27,False,False,False
TURN_0761,UNMATCHED_DEP,WIDEBODY,335,395,336,398,335,395,G28,G28,G28,G28,False,False,False
TURN_0758,UNMATCHED_DEP,NARROWBODY,340,385,341,388,340,385,G29,G29,G29,G29,False,False,False
TURN_0762,UNMATCHED_DEP,WIDEBODY,340,400,342,404,331,391,G30,G30,G30,G30,False,False,False
TURN_0074,PAIRED_TURN,NARROWBODY,343,402,347,411,330,398,G31,G31,G31,G31,False,False,False
TURN_0075,PAIRED_TURN,NARROWBODY,344,425,345,432,342,423,G32,G32,G32,G32,False,False,False
TURN_0076,PAIRED_TURN,NARROWBODY,350,405,353,414,297,421,G33,G33,G33,G33,False,False,False
TURN_0077,PAIRED_TURN,NARROWBODY,354,504,357,515,548,588,G34,G34,G34,G34,False,False,False
TURN_0763,UNMATCHED_DEP,NARROWBODY,355,400,356,403,365,410,G35,G35,G35,G35,False,False,False
TURN_0764,UNMATCHED_DEP,NARROWBODY,360,405,362,409,362,407,G36,G36,G36,G36,False,False,False
TURN_0765,UNMATCHED_DEP,NARROWBODY,360,405,363,411,359,404,G37,G37,G37,G37,False,False,False
TURN_0769,UNMATCHED_DEP,WIDEBODY,360,420,360,422,353,413,G38,G38,G38,G38,False,False,False
TURN_0766,UNMATCHED_DEP,NARROWBODY,365,410,366,413,361,406,G39,G39,G39,G39,False,False,False
TURN_0771,UNMATCHED_DEP,WIDEBODY,365,425,366,428,363,423,G40,G40,G40,G40,False,False,False
TURN_0078,PAIRED_TURN,NARROWBODY,366,434,367,442,339,432,G41,G41,G41,G41,False,False,False
TURN_0767,UNMATCHED_DEP,NARROWBODY,370,415,371,418,368,413,G42,G42,G42,G42,False,False,False
TURN_0768,UNMATCHED_DEP,NARROWBODY,375,420,374,421,419,464,G43,G43,G43,G43,False,False,False
TURN_0770,UNMATCHED_DEP,NARROWBODY,375,420,376,423,374,419,G44,G44,G44,G44,False,False,False
TURN_0079,PAIRED_TURN,NARROWBODY,379,435,379,440,346,434,G45,G45,G45,G45,False,False,False
TURN_0080,PAIRED_TURN,NARROWBODY,385,425,389,437,405,422,G46,G46,G46,G46,False,False,False
TURN_0772,UNMATCHED_DEP,NARROWBODY,385,430,386,433,394,439,G47,G47,G47,G47,False,False,False
TURN_0081,PAIRED_TURN,NARROWBODY,389,440,390,448,359,439,G48,G48,G48,G48,False,False,False
TURN_0082,PAIRED_TURN,NARROWBODY,390,459,391,465,363,474,G50,G50,G50,G50,False,False,False
TURN_0658,UNMATCHED_ARR,WIDEBODY,390,450,392,460,382,442,G49,G49,G49,G49,False,False,False
TURN_0773,UNMATCHED_DEP,NARROWBODY,395,440,396,443,387,432,G51,G51,G51,G51,False,False,False
TURN_0774,UNMATCHED_DEP,NARROWBODY,396,441,399,447,386,431,G52,G52,G52,G52,False,False,False
TURN_0775,UNMATCHED_DEP,NARROWBODY,400,445,401,448,395,440,G53,G53,G53,G53,False,False,False
TURN_0083,PAIRED_TURN,NARROWBODY,401,550,405,563,420,547,G54,G54,G54,G54,False,False,False
TURN_0776,UNMATCHED_DEP,NARROWBODY,405,450,407,454,401,446,G55,G55,G55,G55,False,False,False
TURN_0777,UNMATCHED_DEP,NARROWBODY,406,451,407,454,398,443,G56,G56,G56,G56,False,False,False
TURN_0780,UNMATCHED_DEP,WIDEBODY,410,470,414,477,402,462,G57,G57,G57,G57,False,False,False
TURN_0778,UNMATCHED_DEP,NARROWBODY,415,460,418,465,416,461,G58,G58,G58,G58,False,False,False
TURN_0779,UNMATCHED_DEP,NARROWBODY,417,462,418,465,411,456,G59,G59,G59,G59,False,False,False
TURN_0084,PAIRED_TURN,NARROWBODY,423,480,422,485,407,476,G60,G60,G60,G60,False,False,False
TURN_0085,PAIRED_TURN,NARROWBODY,427,480,426,486,421,487,G61,G61,G61,G61,False,False,False
TURN_0086,PAIRED_TURN,WIDEBODY,428,540,427,546,414,537,G62,G62,G62,G62,False,False,False
TURN_0783,UNMATCHED_DEP,WIDEBODY,430,490,432,494,427,487,G63,G63,G63,G63,False,False,False
TURN_0784,UNMATCHED_DEP,WIDEBODY,430,490,433,496,431,491,G64,G64,G64,G64,False,False,False
TURN_0087,PAIRED_TURN,NARROWBODY,432,490,431,494,420,485,G65,G65,G65,G65,False,False,False
TURN_0088,PAIRED_TURN,NARROWBODY,435,500,433,504,435,495,G69,G69,G69,G69,False,False,False
TURN_0781,UNMATCHED_DEP,NARROWBODY,435,480,439,487,429,474,G66,G66,G66,G66,False,False,False
TURN_0782,UNMATCHED_DEP,NARROWBODY,435,480,438,486,436,481,G67,G67,G67,G67,False,False,False
TURN_0785,UNMATCHED_DEP,WIDEBODY,435,495,438,501,472,532,G68,G68,G68,G68,False,False,False
TURN_0089,PAIRED_TURN,NARROWBODY,440,490,438,496,426,488,G70,G70,G70,G70,False,False,False
TURN_0090,PAIRED_TURN,NARROWBODY,440,490,439,497,423,489,G71,G71,G71,G71,False,False,False
TURN_0091,PAIRED_TURN,WIDEBODY,442,540,441,547,418,537,G72,G72,G72,G72,False,False,False
TURN_0092,PAIRED_TURN,NARROWBODY,444,510,446,518,431,503,G73,G73,G73,G73,False,False,False
TURN_0093,PAIRED_TURN,NARROWBODY,446,495,444,500,425,495,G74,G74,G74,G74,False,False,False
TURN_0094,PAIRED_TURN,NARROWBODY,447,505,446,511,428,501,G76,G76,G76,G76,False,False,False
TURN_0095,PAIRED_TURN,NARROWBODY,447,495,445,499,438,493,G75,G75,G75,G75,False,False,False
TURN_0096,PAIRED_TURN,NARROWBODY,449,500,448,506,433,494,G77,G77,G77,G77,False,False,False
TURN_0097,PAIRED_TURN,NARROWBODY,452,540,453,545,445,541,G78,G78,G78,G78,False,False,False
TURN_0098,PAIRED_TURN,NARROWBODY,452,561,455,572,466,555,G79,G79,G79,G79,False,False,False
TURN_0099,PAIRED_TURN,NARROWBODY,453,500,452,507,452,497,G80,G80,G80,G80,False,False,False
TURN_0100,PAIRED_TURN,NARROWBODY,454,500,453,504,437,497,G81,G81,G81,G81,False,False,False
TURN_0101,PAIRED_TURN,NARROWBODY,455,500,454,507,449,512,G82,G82,G82,G82,False,False,False
TURN_0102,PAIRED_TURN,NARROWBODY,455,505,454,515,447,503,G83,G83,G83,G83,False,False,False
TURN_0103,PAIRED_TURN,NARROWBODY,455,509,454,514,438,507,G84,G84,G84,G84,False,False,False
TURN_0104,PAIRED_TURN,NARROWBODY,455,510,454,516,450,508,G85,G85,G85,G85,False,False,False
TURN_0105,PAIRED_TURN,NARROWBODY,455,510,454,515,439,508,G86,G86,G86,G86,False,False,False
TURN_0106,PAIRED_TURN,NARROWBODY,455,580,457,589,441,578,G88,G88,G88,G88,False,False,False
TURN_0787,UNMATCHED_DEP,WIDEBODY,455,515,456,519,463,523,G87,G87,G87,G87,False,False,False
TURN_0043,PAIRED_TURN,NARROWBODY,460,520,459,524,448,516,G89,G89,G89,G89,False,False,False
TURN_0107,PAIRED_TURN,NARROWBODY,460,523,458,529,445,523,G90,G90,G90,G90,False,False,False
TURN_0108,PAIRED_TURN,WIDEBODY,461,555,460,561,467,552,G91,G91,G91,G91,False,False,False
TURN_0109,PAIRED_TURN,NARROWBODY,462,525,461,532,449,534,G92,G92,G92,G92,False,False,False
TURN_0110,PAIRED_TURN,NARROWBODY,462,540,461,547,434,551,G94,G94,G94,G94,False,False,False
TURN_0111,PAIRED_TURN,WIDEBODY,462,560,460,566,472,557,G95,G95,G95,G95,False,False,False
TURN_0112,PAIRED_TURN,NARROWBODY,462,525,461,531,432,524,G93,G93,G93,G93,False,False,False
TURN_0035,PAIRED_TURN,NARROWBODY,465,520,464,542,454,519,G97,G97,G97,G97,False,False,False
TURN_0113,PAIRED_TURN,NARROWBODY,465,521,467,529,451,513,G98,G98,G98,G98,False,False,False
TURN_0114,PAIRED_TURN,NARROWBODY,465,515,464,519,451,514,G96,G96,G96,G96,False,False,False
TURN_0789,UNMATCHED_DEP,WIDEBODY,465,525,468,531,461,521,G99,G99,G99,G99,False,False,False
TURN_0115,PAIRED_TURN,NARROWBODY,466,535,465,540,444,532,G100,G100,G100,G100,False,False,False
TURN_0116,PAIRED_TURN,WIDEBODY,466,587,465,593,466,587,G101,G101,G101,G101,False,False,False
TURN_0786,UNMATCHED_DEP,NARROWBODY,467,512,470,518,460,505,G102,G102,G102,G102,False,False,False
TURN_0117,PAIRED_TURN,NARROWBODY,468,535,466,539,464,534,G103,G103,G103,G103,False,False,False
TURN_0008,PAIRED_TURN,NARROWBODY,470,525,469,540,476,532,G106,G106,G106,G106,False,False,False
TURN_0027,PAIRED_TURN,NARROWBODY,470,520,469,525,458,516,G105,G105,G105,G105,False,False,False
TURN_0066,PAIRED_TURN,NARROWBODY,470,515,469,520,481,521,G104,G104,G104,G104,False,False,False
TURN_0118,PAIRED_TURN,NARROWBODY,473,535,472,539,463,529,G107,G107,G107,G107,False,False,False
TURN_0013,PAIRED_TURN,NARROWBODY,475,520,474,524,478,530,G108,G108,G108,G108,False,False,False
TURN_0058,PAIRED_TURN,NARROWBODY,475,520,474,551,471,527,G109,G109,G109,G109,False,False,False
TURN_0062,PAIRED_TURN,NARROWBODY,475,530,474,534,460,525,G110,G110,G110,G110,False,False,False
TURN_0119,PAIRED_TURN,WIDEBODY,475,592,474,598,474,581,G112,G112,G112,G112,False,False,False
TURN_0120,PAIRED_TURN,NARROWBODY,475,535,474,540,454,529,G111,G111,G111,G111,False,False,False
TURN_0121,PAIRED_TURN,NARROWBODY,477,535,476,539,469,531,G113,G113,G113,G113,False,False,False
TURN_0122,PAIRED_TURN,NARROWBODY,478,542,476,548,458,538,G114,G114,G114,G114,False,False,False
TURN_0123,PAIRED_TURN,NARROWBODY,479,555,478,562,473,550,G115,G115,G115,G115,False,False,False
TURN_0124,PAIRED_TURN,NARROWBODY,480,565,479,571,463,567,G119,G119,G119,G119,False,False,False
TURN_0125,PAIRED_TURN,WIDEBODY,480,585,479,591,463,583,G120,G120,G120,G120,False,False,False
TURN_0126,PAIRED_TURN,NARROWBODY,480,535,478,539,471,530,G117,G117,G117,G117,False,False,False
TURN_0788,UNMATCHED_DEP,NARROWBODY,480,525,486,534,472,517,G116,G116,G116,G116,False,False,False
TURN_0791,UNMATCHED_DEP,WIDEBODY,480,540,483,546,476,536,G118,G118,G118,G118,False,False,False
TURN_0127,PAIRED_TURN,NARROWBODY,482,535,481,542,464,533,G121,G121,G121,G121,False,False,False
TURN_0128,PAIRED_TURN,NARROWBODY,482,590,484,599,465,586,G122,G122,G122,G122,False,False,False
TURN_0129,PAIRED_TURN,NARROWBODY,483,615,485,624,482,614,G125,G125,G125,G125,False,False,False
TURN_0130,PAIRED_TURN,NARROWBODY,483,539,481,544,467,536,G123,G123,G123,G123,False,False,False
TURN_0131,PAIRED_TURN,NARROWBODY,483,539,481,543,485,534,G124,G124,G124,G124,False,False,False
TURN_0132,PAIRED_TURN,NARROWBODY,484,540,482,547,459,537,G126,G126,G126,G126,False,False,False
TURN_0133,PAIRED_TURN,NARROWBODY,484,555,483,561,457,543,G127,G127,G127,G127,False,False,False
TURN_0134,PAIRED_TURN,NARROWBODY,485,540,484,557,473,538,G128,G128,G128,G128,False,False,False
TURN_0135,PAIRED_TURN,NARROWBODY,485,540,484,546,466,535,G129,G129,G129,G129,False,False,False
TURN_0136,PAIRED_TURN,NARROWBODY,485,540,484,546,479,544,G130,G130,G130,G130,False,False,False
TURN_0137,PAIRED_TURN,NARROWBODY,485,545,484,551,470,539,G131,G131,G131,G131,False,False,False
TURN_0792,UNMATCHED_DEP,WIDEBODY,487,547,490,553,483,543,G132,G132,G132,G132,False,False,False
TURN_0138,PAIRED_TURN,NARROWBODY,488,545,487,551,482,543,G133,G133,G133,G133,False,False,False
TURN_0139,PAIRED_TURN,NARROWBODY,488,550,486,556,469,545,G134,G134,G134,G134,False,False,False
TURN_0140,PAIRED_TURN,NARROWBODY,489,550,488,556,456,543,G135,G135,G135,G135,False,False,False
TURN_0049,PAIRED_TURN,NARROWBODY,490,530,489,535,478,527,G136,G136,G136,G136,False,False,False
TURN_0141,PAIRED_TURN,NARROWBODY,493,660,495,668,479,655,G138,G138,G138,G138,False,False,False
TURN_0142,PAIRED_TURN,NARROWBODY,493,550,492,556,493,544,G137,G137,G137,G137,False,False,False
TURN_0143,PAIRED_TURN,NARROWBODY,495,550,493,556,480,546,G140,G140,G140,G140,False,False,False
TURN_0790,UNMATCHED_DEP,NARROWBODY,495,540,499,547,603,648,G139,G139,G139,G139,False,False,False
TURN_0144,PAIRED_TURN,NARROWBODY,496,550,495,556,490,548,G141,G141,G141,G141,False,False,False
TURN_0145,PAIRED_TURN,NARROWBODY,497,555,496,561,475,554,G142,G142,G142,G142,False,False,False
TURN_0146,PAIRED_TURN,NARROWBODY,497,560,496,566,471,558,G143,G143,G143,G143,False,False,False
TURN_0147,PAIRED_TURN,NARROWBODY,499,555,497,560,474,550,G144,G144,G144,G144,False,False,False
TURN_0148,PAIRED_TURN,NARROWBODY,499,665,501,674,462,667,G146,G146,G146,G146,False,False,False
TURN_0149,PAIRED_TURN,NARROWBODY,499,555,498,562,485,558,G145,G145,G145,G145,False,False,False
TURN_0150,PAIRED_TURN,NARROWBODY,500,555,499,560,516,551,G147,G147,G147,G147,False,False,False
TURN_0151,PAIRED_TURN,WIDEBODY,500,593,499,599,500,593,G150,G150,G150,G150,False,False,False
TURN_0152,PAIRED_TURN,NARROWBODY,500,557,499,563,492,549,G148,G148,G148,G148,False,False,False
TURN_0795,UNMATCHED_DEP,WIDEBODY,500,560,503,566,495,555,G149,G149,G149,G149,False,False,False
TURN_0153,PAIRED_TURN,NARROWBODY,502,559,500,565,473,584,G151,G151,G151,G151,False,False,False
TURN_0154,PAIRED_TURN,WIDEBODY,504,609,503,615,497,617,G152,G152,G152,G152,False,False,False
TURN_0155,PAIRED_TURN,WIDEBODY,505,599,504,606,491,624,G154,G154,G154,G154,False,False,False
TURN_0796,UNMATCHED_DEP,WIDEBODY,505,565,508,571,493,553,G153,G153,G153,G153,False,False,False
TURN_0156,PAIRED_TURN,NARROWBODY,507,560,506,566,497,557,G155,G155,G155,G155,False,False,False
TURN_0157,PAIRED_TURN,NARROWBODY,508,561,507,568,703,743,G156,G156,G156,G156,False,False,False
TURN_0158,PAIRED_TURN,NARROWBODY,509,565,507,571,502,563,G157,G157,G157,G157,False,False,False
TURN_0793,UNMATCHED_DEP,NARROWBODY,510,555,513,561,505,550,G158,G158,G158,G158,False,False,False
TURN_0794,UNMATCHED_DEP,NARROWBODY,510,555,512,560,510,555,G159,G159,G159,G159,False,False,False
TURN_0159,PAIRED_TURN,NARROWBODY,511,567,510,573,501,561,G160,G160,G160,G160,False,False,False
TURN_0160,PAIRED_TURN,NARROWBODY,512,570,521,581,511,568,G161,G161,G161,G161,False,False,False
TURN_0659,UNMATCHED_ARR,WIDEBODY,512,572,511,575,477,537,G01,G01,G01,G01,False,False,False
TURN_0161,PAIRED_TURN,NARROWBODY,513,570,514,580,511,582,G02,G02,G02,G02,False,False,False
TURN_0162,PAIRED_TURN,NARROWBODY,514,574,513,580,506,569,G03,G03,G03,G03,False,False,False
TURN_0163,PAIRED_TURN,NARROWBODY,516,580,515,587,486,575,G04,G04,G04,G04,False,False,False
TURN_0164,PAIRED_TURN,NARROWBODY,517,580,515,587,507,584,G06,G06,G06,G06,False,False,False
TURN_0165,PAIRED_TURN,NARROWBODY,519,581,517,590,513,579,G07,G07,G07,G07,False,False,False
TURN_0166,PAIRED_TURN,WIDEBODY,519,615,517,621,501,612,G08,G08,G08,G08,False,False,False
TURN_0167,PAIRED_TURN,NARROWBODY,522,582,521,588,540,577,G05,G05,G05,G05,False,False,False
TURN_0168,PAIRED_TURN,NARROWBODY,523,585,521,594,499,584,G10,G10,G10,G10,False,False,False
TURN_0169,PAIRED_TURN,NARROWBODY,524,585,523,590,522,590,G11,G11,G11,G11,False,False,False
TURN_0170,PAIRED_TURN,NARROWBODY,524,590,523,596,506,580,G12,G12,G12,G12,False,False,False
TURN_0171,PAIRED_TURN,NARROWBODY,524,590,522,596,495,588,G14,G14,G14,G14,False,False,False
TURN_0172,PAIRED_TURN,NARROWBODY,524,590,523,596,537,586,G09,G09,G09,G09,False,False,False
TURN_0173,PAIRED_TURN,NARROWBODY,526,595,525,608,544,594,G17,G17,G17,G17,False,False,False
TURN_0174,PAIRED_TURN,NARROWBODY,527,719,528,727,486,715,G18,G18,G18,G18,False,False,False
TURN_0175,PAIRED_TURN,NARROWBODY,528,580,527,586,501,590,G20,G20,G20,G20,False,False,False
TURN_0176,PAIRED_TURN,NARROWBODY,528,595,526,601,516,595,G15,G15,G15,G15,False,False,False
TURN_0177,PAIRED_TURN,NARROWBODY,529,580,527,585,520,579,G16,G16,G16,G16,False,False,False
TURN_0178,PAIRED_TURN,NARROWBODY,529,596,527,602,542,589,G22,G22,G22,G22,False,False,False
TURN_0179,PAIRED_TURN,NARROWBODY,530,595,529,601,501,592,G26,G26,G26,G26,False,False,False
TURN_0180,PAIRED_TURN,NARROWBODY,530,570,529,576,514,575,G23,G23,G23,G23,False,False,False
TURN_0181,PAIRED_TURN,NARROWBODY,532,597,531,603,512,595,G27,G27,G27,G27,False,False,False
TURN_0182,PAIRED_TURN,WIDEBODY,533,658,532,665,503,655,G24,G24,G24,G24,False,False,False
TURN_0183,PAIRED_TURN,NARROWBODY,533,599,532,606,506,606,G29,G29,G29,G29,False,False,False
TURN_0184,PAIRED_TURN,NARROWBODY,533,763,535,771,514,758,G25,G25,G25,G25,False,False,False
TURN_0185,PAIRED_TURN,NARROWBODY,534,600,533,607,512,622,G30,G30,G30,G30,False,False,False
TURN_0186,PAIRED_TURN,NARROWBODY,534,605,533,612,544,602,G35,G35,G35,G35,False,False,False
TURN_0187,PAIRED_TURN,NARROWBODY,534,599,532,605,511,611,G28,G28,G28,G28,False,False,False
TURN_0188,PAIRED_TURN,NARROWBODY,534,620,533,628,516,617,G31,G31,G31,G31,False,False,False
TURN_0061,PAIRED_TURN,NARROWBODY,535,580,535,613,525,578,G33,G33,G33,G33,False,False,False
TURN_0189,PAIRED_TURN,WIDEBODY,535,660,534,667,520,658,G37,G37,G37,G37,False,False,False
TURN_0190,PAIRED_TURN,NARROWBODY,535,645,534,653,520,644,G36,G36,G36,G36,False,False,False
TURN_0191,PAIRED_TURN,NARROWBODY,537,660,536,667,516,656,G39,G39,G39,G39,False,False,False
TURN_0192,PAIRED_TURN,NARROWBODY,538,599,537,605,522,595,G42,G42,G42,G42,False,False,False
TURN_0193,PAIRED_TURN,NARROWBODY,538,600,536,607,538,657,G38,G38,G38,G38,False,False,False
TURN_0194,PAIRED_TURN,WIDEBODY,538,660,537,667,538,645,G43,G43,G43,G43,False,False,False
TURN_0195,PAIRED_TURN,NARROWBODY,539,600,537,606,540,605,G44,G44,G44,G44,False,False,False
TURN_0033,PAIRED_TURN,NARROWBODY,540,590,540,596,523,591,G21,G21,G21,G21,False,False,False
TURN_0196,PAIRED_TURN,NARROWBODY,540,600,539,606,541,597,G32,G32,G32,G32,False,False,False
TURN_0197,PAIRED_TURN,NARROWBODY,542,600,540,606,522,596,G40,G40,G40,G40,False,False,False
TURN_0198,PAIRED_TURN,NARROWBODY,544,600,542,606,548,597,G46,G46,G46,G46,False,False,False
TURN_0199,PAIRED_TURN,NARROWBODY,544,605,543,612,532,610,G47,G47,G47,G47,False,False,False
TURN_0200,PAIRED_TURN,NARROWBODY,544,605,543,611,534,599,G41,G41,G41,G41,False,False,False
TURN_0201,PAIRED_TURN,WIDEBODY,545,661,544,668,535,659,G58,G58,G58,G58,False,False,False
TURN_0202,PAIRED_TURN,WIDEBODY,545,664,544,671,549,662,G59,G59,G59,G59,False,False,False
TURN_0203,PAIRED_TURN,NARROWBODY,545,610,544,629,564,605,G53,G53,G53,G53,False,False,False
TURN_0204,PAIRED_TURN,NARROWBODY,545,610,544,617,499,607,G49,G49,G49,G49,False,False,False
TURN_0205,PAIRED_TURN,NARROWBODY,545,610,544,618,543,609,G55,G55,G55,G55,False,False,False
TURN_0206,PAIRED_TURN,NARROWBODY,545,674,544,682,542,669,G57,G57,G57,G57,False,False,False
TURN_0207,PAIRED_TURN,NARROWBODY,545,610,544,616,550,606,G56,G56,G56,G56,False,False,False
TURN_0208,PAIRED_TURN,WIDEBODY,545,685,544,693,589,680,G13,G13,G13,G13,False,False,False
TURN_0209,PAIRED_TURN,NARROWBODY,545,612,543,619,541,609,G50,G50,G50,G50,False,False,False
TURN_0660,UNMATCHED_ARR,WIDEBODY,545,605,544,608,555,615,G48,G48,G48,G48,False,False,False
TURN_0661,UNMATCHED_ARR,WIDEBODY,545,605,544,609,540,600,G51,G51,G51,G51,False,False,False
TURN_0662,UNMATCHED_ARR,NARROWBODY,545,590,547,597,504,549,G45,G45,G45,G45,False,False,False
TURN_0797,UNMATCHED_DEP,WIDEBODY,545,605,548,611,542,602,G52,G52,G52,G52,False,False,False
TURN_0021,PAIRED_TURN,NARROWBODY,550,590,549,596,535,585,G60,G60,G60,G60,False,False,False
TURN_0210,PAIRED_TURN,NARROWBODY,551,604,552,614,612,669,G61,G61,G61,G61,False,False,False
TURN_0211,PAIRED_TURN,NARROWBODY,555,613,554,619,544,638,G66,G66,G66,G66,False,False,False
TURN_0212,PAIRED_TURN,NARROWBODY,559,615,558,621,548,648,G67,G67,G67,G67,False,False,False
TURN_0213,PAIRED_TURN,WIDEBODY,562,688,561,696,538,683,G19,G19,G19,G19,False,False,False
TURN_0214,PAIRED_TURN,NARROWBODY,570,660,569,667,541,660,G64,G64,G64,G64,False,False,False
TURN_0798,UNMATCHED_DEP,NARROWBODY,570,615,572,620,560,605,G63,G63,G63,G63,False,False,False
TURN_0215,PAIRED_TURN,NARROWBODY,572,617,571,623,556,635,G65,G65,G65,G65,False,False,False
TURN_0216,PAIRED_TURN,NARROWBODY,575,621,573,628,550,619,G70,G70,G70,G70,False,False,False
TURN_0217,PAIRED_TURN,NARROWBODY,575,624,573,631,551,618,G71,G71,G71,G71,False,False,False
TURN_0799,UNMATCHED_DEP,WIDEBODY,575,635,579,642,573,633,G68,G68,G68,G68,False,False,False
TURN_0218,PAIRED_TURN,NARROWBODY,576,625,575,632,560,621,G74,G74,G74,G74,False,False,False
TURN_0219,PAIRED_TURN,NARROWBODY,579,635,579,645,534,625,G75,G75,G75,G75,False,False,False
TURN_0220,PAIRED_TURN,NARROWBODY,581,625,580,637,598,624,G69,G69,G69,G69,False,False,False
TURN_0221,PAIRED_TURN,NARROWBODY,583,627,582,634,559,620,G77,G77,G77,G77,False,False,False
TURN_0222,PAIRED_TURN,NARROWBODY,583,630,582,636,569,629,G80,G80,G80,G80,False,False,False
TURN_0223,PAIRED_TURN,NARROWBODY,584,630,583,636,568,637,G81,G81,G81,G81,False,False,False
TURN_0010,PAIRED_TURN,NARROWBODY,585,645,587,655,587,641,G82,G82,G82,G82,False,False,False
TURN_0053,PAIRED_TURN,NARROWBODY,585,645,584,662,574,637,G34,G34,G34,G34,False,False,False
TURN_0224,PAIRED_TURN,WIDEBODY,585,765,584,774,565,764,G76,G76,G76,G76,False,False,False
TURN_0225,PAIRED_TURN,NARROWBODY,587,632,586,640,596,634,G83,G83,G83,G83,False,False,False
TURN_0226,PAIRED_TURN,NARROWBODY,588,640,587,647,573,637,G84,G84,G84,G84,False,False,False
TURN_0031,PAIRED_TURN,NARROWBODY,590,640,590,648,567,639,G73,G73,G73,G73,False,False,False
TURN_0040,PAIRED_TURN,NARROWBODY,590,650,588,659,566,646,G86,G86,G86,G86,False,False,False
TURN_0227,PAIRED_TURN,NARROWBODY,590,640,589,646,570,639,G85,G85,G85,G85,False,False,False
TURN_0228,PAIRED_TURN,NARROWBODY,591,642,590,649,584,645,G102,G102,G102,G102,False,False,False
TURN_0229,PAIRED_TURN,NARROWBODY,594,645,593,651,581,644,G87,G87,G87,G87,False,False,False
TURN_0054,PAIRED_TURN,NARROWBODY,595,635,594,642,580,676,G96,G96,G96,G96,False,False,False
TURN_0055,PAIRED_TURN,NARROWBODY,595,650,593,657,558,645,G104,G104,G104,G104,False,False,False
TURN_0067,PAIRED_TURN,NARROWBODY,595,655,594,662,577,653,G89,G89,G89,G89,False,False,False
TURN_0230,PAIRED_TURN,NARROWBODY,597,658,596,665,580,658,G105,G105,G105,G105,False,False,False
TURN_0231,PAIRED_TURN,NARROWBODY,597,661,596,668,575,659,G108,G108,G108,G108,False,False,False
TURN_0232,PAIRED_TURN,NARROWBODY,597,652,599,663,575,649,G97,G97,G97,G97,False,False,False
TURN_0233,PAIRED_TURN,WIDEBODY,598,710,596,716,568,705,G109,G109,G109,G109,False,False,False
TURN_0016,PAIRED_TURN,NARROWBODY,600,655,600,664,610,659,G90,G90,G90,G90,False,False,False
TURN_0029,PAIRED_TURN,NARROWBODY,600,645,599,677,607,651,G98,G98,G98,G98,False,False,False
TURN_0234,PAIRED_TURN,NARROWBODY,600,750,599,760,595,749,G99,G99,G99,G99,False,False,False
TURN_0235,PAIRED_TURN,NARROWBODY,600,662,599,669,593,655,G92,G92,G92,G92,False,False,False
TURN_0236,PAIRED_TURN,NARROWBODY,600,675,599,682,589,667,G93,G93,G93,G93,False,False,False
TURN_0051,PAIRED_TURN,NARROWBODY,605,645,604,652,594,644,G106,G106,G106,G106,False,False,False
TURN_0800,UNMATCHED_DEP,WIDEBODY,605,665,611,674,602,662,G116,G116,G116,G116,False,False,False
TURN_0237,PAIRED_TURN,NARROWBODY,607,663,606,672,577,659,G110,G110,G110,G110,False,False,False
TURN_0238,PAIRED_TURN,NARROWBODY,607,665,606,672,629,662,G136,G136,G136,G136,False,False,False
TURN_0239,PAIRED_TURN,NARROWBODY,608,665,606,672,590,660,G100,G100,G100,G100,False,False,False
TURN_0240,PAIRED_TURN,WIDEBODY,608,716,607,723,581,709,G103,G103,G103,G103,False,False,False
TURN_0241,PAIRED_TURN,NARROWBODY,609,670,608,678,585,660,G107,G107,G107,G107,False,False,False
TURN_0242,PAIRED_TURN,WIDEBODY,610,770,609,780,589,771,G111,G111,G111,G111,False,False,False
TURN_0243,PAIRED_TURN,WIDEBODY,610,780,609,790,592,809,G113,G113,G113,G113,False,False,False
TURN_0244,PAIRED_TURN,WIDEBODY,614,820,613,828,594,841,G117,G117,G117,G117,False,False,False
TURN_0245,PAIRED_TURN,NARROWBODY,615,670,614,677,596,661,G121,G121,G121,G121,False,False,False
TURN_0246,PAIRED_TURN,NARROWBODY,619,670,618,677,622,665,G123,G123,G123,G123,False,False,False
TURN_0247,PAIRED_TURN,NARROWBODY,619,670,617,678,578,678,G124,G124,G124,G124,False,False,False
TURN_0248,PAIRED_TURN,WIDEBODY,619,825,618,833,598,820,G72,G72,G72,G72,False,False,False
TURN_0249,PAIRED_TURN,NARROWBODY,619,674,618,681,593,674,G62,G62,G62,G62,False,False,False
TURN_0250,PAIRED_TURN,NARROWBODY,621,680,620,687,598,675,G78,G78,G78,G78,False,False,False
TURN_0801,UNMATCHED_DEP,NARROWBODY,622,667,625,673,611,656,G94,G94,G94,G94,False,False,False
TURN_0251,PAIRED_TURN,NARROWBODY,623,684,622,691,609,689,G118,G118,G118,G118,False,False,False
TURN_0252,PAIRED_TURN,NARROWBODY,624,685,623,692,600,682,G126,G126,G126,G126,False,False,False
TURN_0253,PAIRED_TURN,NARROWBODY,625,700,624,707,595,698,G128,G128,G128,G128,False,False,False
TURN_0254,PAIRED_TURN,NARROWBODY,626,695,628,707,628,692,G129,G129,G129,G129,False,False,False
TURN_0802,UNMATCHED_DEP,NARROWBODY,631,676,636,684,627,672,G130,G130,G130,G130,False,False,False
TURN_0255,PAIRED_TURN,NARROWBODY,632,685,631,692,616,683,G139,G139,G139,G139,False,False,False
TURN_0256,PAIRED_TURN,NARROWBODY,635,707,635,715,614,697,G114,G114,G114,G114,False,False,False
TURN_0257,PAIRED_TURN,NARROWBODY,638,685,638,692,731,771,G131,G131,G131,G131,False,False,False
TURN_0258,PAIRED_TURN,WIDEBODY,640,827,638,836,713,821,G133,G133,G133,G133,False,False,False
TURN_0807,UNMATCHED_DEP,WIDEBODY,641,701,647,710,665,725,G132,G132,G132,G132,False,False,False
TURN_0803,UNMATCHED_DEP,NARROWBODY,645,690,649,697,640,685,G54,G54,G54,G54,False,False,False
TURN_0804,UNMATCHED_DEP,NARROWBODY,645,690,650,698,642,687,G134,G134,G134,G134,False,False,False
TURN_0805,UNMATCHED_DEP,NARROWBODY,645,690,649,697,638,683,G135,G135,G135,G135,False,False,False
TURN_0259,PAIRED_TURN,NARROWBODY,646,710,648,723,657,698,G140,G140,G140,G140,False,False,False
TURN_0260,PAIRED_TURN,NARROWBODY,646,687,647,694,623,685,G137,G137,G137,G137,False,False,False
TURN_0261,PAIRED_TURN,NARROWBODY,648,878,648,889,622,874,G141,G141,G141,G141,False,False,False
TURN_0262,PAIRED_TURN,NARROWBODY,649,689,650,697,640,687,G91,G91,G91,G91,False,False,False
TURN_0806,UNMATCHED_DEP,NARROWBODY,650,695,656,704,654,699,G115,G115,G115,G115,False,False,False
TURN_0263,PAIRED_TURN,NARROWBODY,651,743,652,757,629,741,G127,G127,G127,G127,False,False,False
TURN_0264,PAIRED_TURN,WIDEBODY,659,837,658,844,651,832,G144,G144,G144,G144,False,False,False
TURN_0265,PAIRED_TURN,NARROWBODY,659,702,657,710,645,704,G142,G142,G142,G142,False,False,False
TURN_0266,PAIRED_TURN,NARROWBODY,660,713,659,721,650,706,G147,G147,G147,G147,False,False,False
TURN_0267,PAIRED_TURN,NARROWBODY,660,716,659,723,652,732,G158,G158,G158,G158,False,False,False
TURN_0808,UNMATCHED_DEP,NARROWBODY,660,705,663,711,655,700,G145,G145,G145,G145,False,False,False
TURN_0809,UNMATCHED_DEP,NARROWBODY,661,706,664,712,667,712,G159,G159,G159,G159,False,False,False
TURN_0268,PAIRED_TURN,NARROWBODY,662,718,660,725,627,709,G148,G148,G148,G148,False,False,False
TURN_0810,UNMATCHED_DEP,NARROWBODY,663,708,668,716,659,704,G151,G151,G151,G151,False,False,False
TURN_0269,PAIRED_TURN,WIDEBODY,664,839,663,847,654,839,G95,G95,G95,G95,False,False,False
TURN_0042,PAIRED_TURN,NARROWBODY,665,705,665,714,652,704,G143,G143,G143,G143,False,False,False
TURN_0270,PAIRED_TURN,NARROWBODY,665,755,666,766,887,946,G149,G149,G149,G149,False,False,False
TURN_0271,PAIRED_TURN,WIDEBODY,666,812,666,820,638,805,G155,G155,G155,G155,False,False,False
TURN_0272,PAIRED_TURN,NARROWBODY,668,719,669,726,640,718,G79,G79,G79,G79,False,False,False
TURN_0273,PAIRED_TURN,NARROWBODY,668,719,667,726,659,717,G156,G156,G156,G156,False,False,False
TURN_0274,PAIRED_TURN,NARROWBODY,670,719,669,726,655,719,G119,G119,G119,G119,False,False,False
TURN_0275,PAIRED_TURN,NARROWBODY,672,725,671,732,681,731,G153,G153,G153,G153,False,False,False
TURN_0811,UNMATCHED_DEP,NARROWBODY,674,719,678,726,669,714,G157,G157,G157,G157,False,False,False
TURN_0009,PAIRED_TURN,NARROWBODY,675,720,675,729,812,852,G160,G160,G160,G160,False,False,False
TURN_0276,PAIRED_TURN,NARROWBODY,677,822,678,830,661,812,G02,G02,G02,G02,False,False,False
TURN_0277,PAIRED_TURN,NARROWBODY,679,735,677,742,662,732,G23,G23,G23,G23,False,False,False
TURN_0278,PAIRED_TURN,WIDEBODY,680,839,679,847,656,842,G161,G161,G161,G161,False,False,False
TURN_0279,PAIRED_TURN,NARROWBODY,682,735,681,742,707,730,G01,G01,G01,G01,False,False,False
TURN_0005,PAIRED_TURN,NARROWBODY,683,736,684,746,660,723,G03,G03,G03,G03,False,False,False
TURN_0812,UNMATCHED_DEP,NARROWBODY,685,730,692,741,686,731,G04,G04,G04,G04,False,False,False
TURN_0280,PAIRED_TURN,WIDEBODY,686,847,685,856,654,843,G06,G06,G06,G06,False,False,False
TURN_0281,PAIRED_TURN,NARROWBODY,687,737,687,744,686,752,G16,G16,G16,G16,False,False,False
TURN_0282,PAIRED_TURN,WIDEBODY,687,893,689,902,666,886,G20,G20,G20,G20,False,False,False
TURN_0283,PAIRED_TURN,NARROWBODY,690,737,690,744,673,736,G33,G33,G33,G33,False,False,False
TURN_0284,PAIRED_TURN,NARROWBODY,692,880,692,896,654,881,G88,G88,G88,G88,False,False,False
TURN_0285,PAIRED_TURN,NARROWBODY,693,738,692,748,678,734,G07,G07,G07,G07,False,False,False
TURN_0663,UNMATCHED_ARR,NARROWBODY,695,740,695,746,690,735,G05,G05,G05,G05,False,False,False
TURN_0286,PAIRED_TURN,NARROWBODY,698,780,698,788,689,775,G11,G11,G11,G11,False,False,False
TURN_0287,PAIRED_TURN,NARROWBODY,698,740,697,748,690,738,G10,G10,G10,G10,False,False,False
TURN_0288,PAIRED_TURN,NARROWBODY,700,743,699,752,683,754,G120,G120,G120,G120,False,False,False
TURN_0813,UNMATCHED_DEP,NARROWBODY,704,749,708,756,714,759,G101,G101,G101,G101,False,False,False
TURN_0814,UNMATCHED_DEP,NARROWBODY,705,750,709,757,698,743,G09,G09,G09,G09,False,False,False
TURN_0289,PAIRED_TURN,NARROWBODY,710,780,710,790,689,776,G21,G21,G21,G21,False,False,False
TURN_0290,PAIRED_TURN,NARROWBODY,710,750,708,758,670,746,G12,G12,G12,G12,False,False,False
TURN_0815,UNMATCHED_DEP,NARROWBODY,710,755,715,763,708,753,G14,G14,G14,G14,False,False,False
TURN_0291,PAIRED_TURN,NARROWBODY,711,766,713,779,698,772,G122,G122,G122,G122,False,False,False
TURN_0816,UNMATCHED_DEP,NARROWBODY,711,756,716,764,712,757,G45,G45,G45,G45,False,False,False
TURN_0817,UNMATCHED_DEP,NARROWBODY,711,756,715,763,737,782,G60,G60,G60,G60,False,False,False
TURN_0292,PAIRED_TURN,WIDEBODY,713,825,713,832,696,819,G15,G15,G15,G15,False,False,False
TURN_0818,UNMATCHED_DEP,NARROWBODY,713,758,718,766,762,807,G112,G112,G112,G112,False,False,False
TURN_0819,UNMATCHED_DEP,NARROWBODY,713,758,719,767,727,772,G150,G150,G150,G150,False,False,False
TURN_0293,PAIRED_TURN,NARROWBODY,720,795,721,805,710,792,G26,G26,G26,G26,False,False,False
TURN_0820,UNMATCHED_DEP,NARROWBODY,720,765,725,773,730,775,G17,G17,G17,G17,False,False,False
TURN_0294,PAIRED_TURN,NARROWBODY,721,798,721,806,705,793,G22,G22,G22,G22,False,False,False
TURN_0295,PAIRED_TURN,NARROWBODY,724,765,723,772,702,768,G27,G27,G27,G27,False,False,False
TURN_0296,PAIRED_TURN,NARROWBODY,725,820,725,831,703,826,G29,G29,G29,G29,False,False,False
TURN_0821,UNMATCHED_DEP,NARROWBODY,725,770,729,777,722,767,G28,G28,G28,G28,False,False,False
TURN_0822,UNMATCHED_DEP,NARROWBODY,730,775,734,782,725,770,G42,G42,G42,G42,False,False,False
TURN_0664,UNMATCHED_ARR,WIDEBODY,735,795,736,801,723,783,G154,G154,G154,G154,False,False,False
TURN_0665,UNMATCHED_ARR,WIDEBODY,735,795,735,799,733,793,G30,G30,G30,G30,False,False,False
TURN_0297,PAIRED_TURN,NARROWBODY,740,780,739,788,730,775,G32,G32,G32,G32,False,False,False
TURN_0823,UNMATCHED_DEP,WIDEBODY,740,800,745,808,733,793,G38,G38,G38,G38,False,False,False
TURN_0298,PAIRED_TURN,NARROWBODY,745,822,745,830,732,821,G44,G44,G44,G44,False,False,False
TURN_0299,PAIRED_TURN,NARROWBODY,745,786,746,793,746,796,G40,G40,G40,G40,False,False,False
TURN_0300,PAIRED_TURN,NARROWBODY,747,810,748,818,741,810,G46,G46,G46,G46,False,False,False
TURN_0301,PAIRED_TURN,NARROWBODY,748,825,748,833,727,822,G61,G61,G61,G61,False,False,False
TURN_0302,PAIRED_TURN,NARROWBODY,757,815,756,825,737,814,G35,G35,G35,G35,False,False,False
TURN_0303,PAIRED_TURN,NARROWBODY,757,818,757,826,744,838,G41,G41,G41,G41,False,False,False
TURN_0304,PAIRED_TURN,NARROWBODY,759,820,758,827,748,815,G47,G47,G47,G47,False,False,False
TURN_0015,PAIRED_TURN,NARROWBODY,760,800,761,810,750,803,G48,G48,G48,G48,False,False,False
TURN_0305,PAIRED_TURN,NARROWBODY,763,820,761,828,761,818,G51,G51,G51,G51,False,False,False
TURN_0306,PAIRED_TURN,NARROWBODY,765,820,766,828,762,819,G52,G52,G52,G52,False,False,False
TURN_0307,PAIRED_TURN,WIDEBODY,768,893,768,901,759,891,G152,G152,G152,G152,False,False,False
TURN_0030,PAIRED_TURN,NARROWBODY,770,815,769,839,768,820,G49,G49,G49,G49,False,False,False
TURN_0308,PAIRED_TURN,NARROWBODY,770,820,770,828,747,815,G53,G53,G53,G53,False,False,False
TURN_0309,PAIRED_TURN,WIDEBODY,770,905,769,913,746,895,G55,G55,G55,G55,False,False,False
TURN_0310,PAIRED_TURN,NARROWBODY,771,820,771,828,744,814,G56,G56,G56,G56,False,False,False
TURN_0311,PAIRED_TURN,NARROWBODY,772,825,772,846,749,820,G66,G66,G66,G66,False,False,False
TURN_0666,UNMATCHED_ARR,NARROWBODY,772,817,773,823,754,799,G50,G50,G50,G50,False,False,False
TURN_0312,PAIRED_TURN,NARROWBODY,773,831,773,839,750,824,G63,G63,G63,G63,False,False,False
TURN_0313,PAIRED_TURN,NARROWBODY,773,827,773,835,766,818,G08,G08,G08,G08,False,False,False
TURN_0314,PAIRED_TURN,NARROWBODY,775,829,775,838,773,823,G67,G67,G67,G67,False,False,False
TURN_0315,PAIRED_TURN,NARROWBODY,776,830,775,838,757,856,G125,G125,G125,G125,False,False,False
TURN_0316,PAIRED_TURN,NARROWBODY,778,833,778,841,759,832,G65,G65,G65,G65,False,False,False
TURN_0317,PAIRED_TURN,NARROWBODY,780,860,781,871,775,884,G31,G31,G31,G31,False,False,False
TURN_0318,PAIRED_TURN,NARROWBODY,781,834,781,843,854,894,G70,G70,G70,G70,False,False,False
TURN_0319,PAIRED_TURN,NARROWBODY,781,835,781,843,760,830,G71,G71,G71,G71,False,False,False
TURN_0320,PAIRED_TURN,NARROWBODY,782,839,782,847,757,834,G69,G69,G69,G69,False,False,False
TURN_0321,PAIRED_TURN,NARROWBODY,784,839,784,847,763,944,G74,G74,G74,G74,False,False,False
TURN_0322,PAIRED_TURN,NARROWBODY,785,840,784,851,784,835,G80,G80,G80,G80,False,False,False
TURN_0323,PAIRED_TURN,NARROWBODY,785,835,786,843,766,832,G77,G77,G77,G77,False,False,False
TURN_0324,PAIRED_TURN,NARROWBODY,788,963,790,982,777,1031,G83,G83,G83,G83,False,False,False
TURN_0325,PAIRED_TURN,WIDEBODY,788,910,788,918,772,911,G81,G81,G81,G81,False,False,False
TURN_0326,PAIRED_TURN,NARROWBODY,789,835,788,843,764,830,G68,G68,G68,G68,False,False,False
TURN_0327,PAIRED_TURN,NARROWBODY,791,840,791,848,769,836,G75,G75,G75,G75,False,False,False
TURN_0328,PAIRED_TURN,NARROWBODY,792,840,792,848,776,835,G73,G73,G73,G73,False,False,False
TURN_0667,UNMATCHED_ARR,NARROWBODY,792,837,793,842,776,821,G96,G96,G96,G96,False,False,False
TURN_0329,PAIRED_TURN,NARROWBODY,793,840,793,848,766,836,G84,G84,G84,G84,False,False,False
TURN_0824,UNMATCHED_DEP,WIDEBODY,793,853,798,861,788,848,G85,G85,G85,G85,False,False,False
TURN_0011,PAIRED_TURN,NARROWBODY,795,845,794,857,779,843,G36,G36,G36,G36,False,False,False
TURN_0014,PAIRED_TURN,NARROWBODY,795,840,796,851,784,852,G102,G102,G102,G102,False,False,False
TURN_0330,PAIRED_TURN,NARROWBODY,795,842,796,851,798,842,G34,G34,G34,G34,False,False,False
TURN_0825,UNMATCHED_DEP,WIDEBODY,796,856,803,867,795,855,G82,G82,G82,G82,False,False,False
TURN_0331,PAIRED_TURN,NARROWBODY,798,855,801,871,794,865,G98,G98,G98,G98,False,False,False
TURN_0332,PAIRED_TURN,NARROWBODY,798,845,801,855,778,892,G87,G87,G87,G87,False,False,False
TURN_0333,PAIRED_TURN,NARROWBODY,799,846,799,857,766,838,G106,G106,G106,G106,False,False,False
TURN_0334,PAIRED_TURN,NARROWBODY,800,850,800,858,771,846,G86,G86,G86,G86,False,False,False
TURN_0335,PAIRED_TURN,NARROWBODY,803,847,803,855,793,843,G104,G104,G104,G104,False,False,False
TURN_0336,PAIRED_TURN,NARROWBODY,803,865,804,874,791,860,G97,G97,G97,G97,False,False,False
TURN_0337,PAIRED_TURN,NARROWBODY,804,851,803,859,780,847,G89,G89,G89,G89,False,False,False
TURN_0338,PAIRED_TURN,NARROWBODY,806,857,807,865,790,855,G90,G90,G90,G90,False,False,False
TURN_0339,PAIRED_TURN,NARROWBODY,808,868,810,878,782,862,G24,G24,G24,G24,False,False,False
TURN_0340,PAIRED_TURN,NARROWBODY,810,865,810,876,817,860,G105,G105,G105,G105,False,False,False
TURN_0341,PAIRED_TURN,NARROWBODY,813,865,814,873,795,864,G37,G37,G37,G37,False,False,False
TURN_0342,PAIRED_TURN,NARROWBODY,814,868,814,876,807,864,G39,G39,G39,G39,False,False,False
TURN_0343,PAIRED_TURN,NARROWBODY,814,869,813,878,789,864,G43,G43,G43,G43,False,False,False
TURN_0007,PAIRED_TURN,NARROWBODY,815,860,814,872,793,856,G64,G64,G64,G64,False,False,False
TURN_0344,PAIRED_TURN,WIDEBODY,815,1040,816,1055,785,1075,G138,G138,G138,G138,False,False,False
TURN_0668,UNMATCHED_ARR,NARROWBODY,818,863,820,870,803,848,G58,G58,G58,G58,False,False,False
TURN_0345,PAIRED_TURN,NARROWBODY,819,878,819,887,800,874,G108,G108,G108,G108,False,False,False
TURN_0346,PAIRED_TURN,NARROWBODY,819,878,819,886,791,877,G92,G92,G92,G92,False,False,False
TURN_0064,PAIRED_TURN,NARROWBODY,820,860,821,900,810,870,G110,G110,G110,G110,False,False,False
TURN_0347,PAIRED_TURN,NARROWBODY,822,892,823,900,815,890,G59,G59,G59,G59,False,False,False
TURN_0348,PAIRED_TURN,NARROWBODY,822,935,823,948,806,933,G100,G100,G100,G100,False,False,False
TURN_0349,PAIRED_TURN,NARROWBODY,823,892,822,900,801,887,G116,G116,G116,G116,False,False,False
TURN_0350,PAIRED_TURN,NARROWBODY,826,897,825,907,807,891,G136,G136,G136,G136,False,False,False
TURN_0351,PAIRED_TURN,NARROWBODY,828,897,828,905,835,894,G146,G146,G146,G146,False,False,False
TURN_0352,PAIRED_TURN,NARROWBODY,828,900,828,914,801,899,G94,G94,G94,G94,False,False,False
TURN_0353,PAIRED_TURN,NARROWBODY,829,901,829,911,803,899,G107,G107,G107,G107,False,False,False
TURN_0354,PAIRED_TURN,NARROWBODY,829,903,829,911,815,920,G121,G121,G121,G121,False,False,False
TURN_0355,PAIRED_TURN,NARROWBODY,829,910,828,921,788,919,G123,G123,G123,G123,False,False,False
TURN_0356,PAIRED_TURN,NARROWBODY,830,910,829,918,811,909,G62,G62,G62,G62,False,False,False
TURN_0357,PAIRED_TURN,WIDEBODY,830,927,831,935,813,920,G93,G93,G93,G93,False,False,False
TURN_0669,UNMATCHED_ARR,WIDEBODY,830,890,831,895,809,869,G57,G57,G57,G57,False,False,False
TURN_0826,UNMATCHED_DEP,NARROWBODY,830,875,838,887,831,876,G124,G124,G124,G124,False,False,False
TURN_0358,PAIRED_TURN,WIDEBODY,832,940,833,948,845,937,G130,G130,G130,G130,False,False,False
TURN_0359,PAIRED_TURN,NARROWBODY,836,910,837,920,821,908,G78,G78,G78,G78,False,False,False
TURN_0827,UNMATCHED_DEP,NARROWBODY,838,883,846,895,845,890,G118,G118,G118,G118,False,False,False
TURN_0003,PAIRED_TURN,NARROWBODY,839,895,842,907,831,893,G13,G13,G13,G13,False,False,False
TURN_0360,PAIRED_TURN,WIDEBODY,839,945,839,953,828,962,G131,G131,G131,G131,False,False,False
TURN_0361,PAIRED_TURN,NARROWBODY,839,910,839,918,829,905,G126,G126,G126,G126,False,False,False
TURN_0362,PAIRED_TURN,WIDEBODY,840,955,839,966,824,957,G137,G137,G137,G137,False,False,False
TURN_0363,PAIRED_TURN,NARROWBODY,840,915,840,924,826,906,G139,G139,G139,G139,False,False,False
TURN_0364,PAIRED_TURN,NARROWBODY,842,915,843,924,811,910,G91,G91,G91,G91,False,False,False
TURN_0365,PAIRED_TURN,NARROWBODY,842,885,842,893,829,881,G19,G19,G19,G19,False,False,False
TURN_0366,PAIRED_TURN,NARROWBODY,843,893,843,901,838,886,G54,G54,G54,G54,False,False,False
TURN_0367,PAIRED_TURN,NARROWBODY,843,899,844,909,816,914,G134,G134,G134,G134,False,False,False
TURN_0052,PAIRED_TURN,NARROWBODY,845,890,846,902,860,932,G135,G135,G135,G135,False,False,False
TURN_0368,PAIRED_TURN,NARROWBODY,845,915,845,924,833,907,G115,G115,G115,G115,False,False,False
TURN_0369,PAIRED_TURN,NARROWBODY,846,916,846,925,829,930,G129,G129,G129,G129,False,False,False
TURN_0370,PAIRED_TURN,NARROWBODY,846,920,846,928,822,916,G128,G128,G128,G128,False,False,False
TURN_0371,PAIRED_TURN,NARROWBODY,847,923,846,933,824,910,G132,G132,G132,G132,False,False,False
TURN_0372,PAIRED_TURN,NARROWBODY,847,925,848,934,830,922,G142,G142,G142,G142,False,False,False
TURN_0373,PAIRED_TURN,NARROWBODY,847,926,849,935,838,920,G143,G143,G143,G143,False,False,False
TURN_0374,PAIRED_TURN,NARROWBODY,847,930,846,940,833,927,G145,G145,G145,G145,False,False,False
TURN_0375,PAIRED_TURN,NARROWBODY,848,930,849,939,862,925,G159,G159,G159,G159,False,False,False
TURN_0023,PAIRED_TURN,NARROWBODY,850,895,852,909,843,894,G114,G114,G114,G114,False,False,False
TURN_0376,PAIRED_TURN,NARROWBODY,850,895,851,906,841,891,G151,G151,G151,G151,False,False,False
TURN_0377,PAIRED_TURN,NARROWBODY,850,970,851,989,818,1008,G140,G140,G140,G140,False,False,False
TURN_0828,UNMATCHED_DEP,WIDEBODY,850,910,856,919,845,905,G109,G109,G109,G109,False,False,False
TURN_0378,PAIRED_TURN,NARROWBODY,851,930,850,939,838,926,G158,G158,G158,G158,False,False,False
TURN_0379,PAIRED_TURN,NARROWBODY,851,910,851,918,822,905,G147,G147,G147,G147,False,False,False
TURN_0670,UNMATCHED_ARR,WIDEBODY,851,911,853,919,824,884,G103,G103,G103,G103,False,False,False
TURN_0380,PAIRED_TURN,NARROWBODY,854,930,853,938,831,919,G148,G148,G148,G148,False,False,False
TURN_0381,PAIRED_TURN,NARROWBODY,856,940,859,955,827,1171,G18,G18,G18,G18,False,False,False
TURN_0382,PAIRED_TURN,NARROWBODY,857,937,856,946,844,960,G79,G79,G79,G79,False,False,False
TURN_0383,PAIRED_TURN,WIDEBODY,859,1060,859,1069,839,1048,G119,G119,G119,G119,False,False,False
TURN_0384,PAIRED_TURN,NARROWBODY,861,938,861,947,851,933,G156,G156,G156,G156,False,False,False
TURN_0385,PAIRED_TURN,NARROWBODY,866,943,866,952,844,939,G157,G157,G157,G157,False,False,False
TURN_0386,PAIRED_TURN,NARROWBODY,868,943,868,953,841,940,G160,G160,G160,G160,False,False,False
TURN_0387,PAIRED_TURN,NARROWBODY,868,945,867,954,861,947,G153,G153,G153,G153,False,False,False
TURN_0388,PAIRED_TURN,NARROWBODY,868,945,868,953,850,940,G04,G04,G04,G04,False,False,False
TURN_0389,PAIRED_TURN,NARROWBODY,869,945,869,954,843,941,G01,G01,G01,G01,False,False,False
TURN_0390,PAIRED_TURN,NARROWBODY,870,950,871,959,857,949,G23,G23,G23,G23,False,False,False
TURN_0391,PAIRED_TURN,NARROWBODY,871,955,870,963,870,948,G03,G03,G03,G03,False,False,False
TURN_0392,PAIRED_TURN,NARROWBODY,873,957,874,966,859,952,G16,G16,G16,G16,False,False,False
TURN_0393,PAIRED_TURN,NARROWBODY,874,958,873,966,851,952,G33,G33,G33,G33,False,False,False
TURN_0394,PAIRED_TURN,NARROWBODY,874,960,874,968,861,957,G07,G07,G07,G07,False,False,False
TURN_0395,PAIRED_TURN,NARROWBODY,875,960,876,971,893,957,G120,G120,G120,G120,False,False,False
TURN_0396,PAIRED_TURN,NARROWBODY,875,981,876,989,861,979,G127,G127,G127,G127,False,False,False
TURN_0397,PAIRED_TURN,NARROWBODY,875,990,874,998,848,987,G101,G101,G101,G101,False,False,False
TURN_0398,PAIRED_TURN,NARROWBODY,875,996,875,1007,854,993,G09,G09,G09,G09,False,False,False
TURN_0671,UNMATCHED_ARR,NARROWBODY,875,920,878,928,847,892,G05,G05,G05,G05,False,False,False
TURN_0829,UNMATCHED_DEP,NARROWBODY,875,920,880,928,869,914,G10,G10,G10,G10,False,False,False
TURN_0830,UNMATCHED_DEP,NARROWBODY,876,921,881,929,872,917,G12,G12,G12,G12,False,False,False
TURN_0399,PAIRED_TURN,NARROWBODY,878,985,878,996,848,984,G99,G99,G99,G99,False,False,False
TURN_0400,PAIRED_TURN,NARROWBODY,881,1000,880,1009,846,998,G14,G14,G14,G14,False,False,False
TURN_0672,UNMATCHED_ARR,WIDEBODY,885,945,887,951,873,933,G60,G60,G60,G60,False,False,False
TURN_0831,UNMATCHED_DEP,NARROWBODY,885,930,893,942,886,931,G149,G149,G149,G149,False,False,False
TURN_0832,UNMATCHED_DEP,NARROWBODY,885,930,893,942,889,934,G45,G45,G45,G45,False,False,False
TURN_0401,PAIRED_TURN,NARROWBODY,886,1000,886,1011,920,995,G112,G112,G112,G112,False,False,False
TURN_0402,PAIRED_TURN,NARROWBODY,886,1015,893,1027,869,1012,G150,G150,G150,G150,False,False,False
TURN_0403,PAIRED_TURN,NARROWBODY,887,1030,887,1038,887,1042,G25,G25,G25,G25,False,False,False
TURN_0404,PAIRED_TURN,NARROWBODY,890,1040,891,1051,891,1041,G76,G76,G76,G76,False,False,False
TURN_0405,PAIRED_TURN,NARROWBODY,890,941,890,949,877,939,G17,G17,G17,G17,False,False,False
TURN_0673,UNMATCHED_ARR,WIDEBODY,890,950,892,957,866,926,G27,G27,G27,G27,False,False,False
TURN_0406,PAIRED_TURN,NARROWBODY,894,1019,894,1030,880,1017,G122,G122,G122,G122,False,False,False
TURN_0407,PAIRED_TURN,NARROWBODY,895,1040,896,1049,886,1068,G111,G111,G111,G111,False,False,False
TURN_0833,UNMATCHED_DEP,WIDEBODY,895,955,908,972,896,956,G28,G28,G28,G28,False,False,False
TURN_0408,PAIRED_TURN,NARROWBODY,900,1065,902,1087,940,1059,G42,G42,G42,G42,False,False,False
TURN_0409,PAIRED_TURN,NARROWBODY,901,1045,901,1056,874,1038,G11,G11,G11,G11,False,False,False
TURN_0674,UNMATCHED_ARR,NARROWBODY,904,949,906,957,893,938,G21,G21,G21,G21,False,False,False
TURN_0410,PAIRED_TURN,NARROWBODY,905,1055,904,1065,911,1050,G32,G32,G32,G32,False,False,False
TURN_0675,UNMATCHED_ARR,WIDEBODY,908,968,910,976,953,1013,G113,G113,G113,G113,False,False,False
TURN_0411,PAIRED_TURN,NARROWBODY,910,1060,910,1070,862,1059,G40,G40,G40,G40,False,False,False
TURN_0412,PAIRED_TURN,NARROWBODY,914,1042,915,1054,931,1036,G30,G30,G30,G30,False,False,False
TURN_0413,PAIRED_TURN,NARROWBODY,914,973,917,991,907,978,G26,G26,G26,G26,False,False,False
TURN_0018,PAIRED_TURN,NARROWBODY,915,965,924,1007,896,969,G154,G154,G154,G154,False,False,False
TURN_0414,PAIRED_TURN,NARROWBODY,915,965,920,983,904,967,G22,G22,G22,G22,False,False,False
TURN_0415,PAIRED_TURN,NARROWBODY,916,1061,917,1070,894,1058,G38,G38,G38,G38,False,False,False
TURN_0416,PAIRED_TURN,NARROWBODY,916,1064,916,1073,916,1059,G48,G48,G48,G48,False,False,False
TURN_0012,PAIRED_TURN,NARROWBODY,920,965,922,979,910,962,G46,G46,G46,G46,False,False,False
TURN_0417,PAIRED_TURN,NARROWBODY,920,965,923,988,948,991,G155,G155,G155,G155,False,False,False
TURN_0418,PAIRED_TURN,WIDEBODY,920,1035,920,1044,889,1046,G49,G49,G49,G49,False,False,False
TURN_0676,UNMATCHED_ARR,WIDEBODY,920,980,922,987,909,969,G35,G35,G35,G35,False,False,False
TURN_0419,PAIRED_TURN,NARROWBODY,925,965,927,979,913,964,G50,G50,G50,G50,False,False,False
TURN_0420,PAIRED_TURN,NARROWBODY,925,1065,926,1075,978,1061,G41,G41,G41,G41,False,False,False
TURN_0421,PAIRED_TURN,NARROWBODY,925,1065,926,1075,906,1058,G29,G29,G29,G29,False,False,False
TURN_0422,PAIRED_TURN,NARROWBODY,925,1065,924,1076,917,1063,G47,G47,G47,G47,False,False,False
TURN_0423,PAIRED_TURN,NARROWBODY,926,1065,927,1074,900,1072,G51,G51,G51,G51,False,False,False
TURN_0834,UNMATCHED_DEP,NARROWBODY,928,973,937,986,929,974,G52,G52,G52,G52,False,False,False
TURN_0424,PAIRED_TURN,NARROWBODY,929,1068,929,1077,917,1068,G53,G53,G53,G53,False,False,False
TURN_0001,PAIRED_TURN,NARROWBODY,930,984,933,1014,905,1063,G117,G117,G117,G117,False,False,False
TURN_0028,PAIRED_TURN,NARROWBODY,930,970,931,1011,916,976,G56,G56,G56,G56,False,False,False
TURN_0425,PAIRED_TURN,WIDEBODY,932,1070,933,1080,983,1065,G02,G02,G02,G02,False,False,False
TURN_0835,UNMATCHED_DEP,NARROWBODY,935,980,944,993,934,979,G44,G44,G44,G44,False,False,False
TURN_0677,UNMATCHED_ARR,WIDEBODY,936,996,938,1005,957,1017,G61,G61,G61,G61,False,False,False
TURN_0836,UNMATCHED_DEP,NARROWBODY,936,981,949,999,971,1016,G15,G15,G15,G15,False,False,False
TURN_0426,PAIRED_TURN,NARROWBODY,938,1070,938,1078,918,1073,G66,G66,G66,G66,False,False,False
TURN_0427,PAIRED_TURN,NARROWBODY,938,1070,937,1079,938,1068,G72,G72,G72,G72,False,False,False
TURN_0428,PAIRED_TURN,NARROWBODY,940,1075,941,1084,925,1066,G08,G08,G08,G08,False,False,False
TURN_0429,PAIRED_TURN,NARROWBODY,942,1075,943,1085,959,1071,G133,G133,G133,G133,False,False,False
TURN_0430,PAIRED_TURN,WIDEBODY,943,1085,943,1097,904,1101,G125,G125,G125,G125,False,False,False
TURN_0431,PAIRED_TURN,NARROWBODY,943,1030,945,1042,924,1026,G67,G67,G67,G67,False,False,False
TURN_0432,PAIRED_TURN,NARROWBODY,945,1174,949,1185,916,1172,G65,G65,G65,G65,False,False,False
TURN_0433,PAIRED_TURN,NARROWBODY,945,1075,945,1084,910,1068,G63,G63,G63,G63,False,False,False
TURN_0063,PAIRED_TURN,NARROWBODY,950,1000,951,1014,944,999,G70,G70,G70,G70,False,False,False
TURN_0006,PAIRED_TURN,NARROWBODY,955,1020,957,1031,951,1011,G77,G77,G77,G77,False,False,False
TURN_0057,PAIRED_TURN,NARROWBODY,955,1000,957,1014,941,996,G68,G68,G68,G68,False,False,False
TURN_0434,PAIRED_TURN,NARROWBODY,955,1000,957,1015,941,999,G71,G71,G71,G71,False,False,False
TURN_0435,PAIRED_TURN,NARROWBODY,960,1005,963,1019,958,1007,G96,G96,G96,G96,False,False,False
TURN_0436,PAIRED_TURN,NARROWBODY,960,1075,962,1086,953,1072,G144,G144,G144,G144,False,False,False
TURN_0437,PAIRED_TURN,NARROWBODY,960,1078,961,1087,967,1136,G69,G69,G69,G69,False,False,False
TURN_0438,PAIRED_TURN,NARROWBODY,969,1024,970,1033,941,1025,G74,G74,G74,G74,False,False,False
TURN_0439,PAIRED_TURN,NARROWBODY,970,1079,971,1090,951,1082,G95,G95,G95,G95,False,False,False
TURN_0678,UNMATCHED_ARR,WIDEBODY,971,1031,973,1037,978,1038,G161,G161,G161,G161,False,False,False
TURN_0440,PAIRED_TURN,NARROWBODY,977,1134,980,1149,943,1126,G73,G73,G73,G73,False,False,False
TURN_0837,UNMATCHED_DEP,NARROWBODY,978,1023,993,1043,993,1038,G75,G75,G75,G75,False,False,False
TURN_0441,PAIRED_TURN,NARROWBODY,979,1079,981,1088,965,1078,G80,G80,G80,G80,False,False,False
TURN_0047,PAIRED_TURN,NARROWBODY,980,1030,984,1047,970,1028,G84,G84,G84,G84,False,False,False
TURN_0442,PAIRED_TURN,WIDEBODY,980,1119,980,1128,955,1118,G102,G102,G102,G102,False,False,False
TURN_0443,PAIRED_TURN,NARROWBODY,985,1080,986,1088,1007,1077,G34,G34,G34,G34,False,False,False
TURN_0444,PAIRED_TURN,NARROWBODY,987,1209,991,1232,999,1201,G36,G36,G36,G36,False,False,False
TURN_0445,PAIRED_TURN,NARROWBODY,988,1105,989,1115,967,1099,G87,G87,G87,G87,False,False,False
TURN_0019,PAIRED_TURN,NARROWBODY,990,1030,993,1046,978,1030,G106,G106,G106,G106,False,False,False
TURN_0446,PAIRED_TURN,NARROWBODY,990,1060,993,1075,1019,1075,G06,G06,G06,G06,False,False,False
TURN_0447,PAIRED_TURN,NARROWBODY,990,1080,990,1090,964,1077,G104,G104,G104,G104,False,False,False
TURN_0448,PAIRED_TURN,NARROWBODY,992,1080,993,1091,972,1086,G86,G86,G86,G86,False,False,False
TURN_0449,PAIRED_TURN,NARROWBODY,993,1083,995,1093,978,1132,G89,G89,G89,G89,False,False,False
TURN_0450,PAIRED_TURN,NARROWBODY,994,1105,997,1129,968,1099,G98,G98,G98,G98,False,False,False
TURN_0451,PAIRED_TURN,NARROWBODY,994,1083,996,1092,1010,1074,G85,G85,G85,G85,False,False,False
TURN_0452,PAIRED_TURN,NARROWBODY,995,1125,995,1134,977,1121,G90,G90,G90,G90,False,False,False
TURN_0453,PAIRED_TURN,NARROWBODY,995,1074,998,1091,977,1063,G82,G82,G82,G82,False,False,False
TURN_0454,PAIRED_TURN,NARROWBODY,997,1200,1001,1211,975,1184,G58,G58,G58,G58,False,False,False
TURN_0455,PAIRED_TURN,NARROWBODY,997,1082,996,1089,987,1092,G31,G31,G31,G31,False,False,False
TURN_0456,PAIRED_TURN,WIDEBODY,997,1126,997,1138,976,1126,G110,G110,G110,G110,False,False,False
TURN_0457,PAIRED_TURN,NARROWBODY,997,1091,997,1100,979,1088,G64,G64,G64,G64,False,False,False
TURN_0458,PAIRED_TURN,NARROWBODY,998,1139,998,1148,967,1135,G37,G37,G37,G37,False,False,False
TURN_0459,PAIRED_TURN,NARROWBODY,999,1095,999,1105,1003,1091,G97,G97,G97,G97,False,False,False
TURN_0460,PAIRED_TURN,NARROWBODY,1000,1095,1000,1104,983,1092,G24,G24,G24,G24,False,False,False
TURN_0838,UNMATCHED_DEP,WIDEBODY,1000,1060,1009,1073,993,1053,G105,G105,G105,G105,False,False,False
TURN_0461,PAIRED_TURN,NARROWBODY,1001,1095,1001,1106,1002,1088,G39,G39,G39,G39,False,False,False
TURN_0462,PAIRED_TURN,NARROWBODY,1002,1175,1002,1185,987,1163,G43,G43,G43,G43,False,False,False
TURN_0463,PAIRED_TURN,NARROWBODY,1008,1095,1008,1108,979,1087,G124,G124,G124,G124,False,False,False
TURN_0464,PAIRED_TURN,NARROWBODY,1009,1100,1009,1108,992,1096,G92,G92,G92,G92,False,False,False
TURN_0465,PAIRED_TURN,NARROWBODY,1009,1100,1010,1110,969,1098,G108,G108,G108,G108,False,False,False
TURN_0466,PAIRED_TURN,NARROWBODY,1009,1175,1010,1186,991,1168,G88,G88,G88,G88,False,False,False
TURN_0467,PAIRED_TURN,NARROWBODY,1009,1105,1009,1113,993,1108,G141,G141,G141,G141,False,False,False
TURN_0468,PAIRED_TURN,NARROWBODY,1010,1105,1012,1115,981,1101,G118,G118,G118,G118,False,False,False
TURN_0469,PAIRED_TURN,NARROWBODY,1010,1105,1010,1116,1088,1120,G19,G19,G19,G19,False,False,False
TURN_0470,PAIRED_TURN,NARROWBODY,1011,1101,1014,1119,995,1101,G57,G57,G57,G57,False,False,False
TURN_0002,PAIRED_TURN,NARROWBODY,1012,1172,1016,1187,1010,1167,G135,G135,G135,G135,False,False,False
TURN_0471,PAIRED_TURN,NARROWBODY,1014,1200,1014,1210,996,1191,G59,G59,G59,G59,False,False,False
TURN_0472,PAIRED_TURN,WIDEBODY,1015,1180,1019,1197,1027,1203,G20,G20,G20,G20,False,False,False
TURN_0473,PAIRED_TURN,NARROWBODY,1015,1105,1016,1120,982,1105,G116,G116,G116,G116,False,False,False
TURN_0474,PAIRED_TURN,NARROWBODY,1018,1106,1020,1116,1039,1102,G54,G54,G54,G54,False,False,False
TURN_0475,PAIRED_TURN,NARROWBODY,1021,1110,1021,1121,1005,1103,G13,G13,G13,G13,False,False,False
TURN_0476,PAIRED_TURN,NARROWBODY,1021,1110,1021,1122,1000,1176,G114,G114,G114,G114,False,False,False
TURN_0679,UNMATCHED_ARR,WIDEBODY,1021,1081,1021,1085,1001,1061,G152,G152,G152,G152,False,False,False
TURN_0477,PAIRED_TURN,NARROWBODY,1022,1205,1022,1216,996,1206,G146,G146,G146,G146,False,False,False
TURN_0478,PAIRED_TURN,NARROWBODY,1022,1110,1025,1122,999,1108,G136,G136,G136,G136,False,False,False
TURN_0839,UNMATCHED_DEP,NARROWBODY,1022,1067,1028,1077,1012,1057,G151,G151,G151,G151,False,False,False
TURN_0479,PAIRED_TURN,NARROWBODY,1024,1090,1026,1102,1023,1083,G134,G134,G134,G134,False,False,False
TURN_0480,PAIRED_TURN,WIDEBODY,1024,1189,1030,1201,1013,1182,G94,G94,G94,G94,False,False,False
TURN_0481,PAIRED_TURN,NARROWBODY,1025,1113,1027,1123,985,1111,G107,G107,G107,G107,False,False,False
TURN_0482,PAIRED_TURN,NARROWBODY,1025,1207,1026,1216,1232,1272,G55,G55,G55,G55,False,False,False
TURN_0483,PAIRED_TURN,WIDEBODY,1025,1194,1025,1203,1006,1185,G121,G121,G121,G121,False,False,False
TURN_0484,PAIRED_TURN,NARROWBODY,1028,1120,1030,1130,987,1111,G62,G62,G62,G62,False,False,False
TURN_0485,PAIRED_TURN,NARROWBODY,1029,1130,1029,1138,1015,1125,G78,G78,G78,G78,False,False,False
TURN_0486,PAIRED_TURN,NARROWBODY,1029,1220,1029,1231,994,1209,G81,G81,G81,G81,False,False,False
TURN_0487,PAIRED_TURN,NARROWBODY,1030,1135,1030,1147,1011,1137,G123,G123,G123,G123,False,False,False
TURN_0488,PAIRED_TURN,NARROWBODY,1030,1115,1033,1132,1057,1115,G109,G109,G109,G109,False,False,False
TURN_0489,PAIRED_TURN,NARROWBODY,1034,1139,1034,1148,1015,1136,G126,G126,G126,G126,False,False,False
TURN_0490,PAIRED_TURN,NARROWBODY,1037,1140,1040,1150,1019,1132,G147,G147,G147,G147,False,False,False
TURN_0491,PAIRED_TURN,NARROWBODY,1039,1139,1039,1151,1061,1140,G103,G103,G103,G103,False,False,False
TURN_0024,PAIRED_TURN,NARROWBODY,1040,1080,1043,1095,1022,1078,G91,G91,G91,G91,False,False,False
TURN_0492,PAIRED_TURN,NARROWBODY,1040,1260,1041,1270,1019,1246,G115,G115,G115,G115,False,False,False
TURN_0840,UNMATCHED_DEP,WIDEBODY,1041,1101,1050,1114,1032,1092,G139,G139,G139,G139,False,False,False
TURN_0493,PAIRED_TURN,NARROWBODY,1042,1265,1042,1276,1024,1255,G129,G129,G129,G129,False,False,False
TURN_0494,PAIRED_TURN,NARROWBODY,1043,1156,1044,1165,997,1189,G05,G05,G05,G05,False,False,False
TURN_0495,PAIRED_TURN,NARROWBODY,1044,1165,1044,1176,1028,1172,G10,G10,G10,G10,False,False,False
TURN_0496,PAIRED_TURN,NARROWBODY,1046,1151,1052,1174,1046,1157,G128,G128,G128,G128,False,False,False
TURN_0497,PAIRED_TURN,NARROWBODY,1047,1165,1047,1174,1041,1159,G12,G12,G12,G12,False,False,False
TURN_0498,PAIRED_TURN,NARROWBODY,1047,1167,1049,1177,1035,1176,G132,G132,G132,G132,False,False,False
TURN_0004,PAIRED_TURN,NARROWBODY,1048,1099,1052,1114,1035,1090,G142,G142,G142,G142,False,False,False
TURN_0499,PAIRED_TURN,NARROWBODY,1049,1170,1050,1180,1058,1164,G143,G143,G143,G143,False,False,False
TURN_0500,PAIRED_TURN,NARROWBODY,1049,1180,1051,1190,1023,1191,G93,G93,G93,G93,False,False,False
TURN_0025,PAIRED_TURN,NARROWBODY,1050,1100,1055,1118,1055,1113,G45,G45,G45,G45,False,False,False
TURN_0501,PAIRED_TURN,NARROWBODY,1050,1185,1052,1197,1099,1174,G148,G148,G148,G148,False,False,False
TURN_0502,PAIRED_TURN,NARROWBODY,1050,1134,1055,1157,1018,1125,G145,G145,G145,G145,False,False,False
TURN_0022,PAIRED_TURN,NARROWBODY,1055,1100,1058,1139,1053,1109,G149,G149,G149,G149,False,False,False
TURN_0503,PAIRED_TURN,NARROWBODY,1056,1194,1056,1204,1030,1188,G158,G158,G158,G158,False,False,False
TURN_0504,PAIRED_TURN,NARROWBODY,1056,1194,1058,1205,1014,1187,G159,G159,G159,G159,False,False,False
TURN_0505,PAIRED_TURN,NARROWBODY,1057,1195,1059,1206,1057,1181,G100,G100,G100,G100,False,False,False
TURN_0506,PAIRED_TURN,NARROWBODY,1059,1260,1061,1272,1044,1253,G79,G79,G79,G79,False,False,False
TURN_0507,PAIRED_TURN,NARROWBODY,1060,1195,1061,1206,1039,1193,G156,G156,G156,G156,False,False,False
TURN_0508,PAIRED_TURN,NARROWBODY,1060,1196,1062,1207,1033,1182,G18,G18,G18,G18,False,False,False
TURN_0509,PAIRED_TURN,NARROWBODY,1063,1210,1065,1222,1065,1204,G17,G17,G17,G17,False,False,False
TURN_0841,UNMATCHED_DEP,NARROWBODY,1063,1108,1071,1120,1064,1109,G130,G130,G130,G130,False,False,False
TURN_0510,PAIRED_TURN,NARROWBODY,1065,1210,1066,1220,1018,1197,G157,G157,G157,G157,False,False,False
TURN_0511,PAIRED_TURN,NARROWBODY,1065,1215,1067,1225,1036,1207,G160,G160,G160,G160,False,False,False
TURN_0512,PAIRED_TURN,NARROWBODY,1072,1222,1072,1232,1061,1208,G04,G04,G04,G04,False,False,False
TURN_0513,PAIRED_TURN,NARROWBODY,1072,1168,1076,1186,1043,1164,G01,G01,G01,G01,False,False,False
TURN_0514,PAIRED_TURN,NARROWBODY,1075,1255,1075,1265,1054,1248,G60,G60,G60,G60,False,False,False
TURN_0515,PAIRED_TURN,NARROWBODY,1077,1255,1078,1268,1063,1245,G131,G131,G131,G131,False,False,False
TURN_0516,PAIRED_TURN,NARROWBODY,1078,1255,1078,1267,1058,1254,G21,G21,G21,G21,False,False,False
TURN_0680,UNMATCHED_ARR,NARROWBODY,1078,1123,1082,1134,1084,1129,G153,G153,G153,G153,False,False,False
TURN_0517,PAIRED_TURN,NARROWBODY,1080,1255,1082,1268,1090,1248,G23,G23,G23,G23,False,False,False
TURN_0518,PAIRED_TURN,WIDEBODY,1080,1270,1080,1282,1069,1261,G27,G27,G27,G27,False,False,False
TURN_0519,PAIRED_TURN,NARROWBODY,1081,1255,1083,1268,1091,1248,G03,G03,G03,G03,False,False,False
TURN_0520,PAIRED_TURN,NARROWBODY,1084,1200,1089,1223,1067,1209,G28,G28,G28,G28,False,False,False
TURN_0521,PAIRED_TURN,NARROWBODY,1086,1259,1086,1268,1062,1243,G137,G137,G137,G137,False,False,False
TURN_0522,PAIRED_TURN,NARROWBODY,1087,1265,1091,1282,1065,1262,G16,G16,G16,G16,False,False,False
TURN_0523,PAIRED_TURN,WIDEBODY,1088,1195,1089,1205,1090,1203,G33,G33,G33,G33,False,False,False
TURN_0524,PAIRED_TURN,NARROWBODY,1089,1265,1089,1275,1056,1259,G07,G07,G07,G07,False,False,False
TURN_0525,PAIRED_TURN,WIDEBODY,1091,1195,1091,1205,1072,1186,G120,G120,G120,G120,False,False,False
TURN_0526,PAIRED_TURN,NARROWBODY,1091,1260,1092,1270,1070,1276,G83,G83,G83,G83,False,False,False
TURN_0527,PAIRED_TURN,WIDEBODY,1092,1260,1094,1271,1075,1252,G22,G22,G22,G22,False,False,False
TURN_0528,PAIRED_TURN,NARROWBODY,1098,1260,1098,1272,1081,1255,G46,G46,G46,G46,False,False,False
TURN_0529,PAIRED_TURN,NARROWBODY,1101,1260,1101,1271,1087,1249,G50,G50,G50,G50,False,False,False
TURN_0530,PAIRED_TURN,NARROWBODY,1103,1260,1104,1274,1120,1250,G154,G154,G154,G154,False,False,False
TURN_0531,PAIRED_TURN,NARROWBODY,1105,1260,1105,1270,1095,1252,G113,G113,G113,G113,False,False,False
TURN_0532,PAIRED_TURN,WIDEBODY,1105,1302,1105,1313,1074,1298,G56,G56,G56,G56,False,False,False
TURN_0681,UNMATCHED_ARR,NARROWBODY,1105,1150,1106,1157,1110,1155,G155,G155,G155,G155,False,False,False
TURN_0533,PAIRED_TURN,WIDEBODY,1109,1260,1109,1269,1084,1256,G140,G140,G140,G140,False,False,False
TURN_0041,PAIRED_TURN,NARROWBODY,1110,1170,1114,1186,1117,1199,G52,G52,G52,G52,False,False,False
TURN_0682,UNMATCHED_ARR,NARROWBODY,1110,1155,1114,1165,1098,1143,G26,G26,G26,G26,False,False,False
TURN_0534,PAIRED_TURN,NARROWBODY,1112,1260,1112,1270,1084,1257,G35,G35,G35,G35,False,False,False
TURN_0535,PAIRED_TURN,WIDEBODY,1113,1270,1114,1284,1100,1267,G44,G44,G44,G44,False,False,False
TURN_0536,PAIRED_TURN,NARROWBODY,1114,1260,1114,1273,1085,1268,G15,G15,G15,G15,False,False,False
TURN_0537,PAIRED_TURN,NARROWBODY,1114,1265,1114,1276,1096,1258,G127,G127,G127,G127,False,False,False
TURN_0538,PAIRED_TURN,NARROWBODY,1114,1265,1114,1279,1105,1259,G117,G117,G117,G117,False,False,False
TURN_0539,PAIRED_TURN,NARROWBODY,1114,1275,1116,1287,1087,1269,G99,G99,G99,G99,False,False,False
TURN_0540,PAIRED_TURN,NARROWBODY,1116,1267,1117,1278,1106,1263,G101,G101,G101,G101,False,False,False
TURN_0541,PAIRED_TURN,NARROWBODY,1116,1275,1116,1286,1112,1271,G09,G09,G09,G09,False,False,False
TURN_0842,UNMATCHED_DEP,NARROWBODY,1118,1163,1129,1178,1261,1306,G61,G61,G61,G61,False,False,False
TURN_0542,PAIRED_TURN,NARROWBODY,1119,1275,1119,1284,1103,1279,G14,G14,G14,G14,False,False,False
TURN_0543,PAIRED_TURN,NARROWBODY,1119,1275,1121,1287,1118,1265,G68,G68,G68,G68,False,False,False
TURN_0544,PAIRED_TURN,NARROWBODY,1119,1275,1121,1285,1132,1269,G70,G70,G70,G70,False,False,False
TURN_0545,PAIRED_TURN,WIDEBODY,1119,1280,1119,1290,1096,1275,G71,G71,G71,G71,False,False,False
TURN_0546,PAIRED_TURN,WIDEBODY,1120,1280,1122,1290,1102,1288,G96,G96,G96,G96,False,False,False
TURN_0547,PAIRED_TURN,NARROWBODY,1120,1275,1120,1285,1079,1271,G112,G112,G112,G112,False,False,False
TURN_0548,PAIRED_TURN,NARROWBODY,1121,1285,1122,1299,1098,1276,G150,G150,G150,G150,False,False,False
TURN_0549,PAIRED_TURN,NARROWBODY,1122,1285,1124,1296,1085,1278,G122,G122,G122,G122,False,False,False
TURN_0550,PAIRED_TURN,NARROWBODY,1122,1285,1122,1297,1108,1319,G77,G77,G77,G77,False,False,False
TURN_0551,PAIRED_TURN,NARROWBODY,1122,1285,1123,1301,1116,1304,G75,G75,G75,G75,False,False,False
TURN_0552,PAIRED_TURN,NARROWBODY,1124,1298,1126,1309,1179,1297,G25,G25,G25,G25,False,False,False
TURN_0553,PAIRED_TURN,NARROWBODY,1124,1300,1126,1309,1105,1286,G67,G67,G67,G67,False,False,False
TURN_0683,UNMATCHED_ARR,WIDEBODY,1124,1184,1129,1196,1104,1164,G74,G74,G74,G74,False,False,False
TURN_0032,PAIRED_TURN,NARROWBODY,1125,1175,1128,1192,1119,1184,G84,G84,G84,G84,False,False,False
TURN_0554,PAIRED_TURN,WIDEBODY,1125,1290,1126,1301,1126,1317,G161,G161,G161,G161,False,False,False
TURN_0555,PAIRED_TURN,WIDEBODY,1125,1305,1126,1314,1093,1292,G76,G76,G76,G76,False,False,False
TURN_0556,PAIRED_TURN,WIDEBODY,1125,1310,1130,1328,1168,1312,G111,G111,G111,G111,False,False,False
TURN_0557,PAIRED_TURN,NARROWBODY,1125,1265,1126,1275,1113,1256,G106,G106,G106,G106,False,False,False
TURN_0558,PAIRED_TURN,NARROWBODY,1125,1301,1125,1312,1110,1292,G49,G49,G49,G49,False,False,False
TURN_0843,UNMATCHED_DEP,WIDEBODY,1126,1186,1142,1207,1126,1186,G138,G138,G138,G138,False,False,False
TURN_0559,PAIRED_TURN,NARROWBODY,1128,1216,1132,1231,1174,1232,G30,G30,G30,G30,False,False,False
TURN_0560,PAIRED_TURN,NARROWBODY,1129,1173,1131,1185,1088,1164,G11,G11,G11,G11,False,False,False
TURN_0038,PAIRED_TURN,NARROWBODY,1130,1175,1133,1191,1113,1183,G32,G32,G32,G32,False,False,False
TURN_0065,PAIRED_TURN,NARROWBODY,1130,1180,1134,1196,1124,1195,G06,G06,G06,G06,False,False,False
TURN_0684,UNMATCHED_ARR,WIDEBODY,1130,1190,1133,1198,1112,1172,G40,G40,G40,G40,False,False,False
TURN_0561,PAIRED_TURN,NARROWBODY,1132,1270,1133,1280,1114,1256,G105,G105,G105,G105,False,False,False
TURN_0562,PAIRED_TURN,WIDEBODY,1133,1319,1133,1328,1130,1318,G119,G119,G119,G119,False,False,False
TURN_0034,PAIRED_TURN,NARROWBODY,1135,1180,1138,1219,1120,1206,G48,G48,G48,G48,False,False,False
TURN_0037,PAIRED_TURN,NARROWBODY,1135,1185,1138,1205,1146,1199,G42,G42,G42,G42,False,False,False
TURN_0045,PAIRED_TURN,NARROWBODY,1135,1180,1138,1220,1135,1209,G29,G29,G29,G29,False,False,False
TURN_0563,PAIRED_TURN,NARROWBODY,1135,1175,1138,1192,1142,1220,G38,G38,G38,G38,False,False,False
TURN_0564,PAIRED_TURN,NARROWBODY,1135,1180,1139,1194,1113,1204,G41,G41,G41,G41,False,False,False
TURN_0565,PAIRED_TURN,NARROWBODY,1136,1229,1140,1252,1150,1234,G47,G47,G47,G47,False,False,False
TURN_0566,PAIRED_TURN,NARROWBODY,1137,1306,1138,1317,1227,1308,G51,G51,G51,G51,False,False,False
TURN_0567,PAIRED_TURN,NARROWBODY,1140,1190,1143,1207,1155,1197,G151,G151,G151,G151,False,False,False
TURN_0568,PAIRED_TURN,NARROWBODY,1140,1314,1143,1326,1121,1309,G02,G02,G02,G02,False,False,False
TURN_0845,UNMATCHED_DEP,WIDEBODY,1140,1200,1145,1208,1133,1193,G53,G53,G53,G53,False,False,False
TURN_0569,PAIRED_TURN,WIDEBODY,1141,1350,1143,1361,1118,1343,G66,G66,G66,G66,False,False,False
TURN_0570,PAIRED_TURN,NARROWBODY,1142,1281,1144,1294,1104,1268,G72,G72,G72,G72,False,False,False
TURN_0044,PAIRED_TURN,NARROWBODY,1145,1185,1148,1203,1127,1193,G82,G82,G82,G82,False,False,False
TURN_0571,PAIRED_TURN,NARROWBODY,1145,1303,1145,1312,1142,1298,G133,G133,G133,G133,False,False,False
TURN_0572,PAIRED_TURN,NARROWBODY,1145,1276,1149,1302,1150,1308,G63,G63,G63,G63,False,False,False
TURN_0685,UNMATCHED_ARR,WIDEBODY,1145,1205,1150,1218,1125,1185,G08,G08,G08,G08,False,False,False
TURN_0573,PAIRED_TURN,NARROWBODY,1147,1330,1147,1339,1132,1324,G144,G144,G144,G144,False,False,False
TURN_0574,PAIRED_TURN,NARROWBODY,1149,1316,1151,1326,1124,1302,G69,G69,G69,G69,False,False,False
TURN_0844,UNMATCHED_DEP,NARROWBODY,1150,1195,1160,1209,1150,1195,G80,G80,G80,G80,False,False,False
TURN_0575,PAIRED_TURN,NARROWBODY,1153,1319,1154,1330,1129,1313,G95,G95,G95,G95,False,False,False
TURN_0576,PAIRED_TURN,WIDEBODY,1155,1351,1155,1361,1140,1338,G34,G34,G34,G34,False,False,False
TURN_0577,PAIRED_TURN,NARROWBODY,1156,1320,1157,1332,1140,1320,G86,G86,G86,G86,False,False,False
TURN_0578,PAIRED_TURN,NARROWBODY,1157,1347,1157,1356,1131,1323,G91,G91,G91,G91,False,False,False
TURN_0579,PAIRED_TURN,WIDEBODY,1158,1360,1158,1371,1146,1374,G152,G152,G152,G152,False,False,False
TURN_0580,PAIRED_TURN,NARROWBODY,1158,1323,1160,1333,1134,1315,G104,G104,G104,G104,False,False,False
TURN_0686,UNMATCHED_ARR,NARROWBODY,1159,1204,1163,1217,1135,1180,G31,G31,G31,G31,False,False,False
TURN_0026,PAIRED_TURN,NARROWBODY,1160,1220,1164,1237,1153,1218,G85,G85,G85,G85,False,False,False
TURN_0687,UNMATCHED_ARR,WIDEBODY,1161,1221,1166,1233,1186,1246,G89,G89,G89,G89,False,False,False
TURN_0581,PAIRED_TURN,NARROWBODY,1162,1330,1163,1340,1143,1317,G125,G125,G125,G125,False,False,False
TURN_0582,PAIRED_TURN,NARROWBODY,1164,1360,1165,1369,1141,1356,G134,G134,G134,G134,False,False,False
TURN_0846,UNMATCHED_DEP,NARROWBODY,1165,1210,1176,1226,1164,1209,G64,G64,G64,G64,False,False,False
TURN_0059,PAIRED_TURN,NARROWBODY,1170,1210,1174,1228,1174,1219,G24,G24,G24,G24,False,False,False
TURN_0583,PAIRED_TURN,NARROWBODY,1170,1336,1170,1345,1146,1327,G39,G39,G39,G39,False,False,False
TURN_0584,PAIRED_TURN,NARROWBODY,1171,1345,1174,1358,1156,1338,G97,G97,G97,G97,False,False,False
TURN_0068,PAIRED_TURN,NARROWBODY,1172,1228,1172,1238,1142,1228,G124,G124,G124,G124,False,False,False
TURN_0585,PAIRED_TURN,NARROWBODY,1174,1259,1177,1277,1166,1278,G142,G142,G142,G142,False,False,False
TURN_0586,PAIRED_TURN,NARROWBODY,1175,1345,1177,1355,1165,1407,G45,G45,G45,G45,False,False,False
TURN_0587,PAIRED_TURN,NARROWBODY,1178,1345,1179,1356,1158,1338,G92,G92,G92,G92,False,False,False
TURN_0588,PAIRED_TURN,NARROWBODY,1184,1345,1185,1355,1158,1341,G108,G108,G108,G108,False,False,False
TURN_0688,UNMATCHED_ARR,WIDEBODY,1185,1245,1188,1255,1206,1266,G57,G57,G57,G57,False,False,False
TURN_0689,UNMATCHED_ARR,WIDEBODY,1185,1245,1185,1248,1164,1224,G139,G139,G139,G139,False,False,False
TURN_0847,UNMATCHED_DEP,NARROWBODY,1185,1230,1196,1246,1211,1256,G149,G149,G149,G149,False,False,False
TURN_0589,PAIRED_TURN,NARROWBODY,1186,1345,1186,1354,1160,1344,G19,G19,G19,G19,False,False,False
TURN_0590,PAIRED_TURN,WIDEBODY,1187,1365,1188,1377,1152,1358,G87,G87,G87,G87,False,False,False
TURN_0848,UNMATCHED_DEP,NARROWBODY,1190,1235,1200,1250,1192,1237,G98,G98,G98,G98,False,False,False
TURN_0591,PAIRED_TURN,NARROWBODY,1191,1345,1192,1355,1200,1336,G116,G116,G116,G116,False,False,False
TURN_0592,PAIRED_TURN,NARROWBODY,1191,1349,1191,1359,1178,1346,G118,G118,G118,G118,False,False,False
TURN_0593,PAIRED_TURN,NARROWBODY,1196,1349,1196,1357,1176,1339,G141,G141,G141,G141,False,False,False
TURN_0594,PAIRED_TURN,NARROWBODY,1197,1349,1199,1359,1196,1342,G54,G54,G54,G54,False,False,False
TURN_0595,PAIRED_TURN,NARROWBODY,1198,1295,1202,1318,1179,1328,G130,G130,G130,G130,False,False,False
TURN_0596,PAIRED_TURN,NARROWBODY,1199,1350,1202,1360,1190,1343,G13,G13,G13,G13,False,False,False
TURN_0597,PAIRED_TURN,NARROWBODY,1199,1350,1199,1360,1214,1347,G114,G114,G114,G114,False,False,False
TURN_0598,PAIRED_TURN,NARROWBODY,1199,1350,1199,1360,1170,1346,G136,G136,G136,G136,False,False,False
TURN_0599,PAIRED_TURN,NARROWBODY,1200,1265,1203,1281,1196,1270,G107,G107,G107,G107,False,False,False
TURN_0600,PAIRED_TURN,NARROWBODY,1201,1275,1207,1296,1414,1454,G109,G109,G109,G109,False,False,False
TURN_0601,PAIRED_TURN,WIDEBODY,1202,1365,1203,1375,1189,1362,G102,G102,G102,G102,False,False,False
TURN_0690,UNMATCHED_ARR,NARROWBODY,1208,1253,1209,1260,1173,1218,G62,G62,G62,G62,False,False,False
TURN_0602,PAIRED_TURN,NARROWBODY,1209,1350,1211,1360,1199,1349,G153,G153,G153,G153,False,False,False
TURN_0603,PAIRED_TURN,NARROWBODY,1209,1351,1211,1362,1266,1348,G90,G90,G90,G90,False,False,False
TURN_0604,PAIRED_TURN,NARROWBODY,1210,1353,1212,1364,1186,1349,G78,G78,G78,G78,False,False,False
TURN_0605,PAIRED_TURN,WIDEBODY,1210,1365,1213,1377,1197,1356,G73,G73,G73,G73,False,False,False
TURN_0691,UNMATCHED_ARR,NARROWBODY,1210,1255,1212,1261,1187,1232,G110,G110,G110,G110,False,False,False
TURN_0606,PAIRED_TURN,NARROWBODY,1212,1354,1214,1365,1263,1347,G145,G145,G145,G145,False,False,False
TURN_0607,PAIRED_TURN,NARROWBODY,1212,1355,1212,1365,1206,1357,G123,G123,G123,G123,False,False,False
TURN_0608,PAIRED_TURN,NARROWBODY,1213,1355,1214,1365,1180,1344,G37,G37,G37,G37,False,False,False
TURN_0609,PAIRED_TURN,NARROWBODY,1213,1355,1216,1368,1214,1351,G103,G103,G103,G103,False,False,False
TURN_0610,PAIRED_TURN,NARROWBODY,1214,1355,1215,1366,1190,1367,G126,G126,G126,G126,False,False,False
TURN_0611,PAIRED_TURN,NARROWBODY,1215,1355,1215,1365,1212,1353,G155,G155,G155,G155,False,False,False
TURN_0612,PAIRED_TURN,NARROWBODY,1215,1355,1218,1364,1204,1346,G128,G128,G128,G128,False,False,False
TURN_0613,PAIRED_TURN,NARROWBODY,1215,1292,1221,1311,1210,1250,G147,G147,G147,G147,False,False,False
TURN_0614,PAIRED_TURN,NARROWBODY,1218,1355,1219,1364,1211,1349,G26,G26,G26,G26,False,False,False
TURN_0615,PAIRED_TURN,NARROWBODY,1219,1355,1221,1364,1196,1351,G61,G61,G61,G61,False,False,False
TURN_0692,UNMATCHED_ARR,WIDEBODY,1219,1279,1219,1282,1210,1270,G05,G05,G05,G05,False,False,False
TURN_0616,PAIRED_TURN,NARROWBODY,1220,1305,1224,1324,1222,1311,G12,G12,G12,G12,False,False,False
TURN_0617,PAIRED_TURN,NARROWBODY,1220,1310,1223,1326,1207,1319,G132,G132,G132,G132,False,False,False
TURN_0618,PAIRED_TURN,NARROWBODY,1220,1358,1221,1369,1207,1356,G01,G01,G01,G01,False,False,False
TURN_0619,PAIRED_TURN,NARROWBODY,1220,1360,1221,1370,1212,1355,G52,G52,G52,G52,False,False,False
TURN_0620,PAIRED_TURN,NARROWBODY,1220,1363,1222,1373,1277,1361,G143,G143,G143,G143,False,False,False
TURN_0693,UNMATCHED_ARR,WIDEBODY,1220,1280,1220,1284,1214,1274,G10,G10,G10,G10,False,False,False
TURN_0621,PAIRED_TURN,NARROWBODY,1223,1375,1229,1396,1231,1380,G135,G135,G135,G135,False,False,False
TURN_0622,PAIRED_TURN,NARROWBODY,1234,1314,1240,1333,1218,1350,G11,G11,G11,G11,False,False,False
TURN_0623,PAIRED_TURN,NARROWBODY,1234,1363,1235,1373,1211,1360,G65,G65,G65,G65,False,False,False
TURN_0624,PAIRED_TURN,NARROWBODY,1235,1315,1239,1333,1220,1310,G32,G32,G32,G32,False,False,False
TURN_0017,PAIRED_TURN,NARROWBODY,1240,1280,1245,1300,1260,1302,G38,G38,G38,G38,False,False,False
TURN_0625,PAIRED_TURN,NARROWBODY,1240,1401,1245,1425,1254,1294,G43,G43,G43,G43,False,False,False
TURN_0626,PAIRED_TURN,NARROWBODY,1242,1364,1243,1373,1217,1352,G84,G84,G84,G84,False,False,False
TURN_0627,PAIRED_TURN,NARROWBODY,1247,1364,1247,1373,1253,1373,G88,G88,G88,G88,False,False,False
TURN_0694,UNMATCHED_ARR,WIDEBODY,1248,1308,1254,1321,1256,1316,G06,G06,G06,G06,False,False,False
TURN_0628,PAIRED_TURN,NARROWBODY,1249,1365,1251,1376,1257,1356,G20,G20,G20,G20,False,False,False
TURN_0039,PAIRED_TURN,NARROWBODY,1250,1305,1254,1322,1232,1311,G29,G29,G29,G29,False,False,False
TURN_0629,PAIRED_TURN,NARROWBODY,1251,1295,1258,1309,1222,1290,G41,G41,G41,G41,False,False,False
TURN_0849,UNMATCHED_DEP,WIDEBODY,1254,1314,1259,1322,1248,1308,G48,G48,G48,G48,False,False,False
TURN_0046,PAIRED_TURN,NARROWBODY,1255,1305,1260,1323,1256,1308,G93,G93,G93,G93,False,False,False
TURN_0060,PAIRED_TURN,NARROWBODY,1255,1305,1260,1323,1248,1308,G74,G74,G74,G74,False,False,False
TURN_0630,PAIRED_TURN,NARROWBODY,1255,1325,1259,1342,1235,1317,G82,G82,G82,G82,False,False,False
TURN_0695,UNMATCHED_ARR,WIDEBODY,1255,1315,1260,1328,1243,1303,G42,G42,G42,G42,False,False,False
TURN_0631,PAIRED_TURN,NARROWBODY,1259,1365,1263,1376,1261,1361,G148,G148,G148,G148,False,False,False
TURN_0036,PAIRED_TURN,NARROWBODY,1260,1310,1264,1327,1268,1326,G138,G138,G138,G138,False,False,False
TURN_0050,PAIRED_TURN,NARROWBODY,1260,1310,1265,1348,1257,1310,G94,G94,G94,G94,False,False,False
TURN_0696,UNMATCHED_ARR,WIDEBODY,1260,1320,1265,1332,1353,1413,G40,G40,G40,G40,False,False,False
TURN_0020,PAIRED_TURN,NARROWBODY,1265,1310,1269,1326,1248,1309,G151,G151,G151,G151,False,False,False
TURN_0056,PAIRED_TURN,NARROWBODY,1265,1310,1270,1329,1277,1318,G121,G121,G121,G121,False,False,False
TURN_0697,UNMATCHED_ARR,WIDEBODY,1265,1325,1270,1338,1255,1315,G33,G33,G33,G33,False,False,False
TURN_0698,UNMATCHED_ARR,NARROWBODY,1265,1310,1269,1322,1244,1289,G158,G158,G158,G158,False,False,False
TURN_0699,UNMATCHED_ARR,NARROWBODY,1265,1310,1269,1321,1250,1295,G159,G159,G159,G159,False,False,False
TURN_0632,PAIRED_TURN,NARROWBODY,1266,1365,1270,1377,1252,1359,G80,G80,G80,G80,False,False,False
TURN_0633,PAIRED_TURN,NARROWBODY,1270,1365,1273,1376,1259,1359,G156,G156,G156,G156,False,False,False
TURN_0700,UNMATCHED_ARR,WIDEBODY,1270,1330,1273,1337,1275,1335,G120,G120,G120,G120,False,False,False
TURN_0701,UNMATCHED_ARR,NARROWBODY,1270,1315,1275,1329,1275,1320,G100,G100,G100,G100,False,False,False
TURN_0702,UNMATCHED_ARR,WIDEBODY,1274,1334,1275,1340,1242,1302,G18,G18,G18,G18,False,False,False
TURN_0048,PAIRED_TURN,NARROWBODY,1275,1315,1279,1332,1297,1337,G28,G28,G28,G28,False,False,False
TURN_0634,PAIRED_TURN,NARROWBODY,1275,1365,1278,1376,1257,1356,G53,G53,G53,G53,False,False,False
TURN_0635,PAIRED_TURN,NARROWBODY,1280,1369,1281,1378,1251,1362,G58,G58,G58,G58,False,False,False
TURN_0636,PAIRED_TURN,NARROWBODY,1284,1370,1285,1380,1262,1375,G59,G59,G59,G59,False,False,False
TURN_0703,UNMATCHED_ARR,NARROWBODY,1290,1335,1294,1347,1282,1327,G31,G31,G31,G31,False,False,False
TURN_0704,UNMATCHED_ARR,NARROWBODY,1291,1336,1295,1347,1266,1311,G08,G08,G08,G08,False,False,False
TURN_0637,PAIRED_TURN,NARROWBODY,1294,1370,1295,1380,1274,1363,G146,G146,G146,G146,False,False,False
TURN_0638,PAIRED_TURN,NARROWBODY,1295,1370,1297,1382,1285,1373,G55,G55,G55,G55,False,False,False
TURN_0639,PAIRED_TURN,NARROWBODY,1298,1371,1299,1381,1281,1361,G17,G17,G17,G17,False,False,False
TURN_0705,UNMATCHED_ARR,WIDEBODY,1298,1358,1304,1373,1292,1352,G36,G36,G36,G36,False,False,False
TURN_0640,PAIRED_TURN,NARROWBODY,1299,1372,1301,1383,1262,1365,G24,G24,G24,G24,False,False,False
TURN_0706,UNMATCHED_ARR,NARROWBODY,1300,1345,1305,1359,1314,1359,G64,G64,G64,G64,False,False,False
TURN_0707,UNMATCHED_ARR,WIDEBODY,1302,1362,1303,1367,1268,1328,G157,G157,G157,G157,False,False,False
TURN_0641,PAIRED_TURN,NARROWBODY,1303,1374,1305,1384,1299,1368,G160,G160,G160,G160,False,False,False
TURN_0642,PAIRED_TURN,NARROWBODY,1304,1375,1305,1386,1295,1386,G30,G30,G30,G30,False,False,False
TURN_0643,PAIRED_TURN,NARROWBODY,1306,1361,1312,1379,1283,1323,G81,G81,G81,G81,False,False,False
TURN_0644,PAIRED_TURN,NARROWBODY,1307,1375,1308,1385,1266,1359,G85,G85,G85,G85,False,False,False
TURN_0645,PAIRED_TURN,NARROWBODY,1308,1375,1310,1385,1298,1368,G04,G04,G04,G04,False,False,False
TURN_0708,UNMATCHED_ARR,NARROWBODY,1308,1353,1312,1364,1317,1362,G89,G89,G89,G89,False,False,False
TURN_0646,PAIRED_TURN,NARROWBODY,1310,1375,1310,1386,1295,1383,G47,G47,G47,G47,False,False,False
TURN_0647,PAIRED_TURN,NARROWBODY,1310,1380,1311,1392,1332,1377,G149,G149,G149,G149,False,False,False
TURN_0648,PAIRED_TURN,NARROWBODY,1310,1380,1312,1391,1284,1375,G98,G98,G98,G98,False,False,False
TURN_0850,UNMATCHED_DEP,WIDEBODY,1310,1370,1325,1390,1336,1396,G124,G124,G124,G124,False,False,False
TURN_0709,UNMATCHED_ARR,NARROWBODY,1311,1356,1315,1366,1357,1402,G57,G57,G57,G57,False,False,False
TURN_0710,UNMATCHED_ARR,NARROWBODY,1316,1361,1320,1371,1298,1343,G139,G139,G139,G139,False,False,False
TURN_0711,UNMATCHED_ARR,NARROWBODY,1319,1364,1323,1375,1337,1382,G62,G62,G62,G62,False,False,False
TURN_0712,UNMATCHED_ARR,NARROWBODY,1320,1365,1323,1375,1323,1368,G03,G03,G03,G03,False,False,False
TURN_0713,UNMATCHED_ARR,NARROWBODY,1322,1367,1326,1379,1329,1374,G21,G21,G21,G21,False,False,False
TURN_0714,UNMATCHED_ARR,NARROWBODY,1325,1370,1329,1380,1315,1360,G23,G23,G23,G23,False,False,False
TURN_0851,UNMATCHED_DEP,NARROWBODY,1329,1374,1334,1382,1324,1369,G60,G60,G60,G60,False,False,False
TURN_0715,UNMATCHED_ARR,NARROWBODY,1332,1377,1336,1387,1361,1406,G110,G110,G110,G110,False,False,False
TURN_0716,UNMATCHED_ARR,NARROWBODY,1333,1378,1333,1382,1296,1341,G131,G131,G131,G131,False,False,False
TURN_0717,UNMATCHED_ARR,WIDEBODY,1336,1396,1340,1405,1321,1381,G137,G137,G137,G137,False,False,False
TURN_0649,PAIRED_TURN,NARROWBODY,1339,1380,1341,1389,1308,1369,G142,G142,G142,G142,False,False,False
TURN_0718,UNMATCHED_ARR,WIDEBODY,1341,1401,1342,1406,1316,1376,G15,G15,G15,G15,False,False,False
TURN_0719,UNMATCHED_ARR,NARROWBODY,1346,1391,1351,1403,1370,1415,G22,G22,G22,G22,False,False,False
TURN_0720,UNMATCHED_ARR,NARROWBODY,1361,1406,1364,1414,1355,1400,G35,G35,G35,G35,False,False,False
TURN_0721,UNMATCHED_ARR,NARROWBODY,1361,1406,1366,1418,1397,1439,G46,G46,G46,G46,False,False,False
TURN_0722,UNMATCHED_ARR,NARROWBODY,1370,1415,1373,1425,1365,1410,G50,G50,G50,G50,False,False,False
TURN_0723,UNMATCHED_ARR,NARROWBODY,1377,1422,1379,1428,1359,1404,G79,G79,G79,G79,False,False,False
TURN_0724,UNMATCHED_ARR,NARROWBODY,1377,1422,1380,1432,1345,1390,G83,G83,G83,G83,False,False,False
TURN_0725,UNMATCHED_ARR,NARROWBODY,1377,1422,1379,1428,1369,1414,G113,G113,G113,G113,False,False,False
TURN_0726,UNMATCHED_ARR,WIDEBODY,1378,1438,1385,1439,1395,1439,G115,G115,G115,G115,False,False,False
TURN_0727,UNMATCHED_ARR,NARROWBODY,1379,1424,1381,1430,1363,1408,G140,G140,G140,G140,False,False,False
TURN_0728,UNMATCHED_ARR,NARROWBODY,1380,1425,1389,1439,1364,1409,G154,G154,G154,G154,False,False,False
TURN_0729,UNMATCHED_ARR,NARROWBODY,1390,1435,1392,1439,1374,1419,G07,G07,G07,G07,False,False,False
TURN_0730,UNMATCHED_ARR,NARROWBODY,1390,1435,1395,1439,1384,1429,G16,G16,G16,G16,False,False,False
TURN_0731,UNMATCHED_ARR,NARROWBODY,1398,1439,1402,1439,1407,1439,G106,G106,G106,G106,False,False,False
TURN_0732,UNMATCHED_ARR,NARROWBODY,1406,1439,1411,1439,1405,1439,G107,G107,G107,G107,False,False,False
TURN_0733,UNMATCHED_ARR,NARROWBODY,1412,1439,1412,1439,1418,1439,G117,G117,G117,G117,False,False,False
TURN_0734,UNMATCHED_ARR,NARROWBODY,1414,1439,1418,1439,1376,1421,G127,G127,G127,G127,False,False,False
TURN_0735,UNMATCHED_ARR,NARROWBODY,1416,1439,1418,1439,1397,1439,G129,G129,G129,G129,False,False,False
TURN_0736,UNMATCHED_ARR,NARROWBODY,1425,1439,1430,1439,94,139,G101,G101,G101,G101,False,False,False
TURN_0737,UNMATCHED_ARR,NARROWBODY,1425,1439,1428,1439,1413,1439,G27,G27,G27,G27,False,False,False
TURN_0738,UNMATCHED_ARR,NARROWBODY,1425,1439,1430,1439,1404,1439,G44,G44,G44,G44,False,False,False
TURN_0739,UNMATCHED_ARR,NARROWBODY,1428,1439,1432,1439,9,54,G105,G105,G105,G105,False,False,False
TURN_0740,UNMATCHED_ARR,NARROWBODY,1430,1439,1434,1439,1425,1439,G09,G09,G09,G09,False,False,False
TURN_0741,UNMATCHED_ARR,NARROWBODY,1433,1439,1439,1439,122,167,G14,G14,G14,G14,False,False,False
TURN_0742,UNMATCHED_ARR,NARROWBODY,1433,1439,1437,1439,1408,1439,G68,G68,G68,G68,False,False,False
TURN_0743,UNMATCHED_ARR,NARROWBODY,1435,1439,1438,1439,1415,1439,G70,G70,G70,G70,False,False,False
TURN_0744,UNMATCHED_ARR,WIDEBODY,1437,1439,1439,1439,1392,1439,G99,G99,G99,G99,False,False,False
TURN_0745,UNMATCHED_ARR,NARROWBODY,1439,1439,0,51,1427,1439,G109,G109,G109,G109,False,False,False
