flight_id,direction,aircraft_type,current_gate,assigned_gate,is_reassigned,p_delay,delay_est_min,sched_target_min,calculated_departure_min,occupancy_start_min,occupancy_end_min,occupancy_duration_min,fl_num,carrier,origin,dest
flight_key_v1_0ea1de1868b7a3a389f9b900782befeb,ARR,ALL,,G01,False,0.5608000159263611,4.059999942779541,25,67,12,82,70,1579.0,WN,DEN,ATL
flight_key_v1_96f840eff45e9e5fb568f29944058f53,ARR,ALL,,G02,False,0.4237000048160553,4.070000171661377,28,69,14,84,70,659.0,AA,MIA,ATL
flight_key_v1_a9694ecdf5da9db77992990c69fcac84,ARR,ALL,,G03,False,0.40720000863075256,4.289999961853027,31,72,17,87,70,1600.0,NK,IAH,ATL
flight_key_v1_20869c24b24c2aa456ec24c26bd88c1b,ARR,ALL,,G04,False,0.4860999882221222,4.059999942779541,35,76,21,91,70,643.0,WN,DAL,ATL
flight_key_v1_e586427d2b4266174399b981646f09df,ARR,ALL,,G05,False,0.5806999802589417,4.059999942779541,40,117,27,132,105,2675.0,WN,LAS,ATL
flight_key_v1_d2f6b67eace337ce61b866be18daa52f,ARR,ALL,,G06,False,0.6431000232696533,4.170000076293945,41,83,28,98,70,4027.0,F9,MCO,ATL
flight_key_v1_f83afb034a54ffdd648397d60cfb66d6,ARR,ALL,,G07,False,0.4794999957084656,4.440000057220459,44,86,31,101,70,1594.0,NK,EWR,ATL
flight_key_v1_ff2d156375bb0e76ff326d25042baca4,ARR,ALL,,G08,False,0.43459999561309814,4.679999828338623,45,87,32,102,70,3065.0,NK,MCO,ATL
flight_key_v1_a2b5b1e25355ceeb037d6e7d9f32ea9c,ARR,ALL,,G09,False,0.5924999713897705,3.3299999237060547,243,284,229,299,70,4917.0,F9,SJU,ATL
flight_key_v1_fda60f243624933b0483bcabc312e72b,DEP,ALL,,G10,False,0.1737,4.12,321,321,261,336,75,403.0,NK,ATL,FLL
flight_key_v1_26dd8bc018117d5889c56946afc05ebd,DEP,ALL,,G01,False,0.1703,3.65,335,335,275,350,75,3389.0,NK,ATL,LGA
flight_key_v1_8632b145ac8056167e2d35ebf5b2cf35,DEP,ALL,,G02,False,0.1634,3.31,336,336,276,351,75,1151.0,AA,ATL,MIA
flight_key_v1_e53740121b8da89ad765c6dbc80e4a53,ARR,ALL,,G03,False,0.16820000112056732,0.7200000286102295,300,375,285,390,105,730.0,DL,SAN,ATL
flight_key_v1_9324dbd810f2f4b119ee2f3dc4fc6bc5,DEP,ALL,,G04,False,0.1634,2.97,347,347,287,362,75,2770.0,AA,ATL,DFW
flight_key_v1_fe58040ddf716ded0a685d9fe43945ec,ARR,ALL,,G06,False,0.23829999566078186,1.8300000429153442,311,351,296,366,70,2796.0,DL,LAS,ATL
flight_key_v1_b0555a294e46b636352e7a816d3e6c19,ARR,ALL,,G07,False,0.23149999976158142,1.5,315,390,300,405,105,823.0,DL,SFO,ATL
flight_key_v1_df0fd8038c398b8aa4b186a86a122652,ARR,ALL,,G08,False,0.19979999959468842,1.100000023841858,329,369,314,384,70,414.0,DL,PHX,ATL
flight_key_v1_97bab9963f0d39cc62f3b229b1d97f11,ARR,ALL,,G05,False,0.43209999799728394,4.230000019073486,343,384,329,399,70,1828.0,NK,LAX,ATL
flight_key_v1_df7f38fc5a605d745e27c045e72a4f8d,ARR,ALL,,G09,False,0.2363000065088272,1.8300000429153442,344,384,329,399,70,738.0,DL,SEA,ATL
flight_key_v1_f1bb81568c691f488accb5310f760583,ARR,ALL,,G10,False,0.4657000005245209,3.319999933242798,350,391,336,406,70,4754.0,F9,SAN,ATL
flight_key_v1_20d700d5cf733bfcf073227f20003d42,ARR,ALL,,G01,False,0.2946999967098236,1.8300000429153442,366,406,351,421,70,899.0,DL,LAX,ATL
flight_key_v1_d63abe4ac4eae62f8c01f058cfea1790,ARR,ALL,,G02,False,0.19359999895095825,0.03999999910593033,379,419,364,434,70,303.0,DL,SLC,ATL
flight_key_v1_a851eab2de8be861f0c295f2dbe08709,ARR,ALL,,G04,False,0.4406000077724457,4.409999847412109,385,426,371,441,70,1362.0,NK,LAS,ATL
flight_key_v1_ce78b05a4885559a90cc14c55025802d,ARR,ALL,,G06,False,0.3093000054359436,1.8300000429153442,389,429,374,444,70,836.0,DL,HNL,ATL
flight_key_v1_0c26dbc5af3e3030485b4be3b8210fe2,ARR,ALL,,G08,False,0.6055999994277954,4.409999847412109,401,443,388,458,70,1116.0,F9,LAS,ATL
flight_key_v1_fd36425bf5694a4ef4920145a71b0e03,ARR,ALL,,G03,False,0.0877000018954277,-0.8100000023841858,423,462,407,477,70,2409.0,DL,GSP,ATL
flight_key_v1_8e001568337d9660fa1405a8148d6e76,ARR,ALL,,G05,False,0.11089999973773956,-0.47999998927116394,427,466,411,481,70,1609.0,DL,TLH,ATL
flight_key_v1_05c1e71d63e832984a7c999cfbed202b,ARR,ALL,,G09,False,0.2092999964952469,-0.9399999976158142,428,502,412,517,105,2712.0,DL,AVL,ATL
flight_key_v1_1c14a0d9851ebb5cb21d85acbecbd067,ARR,ALL,,G07,False,0.1453000009059906,-0.47999998927116394,432,471,416,486,70,1579.0,DL,CHA,ATL
flight_key_v1_37364af5a8620740e6d2c7acc86a9d0c,ARR,ALL,,G10,False,0.12710000574588776,-1.0199999809265137,435,474,419,489,70,5053.0,9E,TRI,ATL
flight_key_v1_f83fb9bf78f0ededa41e376f60020e2c,ARR,ALL,,G01,False,0.16259999573230743,-0.47999998927116394,440,479,424,494,70,2254.0,DL,GNV,ATL
flight_key_v1_c49ab6551e70fc51a8633f48d8cb1136,ARR,ALL,,G02,False,0.43459999561309814,3.7699999809265137,452,493,438,508,70,1448.0,F9,SFO,ATL
flight_key_v1_c26c40eac943fc0b151ec91f61903070,ARR,ALL,,G04,False,0.4108999967575073,2.9600000381469727,455,496,441,511,70,3816.0,OO,AGS,ATL
flight_key_v1_198509dd324167900bb70343064e1e5d,ARR,ALL,,G06,False,0.08739999681711197,-0.5899999737739563,460,499,444,514,70,2977.0,WN,RSW,ATL
flight_key_v1_87dde2a64416d400e05499962a2d1a76,ARR,ALL,,G08,False,0.13089999556541443,-0.3799999952316284,475,514,459,529,70,152.0,WN,SRQ,ATL
flight_key_v1_c217c8fa62dc6ef73136ce797f4a9f86,ARR,ALL,,G03,False,0.19840000569820404,-0.47999998927116394,493,532,477,547,70,2847.0,DL,ECP,ATL
flight_key_v1_7eb4eba5ca7bbdfad4d449202068282d,ARR,ALL,,G05,False,0.10119999945163727,-0.47999998927116394,497,536,481,551,70,2463.0,DL,PNS,ATL
flight_key_v1_76603ba0ed5f4d7a53dff6363207815f,ARR,ALL,,G07,False,0.1899999976158142,-1.5,502,541,486,556,70,2375.0,DL,DTW,ATL
flight_key_v1_bfe39fbe7e2e34d8ae1ef044d214b5a3,ARR,ALL,,G10,False,0.23770000040531158,-0.9100000262260437,505,579,489,594,105,4927.0,9E,GTR,ATL
flight_key_v1_1428ef2ef093be5d7ffbfdf88cc36018,ARR,ALL,,G01,False,0.1868000030517578,-0.6200000047683716,511,550,495,565,70,2266.0,DL,EWR,ATL
flight_key_v1_6290cc6cab37a15b8dc06a309dede14c,ARR,ALL,,G02,False,0.08990000188350677,-0.47999998927116394,524,563,508,578,70,1344.0,DL,AUS,ATL
flight_key_v1_a8b2a138b47cb14a751e4609732ec019,ARR,ALL,,G04,False,0.25949999690055847,1.7799999713897705,527,567,512,582,70,3938.0,OO,EVV,ATL
flight_key_v1_c74b2c0f45a7a2b49b6ab78350912e7a,ARR,ALL,,G06,False,0.16899999976158142,-0.8899999856948853,530,569,514,584,70,2466.0,WN,PHL,ATL
flight_key_v1_c6649daaf5c8f00a10fa46480791ef58,ARR,ALL,,G09,False,0.20340000092983246,-0.47999998927116394,533,572,517,587,70,2459.0,DL,CID,ATL
flight_key_v1_c2c7ef87d1bf7e81010d0bfa660186c9,ARR,ALL,,G08,False,0.22519999742507935,-0.6200000047683716,545,584,529,599,70,2264.0,DL,FSD,ATL
flight_key_v1_70c667360dd7b4957506fe2d86e6efa7,ARR,ALL,,G03,False,0.15070000290870667,-0.8100000023841858,570,609,554,624,70,971.0,WN,DCA,ATL
flight_key_v1_19d7697d9db790f0d9c3e834e6406455,ARR,ALL,,G05,False,0.19470000267028809,-0.36000001430511475,572,611,556,626,70,1421.0,DL,BNA,ATL
flight_key_v1_5c44e00c43365b5b4d7da44d2be7c6b8,ARR,ALL,,G07,False,0.16979999840259552,-1.1100000143051147,575,614,559,629,70,2499.0,DL,PHL,ATL
flight_key_v1_68df347dfba334dc6d37973bfb542fe9,ARR,ALL,,G01,False,0.18310000002384186,-0.36000001430511475,581,620,565,635,70,2025.0,DL,MCO,ATL
flight_key_v1_fe431979fa8af9599f38f926f5c1c468,ARR,ALL,,G02,False,0.12099999934434891,-0.5,594,633,578,648,70,2772.0,DL,SRQ,ATL
flight_key_v1_a48b3b12e70b1d1164be488e16adb9b5,ARR,ALL,,G04,False,0.3628000020980835,2.569999933242798,597,637,582,652,70,2483.0,F9,MIA,ATL
flight_key_v1_b09afe0cc748eaa3ae62bd0167805eb2,ARR,ALL,,G06,False,0.33160001039505005,0.05999999865889549,600,640,585,655,70,163.0,WN,PIT,ATL
flight_key_v1_f48d7aee221805eda77ce7fad473bd98,ARR,ALL,,G09,False,0.22540000081062317,-0.7699999809265137,605,644,589,659,70,3535.0,WN,MCI,ATL
flight_key_v1_7e678a9e5f0c5a7388675ec36625181a,ARR,ALL,,G10,False,0.23479999601840973,-0.23999999463558197,610,684,594,699,105,104.0,WN,DEN,ATL
flight_key_v1_7eb55262b58e77c582fb64bb36e61af1,ARR,ALL,,G08,False,0.13289999961853027,-0.36000001430511475,615,654,599,669,70,1258.0,DL,AUS,ATL
flight_key_v1_c6bc9622d8d9c969d262ee6651ba9e3a,ARR,ALL,,G03,False,0.25360000133514404,-1.3799999952316284,640,714,624,729,105,1653.0,DL,DTW,ATL
flight_key_v1_c5ad4bf2d63d61372607b4ae6e589286,ARR,ALL,,G05,False,0.23019999265670776,1.2100000381469727,646,686,631,701,70,1315.0,DL,IAH,ATL
flight_key_v1_759ea655028718ec5f6393af2738f682,ARR,ALL,,G07,False,0.32839998602867126,2.0999999046325684,646,686,631,701,70,770.0,NK,MCO,ATL
flight_key_v1_8f7150e96f1f30cb2492c7d82d3050a2,ARR,ALL,,G01,False,0.37369999289512634,1.4199999570846558,651,691,636,706,70,3901.0,NK,DTW,ATL
flight_key_v1_0f99e1ff195f221a45b44969467aad15,ARR,ALL,,G02,False,0.1462000012397766,-0.47999998927116394,664,738,648,753,105,1763.0,DL,SJU,ATL
flight_key_v1_f5500851906882f3ec1daff147ef7122,ARR,ALL,,G04,False,0.21639999747276306,-0.5799999833106995,668,707,652,722,70,817.0,DL,DEN,ATL
flight_key_v1_eea39053facf276121bf734261c75f0a,ARR,ALL,,G06,False,0.12890000641345978,-0.30000001192092896,672,711,656,726,70,2328.0,DL,JAX,ATL
flight_key_v1_d6bd09a4f8fcb342ff9f7f35263913a7,ARR,ALL,,G09,False,0.2793000042438507,0.1599999964237213,675,715,660,730,70,1181.0,WN,MDW,ATL
flight_key_v1_0d7c72f0a70a4000322dd92984ad7b6f,ARR,ALL,,G08,False,0.11259999871253967,-0.5799999833106995,686,760,670,775,105,1177.0,DL,TUS,ATL
flight_key_v1_91d15abc2e6391549810f570a48b1cfd,ARR,ALL,,G10,False,0.28940001130104065,1.5299999713897705,720,760,705,775,70,1122.0,WN,BWI,ATL
flight_key_v1_9d939451957b5e18d70cc3545d9f30f5,ARR,ALL,,G05,False,0.13339999318122864,0.07000000029802322,721,761,706,776,70,5035.0,9E,JAN,ATL
flight_key_v1_9923c3e6383b258aac4a1990e19b6654,ARR,ALL,,G07,False,0.19200000166893005,-0.1899999976158142,724,763,708,778,70,2001.0,DL,MCI,ATL
flight_key_v1_8a6cb0d1f3f552c44d352d440bafd569,ARR,ALL,,G01,False,0.21960000693798065,0.9900000095367432,725,765,710,780,70,1375.0,WN,TPA,ATL
flight_key_v1_430243118ee4256868ebab28737ef99c,ARR,ALL,,G04,False,0.18870000541210175,-0.5799999833106995,740,779,724,794,70,394.0,DL,SLC,ATL
flight_key_v1_394e801e298a40c427d15d8e37357514,ARR,ALL,,G06,False,0.15800000727176666,0.699999988079071,745,785,730,800,70,4858.0,9E,TLH,ATL
flight_key_v1_bbd7ba2d7c19888d4f73a0db6f2fc88b,ARR,ALL,,G03,False,0.22830000519752502,1.590000033378601,745,785,730,800,70,1303.0,DL,MIA,ATL
flight_key_v1_35b38ada996693ded2b314314f7f349a,ARR,ALL,,G09,False,0.20600000023841858,1.4500000476837158,747,787,732,802,70,2039.0,DL,FLL,ATL
flight_key_v1_686f6c38a602949dd2a5a1b7d203ea2c,ARR,ALL,,G02,False,0.17910000681877136,0.9399999976158142,768,843,753,858,105,1134.0,DL,SRQ,ATL
flight_key_v1_d97cb8d7b659ef6179cc97e60d1019a2,ARR,ALL,,G08,False,0.11940000206232071,0.25999999046325684,791,831,776,846,70,2484.0,DL,CAE,ATL
flight_key_v1_f4c398b0f250313f5faab522e6216637,ARR,ALL,,G10,False,0.1046999990940094,0.3100000023841858,792,832,777,847,70,2017.0,DL,GSP,ATL
flight_key_v1_8a31c5db1e3692b40c345100aeb56918,ARR,ALL,,G05,False,0.2655999958515167,1.9500000476837158,792,832,777,847,70,5412.0,OH,CLT,ATL
flight_key_v1_2c01fd705d3c32f98b492613595d1e55,ARR,ALL,,G07,False,0.1979999989271164,0.699999988079071,793,833,778,848,70,471.0,DL,CVG,ATL
flight_key_v1_63fba7f36ac001b91c7aa784b0ae5e13,ARR,ALL,,G01,False,0.17739999294281006,1.3300000429153442,795,835,780,850,70,1567.0,WN,GSP,ATL
flight_key_v1_d00ae9c419629609e1e52165a459f1e8,ARR,ALL,,G04,False,0.25519999861717224,0.8100000023841858,810,850,795,865,70,2783.0,WN,MCI,ATL
flight_key_v1_1bb894018a7020751c0b6d0e3566bf75,ARR,ALL,,G03,False,0.3626999855041504,1.9700000286102295,815,890,800,905,105,2243.0,WN,MIA,ATL
flight_key_v1_9d92cfdc4987f193e3daad08ea7f3726,ARR,ALL,,G06,False,0.310699999332428,2.880000114440918,818,858,803,873,70,4058.0,OO,CSG,ATL
flight_key_v1_1362071e081487230b37270838dc0481,ARR,ALL,,G09,False,0.1460999995470047,0.7099999785423279,819,859,804,874,70,2182.0,DL,SAV,ATL
flight_key_v1_a6ad59fd4f1dffca848db4da08eca49b,ARR,ALL,,G08,False,0.19419999420642853,0.5699999928474426,861,901,846,916,70,2777.0,DL,LIT,ATL
flight_key_v1_3b5184ad9e5db9657df031ec147936d2,ARR,ALL,,G05,False,0.1200999990105629,0.8700000047683716,866,906,851,921,70,2719.0,DL,PNS,ATL
flight_key_v1_d6e923cc1f0aecd8b4798e0c408b54e3,ARR,ALL,,G10,False,0.24230000376701355,-0.36000001430511475,868,907,852,922,70,793.0,DL,SLC,ATL
flight_key_v1_778e959dc4deceacf2f7e4af8f323f12,ARR,ALL,,G07,False,0.19910000264644623,0.699999988079071,868,908,853,923,70,1676.0,DL,SAT,ATL
flight_key_v1_69ac03ad57f4f8b908c68cc94feea32e,ARR,ALL,,G01,False,0.16220000386238098,0.699999988079071,868,908,853,923,70,2490.0,DL,OKC,ATL
flight_key_v1_d21f9a717ddaa441ef737f987e8e674f,ARR,ALL,,G02,False,0.27320000529289246,1.7300000190734863,873,913,858,928,70,1428.0,DL,EWR,ATL
flight_key_v1_7e05bc5383beeb75e4f689ee3a3d8647,ARR,ALL,,G04,False,0.13840000331401825,-0.47999998927116394,881,920,865,935,70,486.0,DL,SJC,ATL
flight_key_v1_628b8a29dd540602b32cfc657928c1e3,ARR,ALL,,G06,False,0.3668999969959259,7.159999847412109,886,928,873,943,70,1728.0,DL,PIT,ATL
flight_key_v1_9567e87b87834e3069240598fb09a565,ARR,ALL,,G09,False,0.2053000032901764,0.6000000238418579,890,930,875,945,70,5381.0,9E,ABE,ATL
flight_key_v1_b065dc1acd7e2ff0be83924a7f44f354,ARR,ALL,,G03,False,0.5426999926567078,9.850000381469727,915,960,905,975,70,1706.0,WN,PIT,ATL
flight_key_v1_79e30bab31770557dcc964f06560d508,ARR,ALL,,G08,False,0.41359999775886536,3.5799999237060547,930,971,916,986,70,1236.0,AA,DFW,ATL
flight_key_v1_ffc21d6e78517243976afebd8e4fec58,ARR,ALL,,G05,False,0.2524000108242035,-0.36000001430511475,938,977,922,992,70,871.0,DL,SFO,ATL
flight_key_v1_bbaa05621927193780c84914a4789f2e,ARR,ALL,,G10,False,0.46320000290870667,2.200000047683716,936,1012,922,1027,105,2814.0,B6,LGA,ATL
flight_key_v1_7a2878b92ca31f8aaf552ec680368e3f,ARR,ALL,,G01,False,0.22499999403953552,0.4399999976158142,938,978,923,993,70,2908.0,DL,MCI,ATL
flight_key_v1_c579a9c462aa50e87e18ea533b2b524e,ARR,ALL,,G07,False,0.20600000023841858,1.8300000429153442,940,980,925,995,70,2320.0,DL,CLT,ATL
flight_key_v1_e859c3cf625bb770e3c0f09315a07ced,ARR,ALL,,G02,False,0.23890000581741333,0.09000000357627869,943,1018,928,1033,105,848.0,DL,LGA,ATL
flight_key_v1_6aaadeff5b01feb911006c19a444fdeb,ARR,ALL,,G04,False,0.2809000015258789,1.8799999952316284,950,990,935,1005,70,662.0,WN,OKC,ATL
flight_key_v1_daee0160d4dc6ad7c2ceb7e85d636936,ARR,ALL,,G06,False,0.2231999933719635,1.100000023841858,960,1000,945,1015,70,2345.0,DL,MSY,ATL
flight_key_v1_962cf118b2d701d0243d878a50c7e68b,ARR,ALL,,G09,False,0.25949999690055847,2.240000009536743,960,1000,945,1015,70,1030.0,DL,MCO,ATL
flight_key_v1_26c1f514f0333806d6d136998eb7a2a7,ARR,ALL,,G03,False,0.3474000096321106,3.880000114440918,990,1031,976,1046,70,942.0,WN,CLE,ATL
flight_key_v1_4c7af0666f6144afd8bbfa05ee77a356,ARR,ALL,,G08,False,0.24060000479221344,0.7200000286102295,1001,1041,986,1056,70,2026.0,DL,RDU,ATL
flight_key_v1_570df21c9d4183b364c04e46f20f5835,ARR,ALL,,G05,False,0.19200000166893005,0.4399999976158142,1008,1048,993,1063,70,2739.0,DL,BDL,ATL
flight_key_v1_99ae92e1bae346385a331fea75c41789,ARR,ALL,,G01,False,0.3095000088214874,1.1299999952316284,1009,1049,994,1064,70,5195.0,9E,XNA,ATL
flight_key_v1_8f4a806073fd4aa467b53de2117e99e7,ARR,ALL,,G07,False,0.21449999511241913,0.33000001311302185,1010,1050,995,1065,70,725.0,DL,SAN,ATL
flight_key_v1_93caa23a90d19f7d1a9d97de554c2d35,ARR,ALL,,G04,False,0.2590000033378601,0.8199999928474426,1021,1096,1006,1111,105,5139.0,9E,CHA,ATL
flight_key_v1_1978e98ab7d2a62f3cfd6be8c502fb3c,ARR,ALL,,G06,False,0.21870000660419464,0.8199999928474426,1030,1070,1015,1085,70,2899.0,DL,BHM,ATL
flight_key_v1_bb7e404bc18fe05865fdb024311d761a,ARR,ALL,,G09,False,0.44920000433921814,3.740000009536743,1030,1071,1016,1086,70,1937.0,WN,LGA,ATL
flight_key_v1_7f3c67ff79e6b2d72d32cb07022e2643,ARR,ALL,,G10,False,0.2840999960899353,0.8199999928474426,1042,1082,1027,1097,70,5471.0,9E,TRI,ATL
flight_key_v1_57dbf3fef38661f68c38189783edb498,ARR,ALL,,G02,False,0.5982999801635742,6.25,1046,1089,1034,1104,70,3441.0,F9,MIA,ATL
flight_key_v1_e0a6f2c0cec40656a5678a82702cf0ad,ARR,ALL,,G03,False,0.2815000116825104,2.2200000286102295,1063,1103,1048,1118,70,1413.0,DL,FLL,ATL
flight_key_v1_26fce382606eb2ee44bd14e6323e0ee1,ARR,ALL,,G08,False,0.20260000228881836,0.8199999928474426,1072,1112,1057,1127,70,1126.0,DL,CHS,ATL
flight_key_v1_61a96ecb8fb75eb7b59bf1ae6b05814f,ARR,ALL,,G05,False,0.17399999499320984,0.8199999928474426,1078,1118,1063,1133,70,2450.0,DL,MLB,ATL
flight_key_v1_28789106052101ab208db620d4ca5d11,ARR,ALL,,G01,False,0.4424000084400177,4.679999828338623,1078,1120,1065,1135,70,3769.0,MQ,ORD,ATL
flight_key_v1_38ba122f5e802ff4f7fa616adbee1caa,ARR,ALL,,G07,False,0.28850001096725464,2.309999942779541,1080,1120,1065,1135,70,777.0,DL,LAS,ATL
flight_key_v1_3358a82b0aa47618b596f7ea8976390d,ARR,ALL,,G06,False,0.26589998602867126,0.8199999928474426,1101,1141,1086,1156,70,2827.0,DL,DAB,ATL
flight_key_v1_a81de83f372b15e016cbcc6c4571ca4e,ARR,ALL,,G09,False,0.26930001378059387,1.3300000429153442,1103,1143,1088,1158,70,2337.0,DL,MSY,ATL
flight_key_v1_def89939e72e6c0eed9c98ab60055fd3,ARR,ALL,,G10,False,0.48890000581741333,4.78000020980835,1110,1152,1097,1167,70,2876.0,WN,TPA,ATL
flight_key_v1_f360e404f476bac6a2b3287d8e84365a,ARR,ALL,,G02,False,0.2506999969482422,2.9800000190734863,1119,1159,1104,1174,70,1882.0,DL,SJU,ATL
flight_key_v1_f622d27049cd2e3005efc9968c3951a5,ARR,ALL,,G04,False,0.4700999855995178,5.760000228881836,1124,1201,1111,1216,105,75.0,NK,DFW,ATL
flight_key_v1_cfbd7f276d9e7f1c16be841bf2281b88,ARR,ALL,,G03,False,0.19779999554157257,0.8199999928474426,1133,1208,1118,1223,105,1568.0,DL,PIT,ATL
flight_key_v1_6e3455afcf1b7db54377e292102af8e1,ARR,ALL,,G08,False,0.2809999883174896,2.2200000286102295,1142,1182,1127,1197,70,5057.0,9E,HPN,ATL
flight_key_v1_3f408564573f11fb4063b397cef8ddea,ARR,ALL,,G05,False,0.5612000226974487,5.550000190734863,1145,1223,1133,1238,105,2092.0,WN,DEN,ATL
flight_key_v1_6973e8de41bbefd132c7896980245f7d,ARR,ALL,,G01,False,0.26249998807907104,1.809999942779541,1153,1193,1138,1208,70,1173.0,DL,PBI,ATL
flight_key_v1_3a4a36911111d2f33b9a8d5c3ce81907,ARR,ALL,,G07,False,0.2628999948501587,0.8199999928474426,1155,1230,1140,1245,105,2271.0,DL,BNA,ATL
flight_key_v1_f4c93ed4713074a8fe3c17356019db51,ARR,ALL,,G06,False,0.5264000296592712,4.96999979019165,1170,1212,1157,1227,70,498.0,WN,BWI,ATL
flight_key_v1_2b923856069ca8cb7b2296a90e4e6d8f,ARR,ALL,,G09,False,0.4869000017642975,3.740000009536743,1174,1215,1160,1230,70,2297.0,F9,PHL,ATL
flight_key_v1_0fe5a4febbed77fe9dc74f3440994a30,ARR,ALL,,G10,False,0.3312999904155731,1.4199999570846558,1184,1224,1169,1239,70,884.0,DL,SFO,ATL
flight_key_v1_fedfb92bb7e4d9ab89ecc4ec8cabccca,ARR,ALL,,G02,False,0.27379998564720154,0.8199999928474426,1191,1231,1176,1246,70,1334.0,DL,RDU,ATL
flight_key_v1_5413075a7a0dae8c000b1bd11602079b,ARR,ALL,,G08,False,0.30320000648498535,2.680000066757202,1212,1252,1197,1267,70,1742.0,DL,MCO,ATL
flight_key_v1_188ac2bd7ee072d16bc7e90311f46f03,ARR,ALL,,G01,False,0.42410001158714294,6.019999980926514,1223,1265,1210,1280,70,2721.0,NK,SJU,ATL
flight_key_v1_438ceb060e3b605d3f6ab5c71928cd94,ARR,ALL,,G04,False,0.3215999901294708,1.5800000429153442,1234,1274,1219,1289,70,1254.0,DL,HOU,ATL
flight_key_v1_0e882489a45346f5b8e1cc1fedcb2311,ARR,ALL,,G03,False,0.5153999924659729,5.860000133514404,1240,1283,1228,1298,70,1078.0,NK,FLL,ATL
flight_key_v1_61c91857cebd4a069f755693fd052745,ARR,ALL,,G06,False,0.5698999762535095,5.650000095367432,1240,1283,1228,1298,70,1666.0,WN,BWI,ATL
flight_key_v1_0c47eafd02a77a042eb63107bfbe7ec9,ARR,ALL,,G09,False,0.20350000262260437,0.8999999761581421,1247,1287,1232,1302,70,786.0,DL,PDX,ATL
flight_key_v1_6b9ecb54f686f8cb5e3711add32f4a03,ARR,ALL,,G05,False,0.6302000284194946,7.179999828338623,1251,1295,1240,1310,70,4147.0,OO,ASE,ATL
flight_key_v1_96e3acac583184db177146c9eaed01dd,ARR,ALL,,G10,False,0.5141000151634216,5.789999961853027,1255,1332,1242,1347,105,1365.0,WN,MCI,ATL
flight_key_v1_f5747f83f8c21c2b05e2a3cecbd6cbd8,ARR,ALL,,G07,False,0.2574000060558319,4.380000114440918,1259,1300,1245,1315,70,2862.0,DL,OKC,ATL
flight_key_v1_330c9911bbdc8f3dcd829e0dc2610f04,ARR,ALL,,G02,False,0.4722000062465668,4.769999980926514,1260,1302,1247,1317,70,2470.0,WN,AUS,ATL
flight_key_v1_82e28cae6ca59890c50d44a5b76114e8,ARR,ALL,,G08,False,0.257099986076355,1.5800000429153442,1284,1324,1269,1339,70,2106.0,DL,CHS,ATL
flight_key_v1_cd2bde6ac9f7cdda5ac77b0c64be5ffe,ARR,ALL,,G01,False,0.2802000045776367,2.2200000286102295,1295,1335,1280,1350,70,374.0,DL,DFW,ATL
flight_key_v1_9814fb375c7c5f1241de5c6f8e4dade9,ARR,ALL,,G04,False,0.302700012922287,1.809999942779541,1304,1344,1289,1359,70,324.0,DL,SFO,ATL
flight_key_v1_26d402da4fa55682be8a7db13627d456,ARR,ALL,,G03,False,0.3824999928474426,4.03000020980835,1316,1357,1302,1372,70,1640.0,UA,IAH,ATL
flight_key_v1_4782d6ddc131a8d6f93b33cba46c9964,ARR,ALL,,G06,False,0.46950000524520874,4.53000020980835,1319,1361,1306,1376,70,1082.0,NK,MSP,ATL
flight_key_v1_43c1653d1c5a6404223117a066418860,ARR,ALL,,G09,False,0.47119998931884766,3.740000009536743,1320,1361,1306,1376,70,2685.0,WN,HOU,ATL
flight_key_v1_6311893a75ad68cd5365272fa3327759,ARR,ALL,,G05,False,0.36739999055862427,4.78000020980835,1325,1366,1311,1381,70,386.0,NK,TPA,ATL
flight_key_v1_69a794c75857ac8eed757585bceb352f,ARR,ALL,,G07,False,0.4325999915599823,4.489999771118164,1332,1373,1318,1388,70,2072.0,AA,DFW,ATL
flight_key_v1_507726912101b1d40d3cdaddbb4e1bcb,ARR,ALL,,G02,False,0.28220000863075256,0.8199999928474426,1333,1373,1318,1388,70,4623.0,YX,DCA,ATL
flight_key_v1_ec81253af84bd80ad7ebd255c4ae9b60,ARR,ALL,,G08,False,0.365200012922287,3.619999885559082,1361,1402,1347,1417,70,809.0,AA,PHX,ATL
flight_key_v1_43d17c1fc8dc6749ad24ab8c40fd3636,ARR,ALL,,G10,False,0.48089998960494995,5.860000133514404,1361,1403,1348,1418,70,3603.0,F9,CLE,ATL
flight_key_v1_303a20295e7bfa7766c9ac38ad712b46,ARR,ALL,,G01,False,0.4921000003814697,3.740000009536743,1370,1411,1356,1426,70,1582.0,WN,STL,ATL
flight_key_v1_8eeb9684c36b13fc9183394b25edcf1f,ARR,ALL,,G04,False,0.2515999972820282,2.9800000190734863,1377,1417,1362,1432,70,1791.0,DL,SJU,ATL
flight_key_v1_3859529b9187662df97652793fa59e64,ARR,ALL,,G03,False,0.5620999932289124,5.179999828338623,1390,1432,1377,1447,70,3626.0,WN,MCO,ATL
flight_key_v1_f0ad0ec3a752ba2c55837109f05c1198,ARR,ALL,,G06,False,0.33009999990463257,4.059999942779541,1398,1439,1384,1454,70,746.0,NK,RSW,ATL
flight_key_v1_0d7026795ad70e56dc5ab8c45fa64de6,ARR,ALL,,G09,False,0.453900009393692,5.179999828338623,1406,1448,1393,1463,70,1232.0,NK,FLL,ATL
flight_key_v1_aa4c4c2d4e46a0fb2c374dce20ded6db,ARR,ALL,,G05,False,0.25999999046325684,0.8199999928474426,1412,1452,1397,1467,70,907.0,DL,SLC,ATL
flight_key_v1_e8b877e62e8451500e9d9cf0499b652c,ARR,ALL,,G02,False,0.6252999901771545,4.059999942779541,1414,1456,1401,1471,70,2514.0,B6,LGA,ATL
flight_key_v1_bc0e47488b7d5a4b08217921897b26c9,ARR,ALL,,G07,False,0.31929999589920044,2.2200000286102295,1416,1456,1401,1471,70,395.0,DL,LAX,ATL
flight_key_v1_15bed7a2cdf8297154f7ba75eb7d9353,ARR,ALL,,G08,False,0.6567000150680542,6.25,1433,1477,1422,1492,70,568.0,B6,FLL,ATL
