model_a,model_b,scenario_id,solver_name,delta_objective,delta_reassignments,delta_remote,delta_unassigned,delta_conflicts
P4_ngboost_student_t,P5_quantile_regression,SCEN_2023_DISRUPTED,CPSat,0.0,0,0,0,0
P4_ngboost_student_t,arrival_linear_baseline_v1,SCEN_2023_DISRUPTED,CPSat,-790.0,1,1,0,-1
P4_ngboost_student_t,arrival_weighted_ensemble_v1,SCEN_2023_DISRUPTED,CPSat,200.0,0,1,0,0
P4_ngboost_student_t,arrival_xgboost_baseline_v1,SCEN_2023_DISRUPTED,CPSat,0.0,0,0,0,0
P4_ngboost_student_t,oracle_actual,SCEN_2023_DISRUPTED,CPSat,3100.0,10,15,0,0
P4_ngboost_student_t,schedule_only,SCEN_2023_DISRUPTED,CPSat,0.0,0,0,0,0
P5_quantile_regression,arrival_linear_baseline_v1,SCEN_2023_DISRUPTED,CPSat,-790.0,1,1,0,-1
P5_quantile_regression,arrival_weighted_ensemble_v1,SCEN_2023_DISRUPTED,CPSat,200.0,0,1,0,0
P5_quantile_regression,arrival_xgboost_baseline_v1,SCEN_2023_DISRUPTED,CPSat,0.0,0,0,0,0
P5_quantile_regression,oracle_actual,SCEN_2023_DISRUPTED,CPSat,3100.0,10,15,0,0
P5_quantile_regression,schedule_only,SCEN_2023_DISRUPTED,CPSat,0.0,0,0,0,0
arrival_linear_baseline_v1,arrival_weighted_ensemble_v1,SCEN_2023_DISRUPTED,CPSat,990.0,-1,0,0,1
arrival_linear_baseline_v1,arrival_xgboost_baseline_v1,SCEN_2023_DISRUPTED,CPSat,790.0,-1,-1,0,1
arrival_linear_baseline_v1,oracle_actual,SCEN_2023_DISRUPTED,CPSat,3890.0,9,14,0,1
arrival_linear_baseline_v1,schedule_only,SCEN_2023_DISRUPTED,CPSat,790.0,-1,-1,0,1
arrival_weighted_ensemble_v1,arrival_xgboost_baseline_v1,SCEN_2023_DISRUPTED,CPSat,-200.0,0,-1,0,0
arrival_weighted_ensemble_v1,oracle_actual,SCEN_2023_DISRUPTED,CPSat,2900.0,10,14,0,0
arrival_weighted_ensemble_v1,schedule_only,SCEN_2023_DISRUPTED,CPSat,-200.0,0,-1,0,0
arrival_xgboost_baseline_v1,oracle_actual,SCEN_2023_DISRUPTED,CPSat,3100.0,10,15,0,0
arrival_xgboost_baseline_v1,schedule_only,SCEN_2023_DISRUPTED,CPSat,0.0,0,0,0,0
oracle_actual,schedule_only,SCEN_2023_DISRUPTED,CPSat,-3100.0,-10,-15,0,0
P4_ngboost_student_t,P5_quantile_regression,SCEN_2023_DISRUPTED,DeterministicGreedy,0.0,0,0,0,0
P4_ngboost_student_t,arrival_linear_baseline_v1,SCEN_2023_DISRUPTED,DeterministicGreedy,160.0,-4,1,0,0
P4_ngboost_student_t,arrival_weighted_ensemble_v1,SCEN_2023_DISRUPTED,DeterministicGreedy,190.0,-1,1,0,0
P4_ngboost_student_t,arrival_xgboost_baseline_v1,SCEN_2023_DISRUPTED,DeterministicGreedy,0.0,0,0,0,0
P4_ngboost_student_t,oracle_actual,SCEN_2023_DISRUPTED,DeterministicGreedy,3050.0,5,15,0,0
P4_ngboost_student_t,schedule_only,SCEN_2023_DISRUPTED,DeterministicGreedy,0.0,0,0,0,0
P5_quantile_regression,arrival_linear_baseline_v1,SCEN_2023_DISRUPTED,DeterministicGreedy,160.0,-4,1,0,0
P5_quantile_regression,arrival_weighted_ensemble_v1,SCEN_2023_DISRUPTED,DeterministicGreedy,190.0,-1,1,0,0
P5_quantile_regression,arrival_xgboost_baseline_v1,SCEN_2023_DISRUPTED,DeterministicGreedy,0.0,0,0,0,0
P5_quantile_regression,oracle_actual,SCEN_2023_DISRUPTED,DeterministicGreedy,3050.0,5,15,0,0
P5_quantile_regression,schedule_only,SCEN_2023_DISRUPTED,DeterministicGreedy,0.0,0,0,0,0
arrival_linear_baseline_v1,arrival_weighted_ensemble_v1,SCEN_2023_DISRUPTED,DeterministicGreedy,30.0,3,0,0,0
arrival_linear_baseline_v1,arrival_xgboost_baseline_v1,SCEN_2023_DISRUPTED,DeterministicGreedy,-160.0,4,-1,0,0
arrival_linear_baseline_v1,oracle_actual,SCEN_2023_DISRUPTED,DeterministicGreedy,2890.0,9,14,0,0
arrival_linear_baseline_v1,schedule_only,SCEN_2023_DISRUPTED,DeterministicGreedy,-160.0,4,-1,0,0
arrival_weighted_ensemble_v1,arrival_xgboost_baseline_v1,SCEN_2023_DISRUPTED,DeterministicGreedy,-190.0,1,-1,0,0
arrival_weighted_ensemble_v1,oracle_actual,SCEN_2023_DISRUPTED,DeterministicGreedy,2860.0,6,14,0,0
arrival_weighted_ensemble_v1,schedule_only,SCEN_2023_DISRUPTED,DeterministicGreedy,-190.0,1,-1,0,0
arrival_xgboost_baseline_v1,oracle_actual,SCEN_2023_DISRUPTED,DeterministicGreedy,3050.0,5,15,0,0
arrival_xgboost_baseline_v1,schedule_only,SCEN_2023_DISRUPTED,DeterministicGreedy,0.0,0,0,0,0
oracle_actual,schedule_only,SCEN_2023_DISRUPTED,DeterministicGreedy,-3050.0,-5,-15,0,0
P4_ngboost_student_t,P5_quantile_regression,SCEN_2023_DISRUPTED,SimulatedAnnealing,0.0,0,0,0,0
P4_ngboost_student_t,arrival_linear_baseline_v1,SCEN_2023_DISRUPTED,SimulatedAnnealing,-790.0,1,1,0,-1
P4_ngboost_student_t,arrival_weighted_ensemble_v1,SCEN_2023_DISRUPTED,SimulatedAnnealing,200.0,0,1,0,0
P4_ngboost_student_t,arrival_xgboost_baseline_v1,SCEN_2023_DISRUPTED,SimulatedAnnealing,0.0,0,0,0,0
P4_ngboost_student_t,oracle_actual,SCEN_2023_DISRUPTED,SimulatedAnnealing,3100.0,10,15,0,0
P4_ngboost_student_t,schedule_only,SCEN_2023_DISRUPTED,SimulatedAnnealing,0.0,0,0,0,0
P5_quantile_regression,arrival_linear_baseline_v1,SCEN_2023_DISRUPTED,SimulatedAnnealing,-790.0,1,1,0,-1
P5_quantile_regression,arrival_weighted_ensemble_v1,SCEN_2023_DISRUPTED,SimulatedAnnealing,200.0,0,1,0,0
P5_quantile_regression,arrival_xgboost_baseline_v1,SCEN_2023_DISRUPTED,SimulatedAnnealing,0.0,0,0,0,0
P5_quantile_regression,oracle_actual,SCEN_2023_DISRUPTED,SimulatedAnnealing,3100.0,10,15,0,0
P5_quantile_regression,schedule_only,SCEN_2023_DISRUPTED,SimulatedAnnealing,0.0,0,0,0,0
arrival_linear_baseline_v1,arrival_weighted_ensemble_v1,SCEN_2023_DISRUPTED,SimulatedAnnealing,990.0,-1,0,0,1
arrival_linear_baseline_v1,arrival_xgboost_baseline_v1,SCEN_2023_DISRUPTED,SimulatedAnnealing,790.0,-1,-1,0,1
arrival_linear_baseline_v1,oracle_actual,SCEN_2023_DISRUPTED,SimulatedAnnealing,3890.0,9,14,0,1
arrival_linear_baseline_v1,schedule_only,SCEN_2023_DISRUPTED,SimulatedAnnealing,790.0,-1,-1,0,1
arrival_weighted_ensemble_v1,arrival_xgboost_baseline_v1,SCEN_2023_DISRUPTED,SimulatedAnnealing,-200.0,0,-1,0,0
arrival_weighted_ensemble_v1,oracle_actual,SCEN_2023_DISRUPTED,SimulatedAnnealing,2900.0,10,14,0,0
arrival_weighted_ensemble_v1,schedule_only,SCEN_2023_DISRUPTED,SimulatedAnnealing,-200.0,0,-1,0,0
arrival_xgboost_baseline_v1,oracle_actual,SCEN_2023_DISRUPTED,SimulatedAnnealing,3100.0,10,15,0,0
arrival_xgboost_baseline_v1,schedule_only,SCEN_2023_DISRUPTED,SimulatedAnnealing,0.0,0,0,0,0
oracle_actual,schedule_only,SCEN_2023_DISRUPTED,SimulatedAnnealing,-3100.0,-10,-15,0,0
P4_ngboost_student_t,P5_quantile_regression,SCEN_2023_HIGH,CPSat,0.0,0,0,0,0
P4_ngboost_student_t,arrival_linear_baseline_v1,SCEN_2023_HIGH,CPSat,-2180.0,2,4,0,-3
P4_ngboost_student_t,arrival_weighted_ensemble_v1,SCEN_2023_HIGH,CPSat,-3190.0,1,4,0,-4
P4_ngboost_student_t,arrival_xgboost_baseline_v1,SCEN_2023_HIGH,CPSat,-2390.0,1,3,0,-3
P4_ngboost_student_t,oracle_actual,SCEN_2023_HIGH,CPSat,830.0,3,4,0,0
P4_ngboost_student_t,schedule_only,SCEN_2023_HIGH,CPSat,-1600.0,0,2,0,-2
P5_quantile_regression,arrival_linear_baseline_v1,SCEN_2023_HIGH,CPSat,-2180.0,2,4,0,-3
P5_quantile_regression,arrival_weighted_ensemble_v1,SCEN_2023_HIGH,CPSat,-3190.0,1,4,0,-4
P5_quantile_regression,arrival_xgboost_baseline_v1,SCEN_2023_HIGH,CPSat,-2390.0,1,3,0,-3
P5_quantile_regression,oracle_actual,SCEN_2023_HIGH,CPSat,830.0,3,4,0,0
P5_quantile_regression,schedule_only,SCEN_2023_HIGH,CPSat,-1600.0,0,2,0,-2
arrival_linear_baseline_v1,arrival_weighted_ensemble_v1,SCEN_2023_HIGH,CPSat,-1010.0,-1,0,0,-1
arrival_linear_baseline_v1,arrival_xgboost_baseline_v1,SCEN_2023_HIGH,CPSat,-210.0,-1,-1,0,0
arrival_linear_baseline_v1,oracle_actual,SCEN_2023_HIGH,CPSat,3010.0,1,0,0,3
arrival_linear_baseline_v1,schedule_only,SCEN_2023_HIGH,CPSat,580.0,-2,-2,0,1
arrival_weighted_ensemble_v1,arrival_xgboost_baseline_v1,SCEN_2023_HIGH,CPSat,800.0,0,-1,0,1
arrival_weighted_ensemble_v1,oracle_actual,SCEN_2023_HIGH,CPSat,4020.0,2,0,0,4
arrival_weighted_ensemble_v1,schedule_only,SCEN_2023_HIGH,CPSat,1590.0,-1,-2,0,2
arrival_xgboost_baseline_v1,oracle_actual,SCEN_2023_HIGH,CPSat,3220.0,2,1,0,3
arrival_xgboost_baseline_v1,schedule_only,SCEN_2023_HIGH,CPSat,790.0,-1,-1,0,1
oracle_actual,schedule_only,SCEN_2023_HIGH,CPSat,-2430.0,-3,-2,0,-2
P4_ngboost_student_t,P5_quantile_regression,SCEN_2023_HIGH,DeterministicGreedy,0.0,0,0,0,0
P4_ngboost_student_t,arrival_linear_baseline_v1,SCEN_2023_HIGH,DeterministicGreedy,-2200.0,0,4,0,-3
P4_ngboost_student_t,arrival_weighted_ensemble_v1,SCEN_2023_HIGH,DeterministicGreedy,-3200.0,0,4,0,-4
P4_ngboost_student_t,arrival_xgboost_baseline_v1,SCEN_2023_HIGH,DeterministicGreedy,-2410.0,-1,3,0,-3
P4_ngboost_student_t,oracle_actual,SCEN_2023_HIGH,DeterministicGreedy,810.0,1,4,0,0
P4_ngboost_student_t,schedule_only,SCEN_2023_HIGH,DeterministicGreedy,-1600.0,0,2,0,-2
P5_quantile_regression,arrival_linear_baseline_v1,SCEN_2023_HIGH,DeterministicGreedy,-2200.0,0,4,0,-3
P5_quantile_regression,arrival_weighted_ensemble_v1,SCEN_2023_HIGH,DeterministicGreedy,-3200.0,0,4,0,-4
P5_quantile_regression,arrival_xgboost_baseline_v1,SCEN_2023_HIGH,DeterministicGreedy,-2410.0,-1,3,0,-3
P5_quantile_regression,oracle_actual,SCEN_2023_HIGH,DeterministicGreedy,810.0,1,4,0,0
P5_quantile_regression,schedule_only,SCEN_2023_HIGH,DeterministicGreedy,-1600.0,0,2,0,-2
arrival_linear_baseline_v1,arrival_weighted_ensemble_v1,SCEN_2023_HIGH,DeterministicGreedy,-1000.0,0,0,0,-1
arrival_linear_baseline_v1,arrival_xgboost_baseline_v1,SCEN_2023_HIGH,DeterministicGreedy,-210.0,-1,-1,0,0
arrival_linear_baseline_v1,oracle_actual,SCEN_2023_HIGH,DeterministicGreedy,3010.0,1,0,0,3
arrival_linear_baseline_v1,schedule_only,SCEN_2023_HIGH,DeterministicGreedy,600.0,0,-2,0,1
arrival_weighted_ensemble_v1,arrival_xgboost_baseline_v1,SCEN_2023_HIGH,DeterministicGreedy,790.0,-1,-1,0,1
arrival_weighted_ensemble_v1,oracle_actual,SCEN_2023_HIGH,DeterministicGreedy,4010.0,1,0,0,4
arrival_weighted_ensemble_v1,schedule_only,SCEN_2023_HIGH,DeterministicGreedy,1600.0,0,-2,0,2
arrival_xgboost_baseline_v1,oracle_actual,SCEN_2023_HIGH,DeterministicGreedy,3220.0,2,1,0,3
arrival_xgboost_baseline_v1,schedule_only,SCEN_2023_HIGH,DeterministicGreedy,810.0,1,-1,0,1
oracle_actual,schedule_only,SCEN_2023_HIGH,DeterministicGreedy,-2410.0,-1,-2,0,-2
P4_ngboost_student_t,P5_quantile_regression,SCEN_2023_HIGH,SimulatedAnnealing,0.0,0,0,0,0
P4_ngboost_student_t,arrival_linear_baseline_v1,SCEN_2023_HIGH,SimulatedAnnealing,-2180.0,2,4,0,-3
P4_ngboost_student_t,arrival_weighted_ensemble_v1,SCEN_2023_HIGH,SimulatedAnnealing,-3190.0,1,4,0,-4
P4_ngboost_student_t,arrival_xgboost_baseline_v1,SCEN_2023_HIGH,SimulatedAnnealing,-2390.0,1,3,0,-3
P4_ngboost_student_t,oracle_actual,SCEN_2023_HIGH,SimulatedAnnealing,830.0,3,4,0,0
P4_ngboost_student_t,schedule_only,SCEN_2023_HIGH,SimulatedAnnealing,-1600.0,0,2,0,-2
P5_quantile_regression,arrival_linear_baseline_v1,SCEN_2023_HIGH,SimulatedAnnealing,-2180.0,2,4,0,-3
P5_quantile_regression,arrival_weighted_ensemble_v1,SCEN_2023_HIGH,SimulatedAnnealing,-3190.0,1,4,0,-4
P5_quantile_regression,arrival_xgboost_baseline_v1,SCEN_2023_HIGH,SimulatedAnnealing,-2390.0,1,3,0,-3
P5_quantile_regression,oracle_actual,SCEN_2023_HIGH,SimulatedAnnealing,830.0,3,4,0,0
P5_quantile_regression,schedule_only,SCEN_2023_HIGH,SimulatedAnnealing,-1600.0,0,2,0,-2
arrival_linear_baseline_v1,arrival_weighted_ensemble_v1,SCEN_2023_HIGH,SimulatedAnnealing,-1010.0,-1,0,0,-1
arrival_linear_baseline_v1,arrival_xgboost_baseline_v1,SCEN_2023_HIGH,SimulatedAnnealing,-210.0,-1,-1,0,0
arrival_linear_baseline_v1,oracle_actual,SCEN_2023_HIGH,SimulatedAnnealing,3010.0,1,0,0,3
arrival_linear_baseline_v1,schedule_only,SCEN_2023_HIGH,SimulatedAnnealing,580.0,-2,-2,0,1
arrival_weighted_ensemble_v1,arrival_xgboost_baseline_v1,SCEN_2023_HIGH,SimulatedAnnealing,800.0,0,-1,0,1
arrival_weighted_ensemble_v1,oracle_actual,SCEN_2023_HIGH,SimulatedAnnealing,4020.0,2,0,0,4
arrival_weighted_ensemble_v1,schedule_only,SCEN_2023_HIGH,SimulatedAnnealing,1590.0,-1,-2,0,2
arrival_xgboost_baseline_v1,oracle_actual,SCEN_2023_HIGH,SimulatedAnnealing,3220.0,2,1,0,3
arrival_xgboost_baseline_v1,schedule_only,SCEN_2023_HIGH,SimulatedAnnealing,790.0,-1,-1,0,1
oracle_actual,schedule_only,SCEN_2023_HIGH,SimulatedAnnealing,-2430.0,-3,-2,0,-2
P4_ngboost_student_t,P5_quantile_regression,SCEN_2023_LOW,CPSat,0.0,0,0,0,0
P4_ngboost_student_t,arrival_linear_baseline_v1,SCEN_2023_LOW,CPSat,0.0,0,0,0,0
P4_ngboost_student_t,arrival_weighted_ensemble_v1,SCEN_2023_LOW,CPSat,0.0,0,0,0,0
P4_ngboost_student_t,arrival_xgboost_baseline_v1,SCEN_2023_LOW,CPSat,0.0,0,0,0,0
P4_ngboost_student_t,oracle_actual,SCEN_2023_LOW,CPSat,0.0,0,0,0,0
P4_ngboost_student_t,schedule_only,SCEN_2023_LOW,CPSat,0.0,0,0,0,0
P5_quantile_regression,arrival_linear_baseline_v1,SCEN_2023_LOW,CPSat,0.0,0,0,0,0
P5_quantile_regression,arrival_weighted_ensemble_v1,SCEN_2023_LOW,CPSat,0.0,0,0,0,0
P5_quantile_regression,arrival_xgboost_baseline_v1,SCEN_2023_LOW,CPSat,0.0,0,0,0,0
P5_quantile_regression,oracle_actual,SCEN_2023_LOW,CPSat,0.0,0,0,0,0
P5_quantile_regression,schedule_only,SCEN_2023_LOW,CPSat,0.0,0,0,0,0
arrival_linear_baseline_v1,arrival_weighted_ensemble_v1,SCEN_2023_LOW,CPSat,0.0,0,0,0,0
arrival_linear_baseline_v1,arrival_xgboost_baseline_v1,SCEN_2023_LOW,CPSat,0.0,0,0,0,0
arrival_linear_baseline_v1,oracle_actual,SCEN_2023_LOW,CPSat,0.0,0,0,0,0
arrival_linear_baseline_v1,schedule_only,SCEN_2023_LOW,CPSat,0.0,0,0,0,0
arrival_weighted_ensemble_v1,arrival_xgboost_baseline_v1,SCEN_2023_LOW,CPSat,0.0,0,0,0,0
arrival_weighted_ensemble_v1,oracle_actual,SCEN_2023_LOW,CPSat,0.0,0,0,0,0
arrival_weighted_ensemble_v1,schedule_only,SCEN_2023_LOW,CPSat,0.0,0,0,0,0
arrival_xgboost_baseline_v1,oracle_actual,SCEN_2023_LOW,CPSat,0.0,0,0,0,0
arrival_xgboost_baseline_v1,schedule_only,SCEN_2023_LOW,CPSat,0.0,0,0,0,0
oracle_actual,schedule_only,SCEN_2023_LOW,CPSat,0.0,0,0,0,0
P4_ngboost_student_t,P5_quantile_regression,SCEN_2023_LOW,DeterministicGreedy,0.0,0,0,0,0
P4_ngboost_student_t,arrival_linear_baseline_v1,SCEN_2023_LOW,DeterministicGreedy,-10.0,-1,0,0,0
P4_ngboost_student_t,arrival_weighted_ensemble_v1,SCEN_2023_LOW,DeterministicGreedy,0.0,0,0,0,0
P4_ngboost_student_t,arrival_xgboost_baseline_v1,SCEN_2023_LOW,DeterministicGreedy,0.0,0,0,0,0
P4_ngboost_student_t,oracle_actual,SCEN_2023_LOW,DeterministicGreedy,-20.0,-2,0,0,0
P4_ngboost_student_t,schedule_only,SCEN_2023_LOW,DeterministicGreedy,0.0,0,0,0,0
P5_quantile_regression,arrival_linear_baseline_v1,SCEN_2023_LOW,DeterministicGreedy,-10.0,-1,0,0,0
P5_quantile_regression,arrival_weighted_ensemble_v1,SCEN_2023_LOW,DeterministicGreedy,0.0,0,0,0,0
P5_quantile_regression,arrival_xgboost_baseline_v1,SCEN_2023_LOW,DeterministicGreedy,0.0,0,0,0,0
P5_quantile_regression,oracle_actual,SCEN_2023_LOW,DeterministicGreedy,-20.0,-2,0,0,0
P5_quantile_regression,schedule_only,SCEN_2023_LOW,DeterministicGreedy,0.0,0,0,0,0
arrival_linear_baseline_v1,arrival_weighted_ensemble_v1,SCEN_2023_LOW,DeterministicGreedy,10.0,1,0,0,0
arrival_linear_baseline_v1,arrival_xgboost_baseline_v1,SCEN_2023_LOW,DeterministicGreedy,10.0,1,0,0,0
arrival_linear_baseline_v1,oracle_actual,SCEN_2023_LOW,DeterministicGreedy,-10.0,-1,0,0,0
arrival_linear_baseline_v1,schedule_only,SCEN_2023_LOW,DeterministicGreedy,10.0,1,0,0,0
arrival_weighted_ensemble_v1,arrival_xgboost_baseline_v1,SCEN_2023_LOW,DeterministicGreedy,0.0,0,0,0,0
arrival_weighted_ensemble_v1,oracle_actual,SCEN_2023_LOW,DeterministicGreedy,-20.0,-2,0,0,0
arrival_weighted_ensemble_v1,schedule_only,SCEN_2023_LOW,DeterministicGreedy,0.0,0,0,0,0
arrival_xgboost_baseline_v1,oracle_actual,SCEN_2023_LOW,DeterministicGreedy,-20.0,-2,0,0,0
arrival_xgboost_baseline_v1,schedule_only,SCEN_2023_LOW,DeterministicGreedy,0.0,0,0,0,0
oracle_actual,schedule_only,SCEN_2023_LOW,DeterministicGreedy,20.0,2,0,0,0
P4_ngboost_student_t,P5_quantile_regression,SCEN_2023_LOW,SimulatedAnnealing,0.0,0,0,0,0
P4_ngboost_student_t,arrival_linear_baseline_v1,SCEN_2023_LOW,SimulatedAnnealing,0.0,0,0,0,0
P4_ngboost_student_t,arrival_weighted_ensemble_v1,SCEN_2023_LOW,SimulatedAnnealing,0.0,0,0,0,0
P4_ngboost_student_t,arrival_xgboost_baseline_v1,SCEN_2023_LOW,SimulatedAnnealing,0.0,0,0,0,0
P4_ngboost_student_t,oracle_actual,SCEN_2023_LOW,SimulatedAnnealing,0.0,0,0,0,0
P4_ngboost_student_t,schedule_only,SCEN_2023_LOW,SimulatedAnnealing,0.0,0,0,0,0
P5_quantile_regression,arrival_linear_baseline_v1,SCEN_2023_LOW,SimulatedAnnealing,0.0,0,0,0,0
P5_quantile_regression,arrival_weighted_ensemble_v1,SCEN_2023_LOW,SimulatedAnnealing,0.0,0,0,0,0
P5_quantile_regression,arrival_xgboost_baseline_v1,SCEN_2023_LOW,SimulatedAnnealing,0.0,0,0,0,0
P5_quantile_regression,oracle_actual,SCEN_2023_LOW,SimulatedAnnealing,0.0,0,0,0,0
P5_quantile_regression,schedule_only,SCEN_2023_LOW,SimulatedAnnealing,0.0,0,0,0,0
arrival_linear_baseline_v1,arrival_weighted_ensemble_v1,SCEN_2023_LOW,SimulatedAnnealing,0.0,0,0,0,0
arrival_linear_baseline_v1,arrival_xgboost_baseline_v1,SCEN_2023_LOW,SimulatedAnnealing,0.0,0,0,0,0
arrival_linear_baseline_v1,oracle_actual,SCEN_2023_LOW,SimulatedAnnealing,0.0,0,0,0,0
arrival_linear_baseline_v1,schedule_only,SCEN_2023_LOW,SimulatedAnnealing,0.0,0,0,0,0
arrival_weighted_ensemble_v1,arrival_xgboost_baseline_v1,SCEN_2023_LOW,SimulatedAnnealing,0.0,0,0,0,0
arrival_weighted_ensemble_v1,oracle_actual,SCEN_2023_LOW,SimulatedAnnealing,0.0,0,0,0,0
arrival_weighted_ensemble_v1,schedule_only,SCEN_2023_LOW,SimulatedAnnealing,0.0,0,0,0,0
arrival_xgboost_baseline_v1,oracle_actual,SCEN_2023_LOW,SimulatedAnnealing,0.0,0,0,0,0
arrival_xgboost_baseline_v1,schedule_only,SCEN_2023_LOW,SimulatedAnnealing,0.0,0,0,0,0
oracle_actual,schedule_only,SCEN_2023_LOW,SimulatedAnnealing,0.0,0,0,0,0
P4_ngboost_student_t,P5_quantile_regression,SCEN_2023_MEDIUM,CPSat,0.0,0,0,0,0
P4_ngboost_student_t,arrival_linear_baseline_v1,SCEN_2023_MEDIUM,CPSat,0.0,0,0,0,0
P4_ngboost_student_t,arrival_weighted_ensemble_v1,SCEN_2023_MEDIUM,CPSat,0.0,0,0,0,0
P4_ngboost_student_t,arrival_xgboost_baseline_v1,SCEN_2023_MEDIUM,CPSat,-2180.0,2,4,0,-3
P4_ngboost_student_t,oracle_actual,SCEN_2023_MEDIUM,CPSat,620.0,2,3,0,0
P4_ngboost_student_t,schedule_only,SCEN_2023_MEDIUM,CPSat,0.0,0,0,0,0
P5_quantile_regression,arrival_linear_baseline_v1,SCEN_2023_MEDIUM,CPSat,0.0,0,0,0,0
P5_quantile_regression,arrival_weighted_ensemble_v1,SCEN_2023_MEDIUM,CPSat,0.0,0,0,0,0
P5_quantile_regression,arrival_xgboost_baseline_v1,SCEN_2023_MEDIUM,CPSat,-2180.0,2,4,0,-3
P5_quantile_regression,oracle_actual,SCEN_2023_MEDIUM,CPSat,620.0,2,3,0,0
P5_quantile_regression,schedule_only,SCEN_2023_MEDIUM,CPSat,0.0,0,0,0,0
arrival_linear_baseline_v1,arrival_weighted_ensemble_v1,SCEN_2023_MEDIUM,CPSat,0.0,0,0,0,0
arrival_linear_baseline_v1,arrival_xgboost_baseline_v1,SCEN_2023_MEDIUM,CPSat,-2180.0,2,4,0,-3
arrival_linear_baseline_v1,oracle_actual,SCEN_2023_MEDIUM,CPSat,620.0,2,3,0,0
arrival_linear_baseline_v1,schedule_only,SCEN_2023_MEDIUM,CPSat,0.0,0,0,0,0
arrival_weighted_ensemble_v1,arrival_xgboost_baseline_v1,SCEN_2023_MEDIUM,CPSat,-2180.0,2,4,0,-3
arrival_weighted_ensemble_v1,oracle_actual,SCEN_2023_MEDIUM,CPSat,620.0,2,3,0,0
arrival_weighted_ensemble_v1,schedule_only,SCEN_2023_MEDIUM,CPSat,0.0,0,0,0,0
arrival_xgboost_baseline_v1,oracle_actual,SCEN_2023_MEDIUM,CPSat,2800.0,0,-1,0,3
arrival_xgboost_baseline_v1,schedule_only,SCEN_2023_MEDIUM,CPSat,2180.0,-2,-4,0,3
oracle_actual,schedule_only,SCEN_2023_MEDIUM,CPSat,-620.0,-2,-3,0,0
P4_ngboost_student_t,P5_quantile_regression,SCEN_2023_MEDIUM,DeterministicGreedy,0.0,0,0,0,0
P4_ngboost_student_t,arrival_linear_baseline_v1,SCEN_2023_MEDIUM,DeterministicGreedy,-40.0,-4,0,0,0
P4_ngboost_student_t,arrival_weighted_ensemble_v1,SCEN_2023_MEDIUM,DeterministicGreedy,-10.0,-1,0,0,0
P4_ngboost_student_t,arrival_xgboost_baseline_v1,SCEN_2023_MEDIUM,DeterministicGreedy,-3190.0,1,4,0,-4
P4_ngboost_student_t,oracle_actual,SCEN_2023_MEDIUM,DeterministicGreedy,580.0,-2,3,0,0
P4_ngboost_student_t,schedule_only,SCEN_2023_MEDIUM,DeterministicGreedy,0.0,0,0,0,0
P5_quantile_regression,arrival_linear_baseline_v1,SCEN_2023_MEDIUM,DeterministicGreedy,-40.0,-4,0,0,0
P5_quantile_regression,arrival_weighted_ensemble_v1,SCEN_2023_MEDIUM,DeterministicGreedy,-10.0,-1,0,0,0
P5_quantile_regression,arrival_xgboost_baseline_v1,SCEN_2023_MEDIUM,DeterministicGreedy,-3190.0,1,4,0,-4
P5_quantile_regression,oracle_actual,SCEN_2023_MEDIUM,DeterministicGreedy,580.0,-2,3,0,0
P5_quantile_regression,schedule_only,SCEN_2023_MEDIUM,DeterministicGreedy,0.0,0,0,0,0
arrival_linear_baseline_v1,arrival_weighted_ensemble_v1,SCEN_2023_MEDIUM,DeterministicGreedy,30.0,3,0,0,0
arrival_linear_baseline_v1,arrival_xgboost_baseline_v1,SCEN_2023_MEDIUM,DeterministicGreedy,-3150.0,5,4,0,-4
arrival_linear_baseline_v1,oracle_actual,SCEN_2023_MEDIUM,DeterministicGreedy,620.0,2,3,0,0
arrival_linear_baseline_v1,schedule_only,SCEN_2023_MEDIUM,DeterministicGreedy,40.0,4,0,0,0
arrival_weighted_ensemble_v1,arrival_xgboost_baseline_v1,SCEN_2023_MEDIUM,DeterministicGreedy,-3180.0,2,4,0,-4
arrival_weighted_ensemble_v1,oracle_actual,SCEN_2023_MEDIUM,DeterministicGreedy,590.0,-1,3,0,0
arrival_weighted_ensemble_v1,schedule_only,SCEN_2023_MEDIUM,DeterministicGreedy,10.0,1,0,0,0
arrival_xgboost_baseline_v1,oracle_actual,SCEN_2023_MEDIUM,DeterministicGreedy,3770.0,-3,-1,0,4
arrival_xgboost_baseline_v1,schedule_only,SCEN_2023_MEDIUM,DeterministicGreedy,3190.0,-1,-4,0,4
oracle_actual,schedule_only,SCEN_2023_MEDIUM,DeterministicGreedy,-580.0,2,-3,0,0
P4_ngboost_student_t,P5_quantile_regression,SCEN_2023_MEDIUM,SimulatedAnnealing,0.0,0,0,0,0
P4_ngboost_student_t,arrival_linear_baseline_v1,SCEN_2023_MEDIUM,SimulatedAnnealing,0.0,0,0,0,0
P4_ngboost_student_t,arrival_weighted_ensemble_v1,SCEN_2023_MEDIUM,SimulatedAnnealing,0.0,0,0,0,0
P4_ngboost_student_t,arrival_xgboost_baseline_v1,SCEN_2023_MEDIUM,SimulatedAnnealing,-2180.0,2,4,0,-3
P4_ngboost_student_t,oracle_actual,SCEN_2023_MEDIUM,SimulatedAnnealing,620.0,2,3,0,0
P4_ngboost_student_t,schedule_only,SCEN_2023_MEDIUM,SimulatedAnnealing,0.0,0,0,0,0
P5_quantile_regression,arrival_linear_baseline_v1,SCEN_2023_MEDIUM,SimulatedAnnealing,0.0,0,0,0,0
P5_quantile_regression,arrival_weighted_ensemble_v1,SCEN_2023_MEDIUM,SimulatedAnnealing,0.0,0,0,0,0
P5_quantile_regression,arrival_xgboost_baseline_v1,SCEN_2023_MEDIUM,SimulatedAnnealing,-2180.0,2,4,0,-3
P5_quantile_regression,oracle_actual,SCEN_2023_MEDIUM,SimulatedAnnealing,620.0,2,3,0,0
P5_quantile_regression,schedule_only,SCEN_2023_MEDIUM,SimulatedAnnealing,0.0,0,0,0,0
arrival_linear_baseline_v1,arrival_weighted_ensemble_v1,SCEN_2023_MEDIUM,SimulatedAnnealing,0.0,0,0,0,0
arrival_linear_baseline_v1,arrival_xgboost_baseline_v1,SCEN_2023_MEDIUM,SimulatedAnnealing,-2180.0,2,4,0,-3
arrival_linear_baseline_v1,oracle_actual,SCEN_2023_MEDIUM,SimulatedAnnealing,620.0,2,3,0,0
arrival_linear_baseline_v1,schedule_only,SCEN_2023_MEDIUM,SimulatedAnnealing,0.0,0,0,0,0
arrival_weighted_ensemble_v1,arrival_xgboost_baseline_v1,SCEN_2023_MEDIUM,SimulatedAnnealing,-2180.0,2,4,0,-3
arrival_weighted_ensemble_v1,oracle_actual,SCEN_2023_MEDIUM,SimulatedAnnealing,620.0,2,3,0,0
arrival_weighted_ensemble_v1,schedule_only,SCEN_2023_MEDIUM,SimulatedAnnealing,0.0,0,0,0,0
arrival_xgboost_baseline_v1,oracle_actual,SCEN_2023_MEDIUM,SimulatedAnnealing,2800.0,0,-1,0,3
arrival_xgboost_baseline_v1,schedule_only,SCEN_2023_MEDIUM,SimulatedAnnealing,2180.0,-2,-4,0,3
oracle_actual,schedule_only,SCEN_2023_MEDIUM,SimulatedAnnealing,-620.0,-2,-3,0,0
