model_id,n_scenarios,seed,mean_objective,median_objective,p95_objective,variance_objective,std_objective,mc_se_objective,ci_95_lower_objective,ci_95_upper_objective,mean_reassignments,mc_se_reassignments,mean_remote,mc_se_remote,mean_conflicts,mc_se_conflicts,mean_runtime_ms,failure_count,failure_rate,all_scenarios_evaluated
schedule_only,100,202601,4200.0,4200.0,4200.0,0.0,0.0,0.0,4200.0,4200.0,20.0,0.0,20.0,0.0,0.0,0.0,0.34,0,0.0,True
arrival_linear_baseline_v1,100,202601,4175.2237,4241.2833,4279.3684,13211.7452,114.9424,11.4942,4152.6954,4197.7519,23.13,0.1433,19.61,0.0567,0.0,0.0,0.36,0,0.0,True
arrival_xgboost_baseline_v1,100,202601,4117.9088,4073.1084,4279.1575,22668.6993,150.5613,15.0561,4088.3994,4147.4182,23.06,0.1332,19.32,0.075,0.0,0.0,0.35,0,0.0,True
P4_ngboost_student_t,100,202601,4046.2437,4055.225,4268.8075,39805.3317,199.5127,19.9513,4007.14,4085.3474,23.07,0.1479,18.96,0.0984,0.0,0.0,0.38,0,0.0,True
P5_quantile_regression,100,202601,3724.1153,3679.9334,4238.2392,90390.4098,300.65,30.065,3665.1891,3783.0415,22.6,0.1651,17.34,0.1499,0.0,0.0,0.37,0,0.0,True
oracle_actual,100,202601,4220.0,4220.0,4220.0,0.0,0.0,0.0,4220.0,4220.0,22.0,0.0,20.0,0.0,0.0,0.0,0.35,0,0.0,True
schedule_only,250,202601,4200.0,4200.0,4200.0,0.0,0.0,0.0,4200.0,4200.0,20.0,0.0,20.0,0.0,0.0,0.0,0.32,0,0.0,True
arrival_linear_baseline_v1,250,202601,4163.8468,4236.8417,4277.2725,14904.5657,122.0843,7.7213,4148.7134,4178.9802,23.144,0.0925,19.552,0.038,0.0,0.0,0.35,0,0.0,True
arrival_xgboost_baseline_v1,250,202601,4105.6925,4073.9417,4273.6542,24239.6692,155.6909,9.8468,4086.3932,4124.9917,23.02,0.0862,19.26,0.0491,0.0,0.0,0.37,0,0.0,True
P4_ngboost_student_t,250,202601,4024.2009,4050.0666,4269.0492,43180.915,207.8002,13.1424,3998.4422,4049.9595,23.1,0.0987,18.848,0.0656,0.0,0.0,0.36,0,0.0,True
P5_quantile_regression,250,202601,3703.8343,3674.3917,4236.9792,89611.887,299.3524,18.9327,3666.7269,3740.9416,22.484,0.1011,17.244,0.0945,0.0,0.0,0.35,0,0.0,True
oracle_actual,250,202601,4220.0,4220.0,4220.0,0.0,0.0,0.0,4220.0,4220.0,22.0,0.0,20.0,0.0,0.0,0.0,0.34,0,0.0,True
schedule_only,500,202601,4200.0,4200.0,4200.0,0.0,0.0,0.0,4200.0,4200.0,20.0,0.0,20.0,0.0,0.0,0.0,0.32,0,0.0,True
arrival_linear_baseline_v1,500,202601,4159.0714,4239.4167,4275.5234,16369.6096,127.9438,5.7218,4147.8569,4170.2859,23.228,0.0643,19.522,0.0282,0.0,0.0,0.35,0,0.0,True
arrival_xgboost_baseline_v1,500,202601,4108.6073,4074.25,4274.4341,24711.6904,157.1995,7.0302,4094.8284,4122.3861,23.032,0.0618,19.272,0.0351,0.0,0.0,0.37,0,0.0,True
P4_ngboost_student_t,500,202601,4021.4597,4051.5417,4271.9842,43853.6706,209.4127,9.3652,4003.1042,4039.8151,23.144,0.0693,18.83,0.0465,0.0,0.0,0.36,0,0.0,True
P5_quantile_regression,500,202601,3710.4286,3673.175,4235.7617,84165.1993,290.1124,12.9742,3684.9997,3735.8576,22.608,0.0729,17.268,0.0649,0.0,0.0,0.36,0,0.0,True
oracle_actual,500,202601,4220.0,4220.0,4220.0,0.0,0.0,0.0,4220.0,4220.0,22.0,0.0,20.0,0.0,0.0,0.0,0.35,0,0.0,True
schedule_only,1000,202601,4200.0,4200.0,4200.0,0.0,0.0,0.0,4200.0,4200.0,20.0,0.0,20.0,0.0,0.0,0.0,0.34,0,0.0,True
arrival_linear_baseline_v1,1000,202601,4155.1323,4238.6416,4275.745,16339.1665,127.8247,4.0422,4147.2098,4163.0547,23.32,0.0441,19.498,0.02,0.0,0.0,0.36,0,0.0,True
arrival_xgboost_baseline_v1,1000,202601,4103.3623,4068.025,4274.0033,25145.0496,158.5719,5.0145,4093.5341,4113.1905,23.094,0.0427,19.243,0.025,0.0,0.0,0.36,0,0.0,True
P4_ngboost_student_t,1000,202601,4012.2724,4050.2083,4272.4684,43563.3191,208.7183,6.6003,3999.3362,4025.2087,23.172,0.0483,18.783,0.0326,0.0,0.0,0.36,0,0.0,True
P5_quantile_regression,1000,202601,3711.4759,3670.6417,4093.4891,78610.5769,280.3758,8.8663,3694.0984,3728.8535,22.626,0.0502,17.273,0.0441,0.0,0.0,0.36,0,0.0,True
oracle_actual,1000,202601,4220.0,4220.0,4220.0,0.0,0.0,0.0,4220.0,4220.0,22.0,0.0,20.0,0.0,0.0,0.0,0.34,0,0.0,True
schedule_only,2500,202601,4200.0,4200.0,4200.0,0.0,0.0,0.0,4200.0,4200.0,20.0,0.0,20.0,0.0,0.0,0.0,0.33,0,0.0,True
arrival_linear_baseline_v1,2500,202601,4155.345,4239.3834,4276.6341,17880.912,133.7195,2.6744,4150.1033,4160.5867,23.3372,0.0279,19.4984,0.0133,0.0,0.0,0.36,0,0.0,True
arrival_xgboost_baseline_v1,2500,202601,4102.9094,4068.3667,4273.4366,25125.2162,158.5094,3.1702,4096.696,4109.1229,23.0984,0.0279,19.2408,0.0158,0.0,0.0,0.35,0,0.0,True
P4_ngboost_student_t,2500,202601,4010.55,4050.8417,4272.4684,43277.5692,208.0326,4.1607,4002.3953,4018.7048,23.2076,0.0308,18.7728,0.0206,0.0,0.0,0.36,0,0.0,True
P5_quantile_regression,2500,202601,3707.4661,3670.5833,4083.4166,77710.5597,278.7661,5.5753,3696.5387,3718.3935,22.642,0.0317,17.2524,0.0278,0.0,0.0,0.36,0,0.0,True
oracle_actual,2500,202601,4220.0,4220.0,4220.0,0.0,0.0,0.0,4220.0,4220.0,22.0,0.0,20.0,0.0,0.0,0.0,0.34,0,0.0,True
