pair_id,model_a,model_b,family,fold_id,val_year,status,matched_rows,unmatched_rows,metric_name,mean_delta,median_delta,ci_lower,ci_upper,frac_improved,frac_worse
arrival_linear_baseline_v1__vs__arrival_random_forest_baseline_v1__fold_1,arrival_linear_baseline_v1,arrival_random_forest_baseline_v1,point_regression,fold_1,2019,COMPLETED,4000,0,delta_mae,1.2486,0.674,0.9946,1.5008,0.4582,0.5417
arrival_linear_baseline_v1__vs__arrival_random_forest_baseline_v1__fold_1,arrival_linear_baseline_v1,arrival_random_forest_baseline_v1,point_regression,fold_1,2019,COMPLETED,4000,0,delta_rmse,0.6563,0.6645,0.3729,1.0102,0.0,1.0
arrival_linear_baseline_v1__vs__arrival_random_forest_baseline_v1__fold_1,arrival_linear_baseline_v1,arrival_random_forest_baseline_v1,point_regression,fold_1,2019,COMPLETED,4000,0,delta_r2,-0.0331,-0.0338,-0.0598,-0.0164,0.0,1.0
arrival_linear_baseline_v1__vs__arrival_random_forest_baseline_v1__fold_1,arrival_linear_baseline_v1,arrival_random_forest_baseline_v1,point_classification,fold_1,2019,COMPLETED,4000,0,delta_brier,0.0351,0.0309,0.032,0.0382,0.3703,0.6298
arrival_linear_baseline_v1__vs__arrival_random_forest_baseline_v1__fold_1,arrival_linear_baseline_v1,arrival_random_forest_baseline_v1,point_classification,fold_1,2019,COMPLETED,4000,0,delta_log_score,0.0748,0.0665,0.068,0.0817,0.3703,0.6298
arrival_linear_baseline_v1__vs__arrival_random_forest_baseline_v1__fold_1,arrival_linear_baseline_v1,arrival_random_forest_baseline_v1,point_classification,fold_1,2019,COMPLETED,4000,0,delta_pr_auc,-0.0266,-0.027,-0.0481,-0.0063,0.002,0.998
arrival_linear_baseline_v1__vs__arrival_hist_gradient_boosting_baseline_v1__fold_1,arrival_linear_baseline_v1,arrival_hist_gradient_boosting_baseline_v1,point_regression,fold_1,2019,COMPLETED,4000,0,delta_mae,1.8375,1.2222,1.5685,2.0997,0.4255,0.5745
arrival_linear_baseline_v1__vs__arrival_hist_gradient_boosting_baseline_v1__fold_1,arrival_linear_baseline_v1,arrival_hist_gradient_boosting_baseline_v1,point_regression,fold_1,2019,COMPLETED,4000,0,delta_rmse,0.7449,0.7536,0.4407,1.0973,0.0,1.0
arrival_linear_baseline_v1__vs__arrival_hist_gradient_boosting_baseline_v1__fold_1,arrival_linear_baseline_v1,arrival_hist_gradient_boosting_baseline_v1,point_regression,fold_1,2019,COMPLETED,4000,0,delta_r2,-0.0376,-0.0383,-0.0659,-0.0197,0.0,1.0
arrival_linear_baseline_v1__vs__arrival_hist_gradient_boosting_baseline_v1__fold_1,arrival_linear_baseline_v1,arrival_hist_gradient_boosting_baseline_v1,point_classification,fold_1,2019,COMPLETED,4000,0,delta_brier,0.0292,0.0263,0.0258,0.0328,0.4032,0.5968
arrival_linear_baseline_v1__vs__arrival_hist_gradient_boosting_baseline_v1__fold_1,arrival_linear_baseline_v1,arrival_hist_gradient_boosting_baseline_v1,point_classification,fold_1,2019,COMPLETED,4000,0,delta_log_score,0.0629,0.0585,0.0554,0.0706,0.4032,0.5968
arrival_linear_baseline_v1__vs__arrival_hist_gradient_boosting_baseline_v1__fold_1,arrival_linear_baseline_v1,arrival_hist_gradient_boosting_baseline_v1,point_classification,fold_1,2019,COMPLETED,4000,0,delta_pr_auc,-0.0212,-0.0205,-0.0402,-0.0014,0.016,0.984
arrival_linear_baseline_v1__vs__arrival_xgboost_baseline_v1__fold_1,arrival_linear_baseline_v1,arrival_xgboost_baseline_v1,point_regression,fold_1,2019,COMPLETED,4000,0,delta_mae,0.3099,0.6713,0.0164,0.6157,0.4657,0.5343
arrival_linear_baseline_v1__vs__arrival_xgboost_baseline_v1__fold_1,arrival_linear_baseline_v1,arrival_xgboost_baseline_v1,point_regression,fold_1,2019,COMPLETED,4000,0,delta_rmse,-0.4075,-0.4047,-0.7299,-0.0646,0.991,0.009
arrival_linear_baseline_v1__vs__arrival_xgboost_baseline_v1__fold_1,arrival_linear_baseline_v1,arrival_xgboost_baseline_v1,point_regression,fold_1,2019,COMPLETED,4000,0,delta_r2,0.0208,0.0209,0.0034,0.0371,0.991,0.009
arrival_linear_baseline_v1__vs__arrival_xgboost_baseline_v1__fold_1,arrival_linear_baseline_v1,arrival_xgboost_baseline_v1,point_classification,fold_1,2019,COMPLETED,4000,0,delta_brier,0.0406,0.0406,0.0368,0.0444,0.3548,0.6452
arrival_linear_baseline_v1__vs__arrival_xgboost_baseline_v1__fold_1,arrival_linear_baseline_v1,arrival_xgboost_baseline_v1,point_classification,fold_1,2019,COMPLETED,4000,0,delta_log_score,0.0872,0.0919,0.0787,0.0956,0.3548,0.6452
arrival_linear_baseline_v1__vs__arrival_xgboost_baseline_v1__fold_1,arrival_linear_baseline_v1,arrival_xgboost_baseline_v1,point_classification,fold_1,2019,COMPLETED,4000,0,delta_pr_auc,-0.0138,-0.014,-0.0326,0.0065,0.07,0.93
arrival_linear_baseline_v1__vs__arrival_weighted_ensemble_v1__fold_1,arrival_linear_baseline_v1,arrival_weighted_ensemble_v1,point_regression,fold_1,2019,COMPLETED,4000,0,delta_mae,1.0854,0.7874,0.8944,1.278,0.4303,0.5697
arrival_linear_baseline_v1__vs__arrival_weighted_ensemble_v1__fold_1,arrival_linear_baseline_v1,arrival_weighted_ensemble_v1,point_regression,fold_1,2019,COMPLETED,4000,0,delta_rmse,0.5423,0.5497,0.2923,0.8275,0.0,1.0
arrival_linear_baseline_v1__vs__arrival_weighted_ensemble_v1__fold_1,arrival_linear_baseline_v1,arrival_weighted_ensemble_v1,point_regression,fold_1,2019,COMPLETED,4000,0,delta_r2,-0.0274,-0.0282,-0.0497,-0.013,0.0,1.0
arrival_linear_baseline_v1__vs__arrival_weighted_ensemble_v1__fold_1,arrival_linear_baseline_v1,arrival_weighted_ensemble_v1,point_classification,fold_1,2019,COMPLETED,4000,0,delta_brier,0.0302,0.0255,0.0277,0.0327,0.3675,0.6325
arrival_linear_baseline_v1__vs__arrival_weighted_ensemble_v1__fold_1,arrival_linear_baseline_v1,arrival_weighted_ensemble_v1,point_classification,fold_1,2019,COMPLETED,4000,0,delta_log_score,0.0645,0.0558,0.059,0.0702,0.3675,0.6325
arrival_linear_baseline_v1__vs__arrival_weighted_ensemble_v1__fold_1,arrival_linear_baseline_v1,arrival_weighted_ensemble_v1,point_classification,fold_1,2019,COMPLETED,4000,0,delta_pr_auc,-0.0233,-0.0233,-0.0405,-0.0075,0.002,0.998
arrival_random_forest_baseline_v1__vs__arrival_hist_gradient_boosting_baseline_v1__fold_1,arrival_random_forest_baseline_v1,arrival_hist_gradient_boosting_baseline_v1,point_regression,fold_1,2019,COMPLETED,4000,0,delta_mae,0.5889,0.5188,0.4624,0.7111,0.437,0.563
arrival_random_forest_baseline_v1__vs__arrival_hist_gradient_boosting_baseline_v1__fold_1,arrival_random_forest_baseline_v1,arrival_hist_gradient_boosting_baseline_v1,point_regression,fold_1,2019,COMPLETED,4000,0,delta_rmse,0.0886,0.0897,-0.0472,0.2057,0.0885,0.9115
arrival_random_forest_baseline_v1__vs__arrival_hist_gradient_boosting_baseline_v1__fold_1,arrival_random_forest_baseline_v1,arrival_hist_gradient_boosting_baseline_v1,point_regression,fold_1,2019,COMPLETED,4000,0,delta_r2,-0.0044,-0.0045,-0.0106,0.0024,0.0885,0.9115
arrival_random_forest_baseline_v1__vs__arrival_hist_gradient_boosting_baseline_v1__fold_1,arrival_random_forest_baseline_v1,arrival_hist_gradient_boosting_baseline_v1,point_classification,fold_1,2019,COMPLETED,4000,0,delta_brier,-0.0059,-0.0025,-0.0077,-0.0042,0.5238,0.4763
arrival_random_forest_baseline_v1__vs__arrival_hist_gradient_boosting_baseline_v1__fold_1,arrival_random_forest_baseline_v1,arrival_hist_gradient_boosting_baseline_v1,point_classification,fold_1,2019,COMPLETED,4000,0,delta_log_score,-0.0119,-0.0055,-0.0158,-0.0082,0.5238,0.4763
arrival_random_forest_baseline_v1__vs__arrival_hist_gradient_boosting_baseline_v1__fold_1,arrival_random_forest_baseline_v1,arrival_hist_gradient_boosting_baseline_v1,point_classification,fold_1,2019,COMPLETED,4000,0,delta_pr_auc,0.0054,0.0061,-0.0053,0.0169,0.876,0.124
arrival_random_forest_baseline_v1__vs__arrival_xgboost_baseline_v1__fold_1,arrival_random_forest_baseline_v1,arrival_xgboost_baseline_v1,point_regression,fold_1,2019,COMPLETED,4000,0,delta_mae,-0.9386,-0.1104,-1.1312,-0.7495,0.5108,0.4893
arrival_random_forest_baseline_v1__vs__arrival_xgboost_baseline_v1__fold_1,arrival_random_forest_baseline_v1,arrival_xgboost_baseline_v1,point_regression,fold_1,2019,COMPLETED,4000,0,delta_rmse,-1.0638,-1.0733,-1.3108,-0.8499,1.0,0.0
arrival_random_forest_baseline_v1__vs__arrival_xgboost_baseline_v1__fold_1,arrival_random_forest_baseline_v1,arrival_xgboost_baseline_v1,point_regression,fold_1,2019,COMPLETED,4000,0,delta_r2,0.054,0.0547,0.0384,0.0787,1.0,0.0
arrival_random_forest_baseline_v1__vs__arrival_xgboost_baseline_v1__fold_1,arrival_random_forest_baseline_v1,arrival_xgboost_baseline_v1,point_classification,fold_1,2019,COMPLETED,4000,0,delta_brier,0.0055,0.0122,0.0033,0.0076,0.4103,0.5897
arrival_random_forest_baseline_v1__vs__arrival_xgboost_baseline_v1__fold_1,arrival_random_forest_baseline_v1,arrival_xgboost_baseline_v1,point_classification,fold_1,2019,COMPLETED,4000,0,delta_log_score,0.0124,0.0277,0.0076,0.0171,0.4103,0.5897
arrival_random_forest_baseline_v1__vs__arrival_xgboost_baseline_v1__fold_1,arrival_random_forest_baseline_v1,arrival_xgboost_baseline_v1,point_classification,fold_1,2019,COMPLETED,4000,0,delta_pr_auc,0.0128,0.0131,0.0017,0.024,0.992,0.008
arrival_random_forest_baseline_v1__vs__arrival_weighted_ensemble_v1__fold_1,arrival_random_forest_baseline_v1,arrival_weighted_ensemble_v1,point_regression,fold_1,2019,COMPLETED,4000,0,delta_mae,-0.1632,0.0097,-0.2529,-0.0698,0.4988,0.5012
arrival_random_forest_baseline_v1__vs__arrival_weighted_ensemble_v1__fold_1,arrival_random_forest_baseline_v1,arrival_weighted_ensemble_v1,point_regression,fold_1,2019,COMPLETED,4000,0,delta_rmse,-0.114,-0.114,-0.2034,-0.0329,0.9985,0.0015
arrival_random_forest_baseline_v1__vs__arrival_weighted_ensemble_v1__fold_1,arrival_random_forest_baseline_v1,arrival_weighted_ensemble_v1,point_regression,fold_1,2019,COMPLETED,4000,0,delta_r2,0.0057,0.0058,0.0016,0.0116,0.9985,0.0015
arrival_random_forest_baseline_v1__vs__arrival_weighted_ensemble_v1__fold_1,arrival_random_forest_baseline_v1,arrival_weighted_ensemble_v1,point_classification,fold_1,2019,COMPLETED,4000,0,delta_brier,-0.0049,-0.0048,-0.006,-0.0038,0.5583,0.4417
arrival_random_forest_baseline_v1__vs__arrival_weighted_ensemble_v1__fold_1,arrival_random_forest_baseline_v1,arrival_weighted_ensemble_v1,point_classification,fold_1,2019,COMPLETED,4000,0,delta_log_score,-0.0103,-0.0105,-0.0127,-0.008,0.5583,0.4417
arrival_random_forest_baseline_v1__vs__arrival_weighted_ensemble_v1__fold_1,arrival_random_forest_baseline_v1,arrival_weighted_ensemble_v1,point_classification,fold_1,2019,COMPLETED,4000,0,delta_pr_auc,0.0033,0.0033,-0.0048,0.0116,0.79,0.21
arrival_hist_gradient_boosting_baseline_v1__vs__arrival_xgboost_baseline_v1__fold_1,arrival_hist_gradient_boosting_baseline_v1,arrival_xgboost_baseline_v1,point_regression,fold_1,2019,COMPLETED,4000,0,delta_mae,-1.5275,-0.5961,-1.7297,-1.3322,0.5575,0.4425
arrival_hist_gradient_boosting_baseline_v1__vs__arrival_xgboost_baseline_v1__fold_1,arrival_hist_gradient_boosting_baseline_v1,arrival_xgboost_baseline_v1,point_regression,fold_1,2019,COMPLETED,4000,0,delta_rmse,-1.1524,-1.1614,-1.4086,-0.9318,1.0,0.0
arrival_hist_gradient_boosting_baseline_v1__vs__arrival_xgboost_baseline_v1__fold_1,arrival_hist_gradient_boosting_baseline_v1,arrival_xgboost_baseline_v1,point_regression,fold_1,2019,COMPLETED,4000,0,delta_r2,0.0584,0.0592,0.0425,0.0841,1.0,0.0
arrival_hist_gradient_boosting_baseline_v1__vs__arrival_xgboost_baseline_v1__fold_1,arrival_hist_gradient_boosting_baseline_v1,arrival_xgboost_baseline_v1,point_classification,fold_1,2019,COMPLETED,4000,0,delta_brier,0.0114,0.0142,0.0093,0.0135,0.3985,0.6015
arrival_hist_gradient_boosting_baseline_v1__vs__arrival_xgboost_baseline_v1__fold_1,arrival_hist_gradient_boosting_baseline_v1,arrival_xgboost_baseline_v1,point_classification,fold_1,2019,COMPLETED,4000,0,delta_log_score,0.0244,0.033,0.0198,0.0291,0.3985,0.6015
arrival_hist_gradient_boosting_baseline_v1__vs__arrival_xgboost_baseline_v1__fold_1,arrival_hist_gradient_boosting_baseline_v1,arrival_xgboost_baseline_v1,point_classification,fold_1,2019,COMPLETED,4000,0,delta_pr_auc,0.0074,0.0067,-0.0037,0.0182,0.908,0.092
arrival_hist_gradient_boosting_baseline_v1__vs__arrival_weighted_ensemble_v1__fold_1,arrival_hist_gradient_boosting_baseline_v1,arrival_weighted_ensemble_v1,point_regression,fold_1,2019,COMPLETED,4000,0,delta_mae,-0.752,-0.4691,-0.8653,-0.6419,0.5713,0.4288
arrival_hist_gradient_boosting_baseline_v1__vs__arrival_weighted_ensemble_v1__fold_1,arrival_hist_gradient_boosting_baseline_v1,arrival_weighted_ensemble_v1,point_regression,fold_1,2019,COMPLETED,4000,0,delta_rmse,-0.2026,-0.2036,-0.3139,-0.0979,1.0,0.0
arrival_hist_gradient_boosting_baseline_v1__vs__arrival_weighted_ensemble_v1__fold_1,arrival_hist_gradient_boosting_baseline_v1,arrival_weighted_ensemble_v1,point_regression,fold_1,2019,COMPLETED,4000,0,delta_r2,0.0101,0.0102,0.0049,0.0171,1.0,0.0
arrival_hist_gradient_boosting_baseline_v1__vs__arrival_weighted_ensemble_v1__fold_1,arrival_hist_gradient_boosting_baseline_v1,arrival_weighted_ensemble_v1,point_classification,fold_1,2019,COMPLETED,4000,0,delta_brier,0.001,-0.0019,-0.0004,0.0024,0.5162,0.4838
arrival_hist_gradient_boosting_baseline_v1__vs__arrival_weighted_ensemble_v1__fold_1,arrival_hist_gradient_boosting_baseline_v1,arrival_weighted_ensemble_v1,point_classification,fold_1,2019,COMPLETED,4000,0,delta_log_score,0.0016,-0.0042,-0.0012,0.0047,0.5162,0.4838
arrival_hist_gradient_boosting_baseline_v1__vs__arrival_weighted_ensemble_v1__fold_1,arrival_hist_gradient_boosting_baseline_v1,arrival_weighted_ensemble_v1,point_classification,fold_1,2019,COMPLETED,4000,0,delta_pr_auc,-0.002,-0.0027,-0.0108,0.0065,0.258,0.742
arrival_xgboost_baseline_v1__vs__arrival_weighted_ensemble_v1__fold_1,arrival_xgboost_baseline_v1,arrival_weighted_ensemble_v1,point_regression,fold_1,2019,COMPLETED,4000,0,delta_mae,0.7755,0.1987,0.6293,0.9273,0.4778,0.5222
arrival_xgboost_baseline_v1__vs__arrival_weighted_ensemble_v1__fold_1,arrival_xgboost_baseline_v1,arrival_weighted_ensemble_v1,point_regression,fold_1,2019,COMPLETED,4000,0,delta_rmse,0.9498,0.9591,0.775,1.1532,0.0,1.0
arrival_xgboost_baseline_v1__vs__arrival_weighted_ensemble_v1__fold_1,arrival_xgboost_baseline_v1,arrival_weighted_ensemble_v1,point_regression,fold_1,2019,COMPLETED,4000,0,delta_r2,-0.0483,-0.049,-0.0686,-0.0351,0.0,1.0
arrival_xgboost_baseline_v1__vs__arrival_weighted_ensemble_v1__fold_1,arrival_xgboost_baseline_v1,arrival_weighted_ensemble_v1,point_classification,fold_1,2019,COMPLETED,4000,0,delta_brier,-0.0104,-0.0169,-0.0119,-0.0087,0.638,0.362
arrival_xgboost_baseline_v1__vs__arrival_weighted_ensemble_v1__fold_1,arrival_xgboost_baseline_v1,arrival_weighted_ensemble_v1,point_classification,fold_1,2019,COMPLETED,4000,0,delta_log_score,-0.0227,-0.039,-0.0262,-0.019,0.638,0.362
arrival_xgboost_baseline_v1__vs__arrival_weighted_ensemble_v1__fold_1,arrival_xgboost_baseline_v1,arrival_weighted_ensemble_v1,point_classification,fold_1,2019,COMPLETED,4000,0,delta_pr_auc,-0.0095,-0.0092,-0.0185,-0.0018,0.006,0.994
arrival_linear_baseline_v1__vs__arrival_random_forest_baseline_v1__fold_2,arrival_linear_baseline_v1,arrival_random_forest_baseline_v1,point_regression,fold_2,2020,COMPLETED,4000,0,delta_mae,0.5576,0.3664,0.3675,0.7501,0.477,0.523
arrival_linear_baseline_v1__vs__arrival_random_forest_baseline_v1__fold_2,arrival_linear_baseline_v1,arrival_random_forest_baseline_v1,point_regression,fold_2,2020,COMPLETED,4000,0,delta_rmse,0.3806,0.384,0.1579,0.6131,0.0,1.0
arrival_linear_baseline_v1__vs__arrival_random_forest_baseline_v1__fold_2,arrival_linear_baseline_v1,arrival_random_forest_baseline_v1,point_regression,fold_2,2020,COMPLETED,4000,0,delta_r2,-0.0262,-0.0267,-0.0502,-0.0096,0.0,1.0
arrival_linear_baseline_v1__vs__arrival_random_forest_baseline_v1__fold_2,arrival_linear_baseline_v1,arrival_random_forest_baseline_v1,point_classification,fold_2,2020,COMPLETED,4000,0,delta_brier,0.0314,0.0312,0.0286,0.0345,0.3688,0.6312
arrival_linear_baseline_v1__vs__arrival_random_forest_baseline_v1__fold_2,arrival_linear_baseline_v1,arrival_random_forest_baseline_v1,point_classification,fold_2,2020,COMPLETED,4000,0,delta_log_score,0.0648,0.0663,0.0586,0.0714,0.3688,0.6312
arrival_linear_baseline_v1__vs__arrival_random_forest_baseline_v1__fold_2,arrival_linear_baseline_v1,arrival_random_forest_baseline_v1,point_classification,fold_2,2020,COMPLETED,4000,0,delta_pr_auc,0.0011,0.0011,-0.0131,0.0163,0.552,0.448
arrival_linear_baseline_v1__vs__arrival_hist_gradient_boosting_baseline_v1__fold_2,arrival_linear_baseline_v1,arrival_hist_gradient_boosting_baseline_v1,point_regression,fold_2,2020,COMPLETED,4000,0,delta_mae,1.2372,0.8613,1.0387,1.4438,0.4402,0.5597
arrival_linear_baseline_v1__vs__arrival_hist_gradient_boosting_baseline_v1__fold_2,arrival_linear_baseline_v1,arrival_hist_gradient_boosting_baseline_v1,point_regression,fold_2,2020,COMPLETED,4000,0,delta_rmse,0.7776,0.7936,0.4522,1.1097,0.0,1.0
arrival_linear_baseline_v1__vs__arrival_hist_gradient_boosting_baseline_v1__fold_2,arrival_linear_baseline_v1,arrival_hist_gradient_boosting_baseline_v1,point_regression,fold_2,2020,COMPLETED,4000,0,delta_r2,-0.0531,-0.0548,-0.0953,-0.0252,0.0,1.0
arrival_linear_baseline_v1__vs__arrival_hist_gradient_boosting_baseline_v1__fold_2,arrival_linear_baseline_v1,arrival_hist_gradient_boosting_baseline_v1,point_classification,fold_2,2020,COMPLETED,4000,0,delta_brier,0.0238,0.0215,0.0205,0.0274,0.4185,0.5815
arrival_linear_baseline_v1__vs__arrival_hist_gradient_boosting_baseline_v1__fold_2,arrival_linear_baseline_v1,arrival_hist_gradient_boosting_baseline_v1,point_classification,fold_2,2020,COMPLETED,4000,0,delta_log_score,0.0486,0.0451,0.0415,0.0564,0.4185,0.5815
arrival_linear_baseline_v1__vs__arrival_hist_gradient_boosting_baseline_v1__fold_2,arrival_linear_baseline_v1,arrival_hist_gradient_boosting_baseline_v1,point_classification,fold_2,2020,COMPLETED,4000,0,delta_pr_auc,0.0034,0.0036,-0.0087,0.0193,0.718,0.282
arrival_linear_baseline_v1__vs__arrival_xgboost_baseline_v1__fold_2,arrival_linear_baseline_v1,arrival_xgboost_baseline_v1,point_regression,fold_2,2020,COMPLETED,4000,0,delta_mae,0.0607,0.5251,-0.186,0.3101,0.4688,0.5312
arrival_linear_baseline_v1__vs__arrival_xgboost_baseline_v1__fold_2,arrival_linear_baseline_v1,arrival_xgboost_baseline_v1,point_regression,fold_2,2020,COMPLETED,4000,0,delta_rmse,-0.3616,-0.3671,-0.633,-0.0907,0.9965,0.0035
arrival_linear_baseline_v1__vs__arrival_xgboost_baseline_v1__fold_2,arrival_linear_baseline_v1,arrival_xgboost_baseline_v1,point_regression,fold_2,2020,COMPLETED,4000,0,delta_r2,0.0251,0.0255,0.0062,0.0496,0.9965,0.0035
arrival_linear_baseline_v1__vs__arrival_xgboost_baseline_v1__fold_2,arrival_linear_baseline_v1,arrival_xgboost_baseline_v1,point_classification,fold_2,2020,COMPLETED,4000,0,delta_brier,0.0349,0.0354,0.0315,0.0385,0.3695,0.6305
arrival_linear_baseline_v1__vs__arrival_xgboost_baseline_v1__fold_2,arrival_linear_baseline_v1,arrival_xgboost_baseline_v1,point_classification,fold_2,2020,COMPLETED,4000,0,delta_log_score,0.0716,0.0785,0.0642,0.0794,0.3695,0.6305
arrival_linear_baseline_v1__vs__arrival_xgboost_baseline_v1__fold_2,arrival_linear_baseline_v1,arrival_xgboost_baseline_v1,point_classification,fold_2,2020,COMPLETED,4000,0,delta_pr_auc,0.0009,0.0013,-0.0132,0.0175,0.546,0.454
arrival_linear_baseline_v1__vs__arrival_weighted_ensemble_v1__fold_2,arrival_linear_baseline_v1,arrival_weighted_ensemble_v1,point_regression,fold_2,2020,COMPLETED,4000,0,delta_mae,1.2372,0.8613,1.0387,1.4438,0.4402,0.5597
arrival_linear_baseline_v1__vs__arrival_weighted_ensemble_v1__fold_2,arrival_linear_baseline_v1,arrival_weighted_ensemble_v1,point_regression,fold_2,2020,COMPLETED,4000,0,delta_rmse,0.7776,0.7936,0.4522,1.1097,0.0,1.0
arrival_linear_baseline_v1__vs__arrival_weighted_ensemble_v1__fold_2,arrival_linear_baseline_v1,arrival_weighted_ensemble_v1,point_regression,fold_2,2020,COMPLETED,4000,0,delta_r2,-0.0531,-0.0548,-0.0953,-0.0252,0.0,1.0
arrival_linear_baseline_v1__vs__arrival_weighted_ensemble_v1__fold_2,arrival_linear_baseline_v1,arrival_weighted_ensemble_v1,point_classification,fold_2,2020,COMPLETED,4000,0,delta_brier,0.0349,0.0355,0.0315,0.0385,0.3695,0.6305
arrival_linear_baseline_v1__vs__arrival_weighted_ensemble_v1__fold_2,arrival_linear_baseline_v1,arrival_weighted_ensemble_v1,point_classification,fold_2,2020,COMPLETED,4000,0,delta_log_score,0.0716,0.0784,0.0642,0.0794,0.3695,0.6305
arrival_linear_baseline_v1__vs__arrival_weighted_ensemble_v1__fold_2,arrival_linear_baseline_v1,arrival_weighted_ensemble_v1,point_classification,fold_2,2020,COMPLETED,4000,0,delta_pr_auc,0.0009,0.0013,-0.0131,0.0175,0.548,0.452
arrival_random_forest_baseline_v1__vs__arrival_hist_gradient_boosting_baseline_v1__fold_2,arrival_random_forest_baseline_v1,arrival_hist_gradient_boosting_baseline_v1,point_regression,fold_2,2020,COMPLETED,4000,0,delta_mae,0.6796,0.4328,0.5599,0.7974,0.443,0.557
arrival_random_forest_baseline_v1__vs__arrival_hist_gradient_boosting_baseline_v1__fold_2,arrival_random_forest_baseline_v1,arrival_hist_gradient_boosting_baseline_v1,point_regression,fold_2,2020,COMPLETED,4000,0,delta_rmse,0.397,0.4023,0.2192,0.5963,0.0,1.0
arrival_random_forest_baseline_v1__vs__arrival_hist_gradient_boosting_baseline_v1__fold_2,arrival_random_forest_baseline_v1,arrival_hist_gradient_boosting_baseline_v1,point_regression,fold_2,2020,COMPLETED,4000,0,delta_r2,-0.027,-0.0277,-0.0506,-0.0122,0.0,1.0
arrival_random_forest_baseline_v1__vs__arrival_hist_gradient_boosting_baseline_v1__fold_2,arrival_random_forest_baseline_v1,arrival_hist_gradient_boosting_baseline_v1,point_classification,fold_2,2020,COMPLETED,4000,0,delta_brier,-0.0076,-0.0067,-0.0093,-0.006,0.5533,0.4467
arrival_random_forest_baseline_v1__vs__arrival_hist_gradient_boosting_baseline_v1__fold_2,arrival_random_forest_baseline_v1,arrival_hist_gradient_boosting_baseline_v1,point_classification,fold_2,2020,COMPLETED,4000,0,delta_log_score,-0.0162,-0.0141,-0.0197,-0.0128,0.5533,0.4467
arrival_random_forest_baseline_v1__vs__arrival_hist_gradient_boosting_baseline_v1__fold_2,arrival_random_forest_baseline_v1,arrival_hist_gradient_boosting_baseline_v1,point_classification,fold_2,2020,COMPLETED,4000,0,delta_pr_auc,0.0023,0.0025,-0.0037,0.0111,0.768,0.232
arrival_random_forest_baseline_v1__vs__arrival_xgboost_baseline_v1__fold_2,arrival_random_forest_baseline_v1,arrival_xgboost_baseline_v1,point_regression,fold_2,2020,COMPLETED,4000,0,delta_mae,-0.4969,0.0751,-0.6737,-0.3301,0.492,0.508
arrival_random_forest_baseline_v1__vs__arrival_xgboost_baseline_v1__fold_2,arrival_random_forest_baseline_v1,arrival_xgboost_baseline_v1,point_regression,fold_2,2020,COMPLETED,4000,0,delta_rmse,-0.7422,-0.7486,-0.9558,-0.5604,1.0,0.0
arrival_random_forest_baseline_v1__vs__arrival_xgboost_baseline_v1__fold_2,arrival_random_forest_baseline_v1,arrival_xgboost_baseline_v1,point_regression,fold_2,2020,COMPLETED,4000,0,delta_r2,0.0513,0.0526,0.0328,0.0823,1.0,0.0
arrival_random_forest_baseline_v1__vs__arrival_xgboost_baseline_v1__fold_2,arrival_random_forest_baseline_v1,arrival_xgboost_baseline_v1,point_classification,fold_2,2020,COMPLETED,4000,0,delta_brier,0.0035,0.0067,0.0015,0.0053,0.4477,0.5523
arrival_random_forest_baseline_v1__vs__arrival_xgboost_baseline_v1__fold_2,arrival_random_forest_baseline_v1,arrival_xgboost_baseline_v1,point_classification,fold_2,2020,COMPLETED,4000,0,delta_log_score,0.0068,0.0143,0.0025,0.0108,0.4477,0.5523
arrival_random_forest_baseline_v1__vs__arrival_xgboost_baseline_v1__fold_2,arrival_random_forest_baseline_v1,arrival_xgboost_baseline_v1,point_classification,fold_2,2020,COMPLETED,4000,0,delta_pr_auc,-0.0002,0.0002,-0.0086,0.0087,0.518,0.482
arrival_random_forest_baseline_v1__vs__arrival_weighted_ensemble_v1__fold_2,arrival_random_forest_baseline_v1,arrival_weighted_ensemble_v1,point_regression,fold_2,2020,COMPLETED,4000,0,delta_mae,0.6796,0.4328,0.5599,0.7974,0.443,0.557
arrival_random_forest_baseline_v1__vs__arrival_weighted_ensemble_v1__fold_2,arrival_random_forest_baseline_v1,arrival_weighted_ensemble_v1,point_regression,fold_2,2020,COMPLETED,4000,0,delta_rmse,0.397,0.4023,0.2192,0.5963,0.0,1.0
arrival_random_forest_baseline_v1__vs__arrival_weighted_ensemble_v1__fold_2,arrival_random_forest_baseline_v1,arrival_weighted_ensemble_v1,point_regression,fold_2,2020,COMPLETED,4000,0,delta_r2,-0.027,-0.0277,-0.0506,-0.0122,0.0,1.0
arrival_random_forest_baseline_v1__vs__arrival_weighted_ensemble_v1__fold_2,arrival_random_forest_baseline_v1,arrival_weighted_ensemble_v1,point_classification,fold_2,2020,COMPLETED,4000,0,delta_brier,0.0035,0.0067,0.0016,0.0053,0.4477,0.5523
arrival_random_forest_baseline_v1__vs__arrival_weighted_ensemble_v1__fold_2,arrival_random_forest_baseline_v1,arrival_weighted_ensemble_v1,point_classification,fold_2,2020,COMPLETED,4000,0,delta_log_score,0.0068,0.0142,0.0026,0.0108,0.4477,0.5523
arrival_random_forest_baseline_v1__vs__arrival_weighted_ensemble_v1__fold_2,arrival_random_forest_baseline_v1,arrival_weighted_ensemble_v1,point_classification,fold_2,2020,COMPLETED,4000,0,delta_pr_auc,-0.0002,0.0002,-0.0086,0.0087,0.518,0.482
arrival_hist_gradient_boosting_baseline_v1__vs__arrival_xgboost_baseline_v1__fold_2,arrival_hist_gradient_boosting_baseline_v1,arrival_xgboost_baseline_v1,point_regression,fold_2,2020,COMPLETED,4000,0,delta_mae,-1.1765,-0.3112,-1.3896,-0.9757,0.5255,0.4745
arrival_hist_gradient_boosting_baseline_v1__vs__arrival_xgboost_baseline_v1__fold_2,arrival_hist_gradient_boosting_baseline_v1,arrival_xgboost_baseline_v1,point_regression,fold_2,2020,COMPLETED,4000,0,delta_rmse,-1.1392,-1.1501,-1.4976,-0.8501,1.0,0.0
arrival_hist_gradient_boosting_baseline_v1__vs__arrival_xgboost_baseline_v1__fold_2,arrival_hist_gradient_boosting_baseline_v1,arrival_xgboost_baseline_v1,point_regression,fold_2,2020,COMPLETED,4000,0,delta_r2,0.0783,0.0803,0.0479,0.1293,1.0,0.0
arrival_hist_gradient_boosting_baseline_v1__vs__arrival_xgboost_baseline_v1__fold_2,arrival_hist_gradient_boosting_baseline_v1,arrival_xgboost_baseline_v1,point_classification,fold_2,2020,COMPLETED,4000,0,delta_brier,0.0111,0.0144,0.0092,0.0128,0.3947,0.6052
arrival_hist_gradient_boosting_baseline_v1__vs__arrival_xgboost_baseline_v1__fold_2,arrival_hist_gradient_boosting_baseline_v1,arrival_xgboost_baseline_v1,point_classification,fold_2,2020,COMPLETED,4000,0,delta_log_score,0.023,0.0319,0.019,0.0268,0.3947,0.6052
arrival_hist_gradient_boosting_baseline_v1__vs__arrival_xgboost_baseline_v1__fold_2,arrival_hist_gradient_boosting_baseline_v1,arrival_xgboost_baseline_v1,point_classification,fold_2,2020,COMPLETED,4000,0,delta_pr_auc,-0.0025,-0.0024,-0.01,0.0036,0.222,0.778
arrival_hist_gradient_boosting_baseline_v1__vs__arrival_weighted_ensemble_v1__fold_2,arrival_hist_gradient_boosting_baseline_v1,arrival_weighted_ensemble_v1,point_regression,fold_2,2020,COMPLETED,4000,0,delta_mae,-0.0,0.0,-0.0,-0.0,0.0,0.0
arrival_hist_gradient_boosting_baseline_v1__vs__arrival_weighted_ensemble_v1__fold_2,arrival_hist_gradient_boosting_baseline_v1,arrival_weighted_ensemble_v1,point_regression,fold_2,2020,COMPLETED,4000,0,delta_rmse,0.0,0.0,0.0,0.0,0.0,0.0
arrival_hist_gradient_boosting_baseline_v1__vs__arrival_weighted_ensemble_v1__fold_2,arrival_hist_gradient_boosting_baseline_v1,arrival_weighted_ensemble_v1,point_regression,fold_2,2020,COMPLETED,4000,0,delta_r2,0.0,0.0,0.0,0.0,0.0,0.0
arrival_hist_gradient_boosting_baseline_v1__vs__arrival_weighted_ensemble_v1__fold_2,arrival_hist_gradient_boosting_baseline_v1,arrival_weighted_ensemble_v1,point_classification,fold_2,2020,COMPLETED,4000,0,delta_brier,0.0111,0.0144,0.0093,0.0128,0.395,0.605
arrival_hist_gradient_boosting_baseline_v1__vs__arrival_weighted_ensemble_v1__fold_2,arrival_hist_gradient_boosting_baseline_v1,arrival_weighted_ensemble_v1,point_classification,fold_2,2020,COMPLETED,4000,0,delta_log_score,0.023,0.0318,0.019,0.0268,0.395,0.605
arrival_hist_gradient_boosting_baseline_v1__vs__arrival_weighted_ensemble_v1__fold_2,arrival_hist_gradient_boosting_baseline_v1,arrival_weighted_ensemble_v1,point_classification,fold_2,2020,COMPLETED,4000,0,delta_pr_auc,-0.0025,-0.0024,-0.0099,0.0036,0.222,0.778
arrival_xgboost_baseline_v1__vs__arrival_weighted_ensemble_v1__fold_2,arrival_xgboost_baseline_v1,arrival_weighted_ensemble_v1,point_regression,fold_2,2020,COMPLETED,4000,0,delta_mae,1.1765,0.3112,0.9757,1.3896,0.4745,0.5255
arrival_xgboost_baseline_v1__vs__arrival_weighted_ensemble_v1__fold_2,arrival_xgboost_baseline_v1,arrival_weighted_ensemble_v1,point_regression,fold_2,2020,COMPLETED,4000,0,delta_rmse,1.1392,1.1501,0.8501,1.4976,0.0,1.0
arrival_xgboost_baseline_v1__vs__arrival_weighted_ensemble_v1__fold_2,arrival_xgboost_baseline_v1,arrival_weighted_ensemble_v1,point_regression,fold_2,2020,COMPLETED,4000,0,delta_r2,-0.0783,-0.0803,-0.1293,-0.0479,0.0,1.0
arrival_xgboost_baseline_v1__vs__arrival_weighted_ensemble_v1__fold_2,arrival_xgboost_baseline_v1,arrival_weighted_ensemble_v1,point_classification,fold_2,2020,COMPLETED,4000,0,delta_brier,0.0,-0.0,-0.0,0.0,0.5523,0.4477
arrival_xgboost_baseline_v1__vs__arrival_weighted_ensemble_v1__fold_2,arrival_xgboost_baseline_v1,arrival_weighted_ensemble_v1,point_classification,fold_2,2020,COMPLETED,4000,0,delta_log_score,0.0,-0.0001,-0.0,0.0,0.5523,0.4477
arrival_xgboost_baseline_v1__vs__arrival_weighted_ensemble_v1__fold_2,arrival_xgboost_baseline_v1,arrival_weighted_ensemble_v1,point_classification,fold_2,2020,COMPLETED,4000,0,delta_pr_auc,0.0,0.0,-0.0,0.0001,0.574,0.426
arrival_linear_baseline_v1__vs__arrival_random_forest_baseline_v1__fold_3,arrival_linear_baseline_v1,arrival_random_forest_baseline_v1,point_regression,fold_3,2021,COMPLETED,4000,0,delta_mae,0.3465,0.1842,0.1878,0.5072,0.4843,0.5158
arrival_linear_baseline_v1__vs__arrival_random_forest_baseline_v1__fold_3,arrival_linear_baseline_v1,arrival_random_forest_baseline_v1,point_regression,fold_3,2021,COMPLETED,4000,0,delta_rmse,0.134,0.1358,-0.0539,0.3143,0.084,0.916
arrival_linear_baseline_v1__vs__arrival_random_forest_baseline_v1__fold_3,arrival_linear_baseline_v1,arrival_random_forest_baseline_v1,point_regression,fold_3,2021,COMPLETED,4000,0,delta_r2,-0.006,-0.0061,-0.0148,0.0025,0.084,0.916
arrival_linear_baseline_v1__vs__arrival_random_forest_baseline_v1__fold_3,arrival_linear_baseline_v1,arrival_random_forest_baseline_v1,point_classification,fold_3,2021,COMPLETED,4000,0,delta_brier,0.0257,0.0236,0.0229,0.0288,0.3787,0.6212
arrival_linear_baseline_v1__vs__arrival_random_forest_baseline_v1__fold_3,arrival_linear_baseline_v1,arrival_random_forest_baseline_v1,point_classification,fold_3,2021,COMPLETED,4000,0,delta_log_score,0.0537,0.0537,0.0474,0.0605,0.3787,0.6212
arrival_linear_baseline_v1__vs__arrival_random_forest_baseline_v1__fold_3,arrival_linear_baseline_v1,arrival_random_forest_baseline_v1,point_classification,fold_3,2021,COMPLETED,4000,0,delta_pr_auc,0.026,0.0261,0.003,0.0472,0.99,0.01
arrival_linear_baseline_v1__vs__arrival_hist_gradient_boosting_baseline_v1__fold_3,arrival_linear_baseline_v1,arrival_hist_gradient_boosting_baseline_v1,point_regression,fold_3,2021,COMPLETED,4000,0,delta_mae,0.3076,-0.0017,0.1566,0.4601,0.5002,0.4998
arrival_linear_baseline_v1__vs__arrival_hist_gradient_boosting_baseline_v1__fold_3,arrival_linear_baseline_v1,arrival_hist_gradient_boosting_baseline_v1,point_regression,fold_3,2021,COMPLETED,4000,0,delta_rmse,0.1655,0.1669,-0.0069,0.3374,0.029,0.971
arrival_linear_baseline_v1__vs__arrival_hist_gradient_boosting_baseline_v1__fold_3,arrival_linear_baseline_v1,arrival_hist_gradient_boosting_baseline_v1,point_regression,fold_3,2021,COMPLETED,4000,0,delta_r2,-0.0074,-0.0076,-0.0159,0.0003,0.029,0.971
arrival_linear_baseline_v1__vs__arrival_hist_gradient_boosting_baseline_v1__fold_3,arrival_linear_baseline_v1,arrival_hist_gradient_boosting_baseline_v1,point_classification,fold_3,2021,COMPLETED,4000,0,delta_brier,0.0166,0.0128,0.0134,0.0197,0.437,0.563
arrival_linear_baseline_v1__vs__arrival_hist_gradient_boosting_baseline_v1__fold_3,arrival_linear_baseline_v1,arrival_hist_gradient_boosting_baseline_v1,point_classification,fold_3,2021,COMPLETED,4000,0,delta_log_score,0.0329,0.0286,0.026,0.0398,0.437,0.563
arrival_linear_baseline_v1__vs__arrival_hist_gradient_boosting_baseline_v1__fold_3,arrival_linear_baseline_v1,arrival_hist_gradient_boosting_baseline_v1,point_classification,fold_3,2021,COMPLETED,4000,0,delta_pr_auc,0.0229,0.0232,0.0005,0.0471,0.98,0.02
arrival_linear_baseline_v1__vs__arrival_xgboost_baseline_v1__fold_3,arrival_linear_baseline_v1,arrival_xgboost_baseline_v1,point_regression,fold_3,2021,COMPLETED,4000,0,delta_mae,0.0368,0.2419,-0.1737,0.2399,0.484,0.516
arrival_linear_baseline_v1__vs__arrival_xgboost_baseline_v1__fold_3,arrival_linear_baseline_v1,arrival_xgboost_baseline_v1,point_regression,fold_3,2021,COMPLETED,4000,0,delta_rmse,-0.0654,-0.0643,-0.3244,0.1413,0.711,0.289
arrival_linear_baseline_v1__vs__arrival_xgboost_baseline_v1__fold_3,arrival_linear_baseline_v1,arrival_xgboost_baseline_v1,point_regression,fold_3,2021,COMPLETED,4000,0,delta_r2,0.0029,0.0029,-0.0059,0.0174,0.711,0.289
arrival_linear_baseline_v1__vs__arrival_xgboost_baseline_v1__fold_3,arrival_linear_baseline_v1,arrival_xgboost_baseline_v1,point_classification,fold_3,2021,COMPLETED,4000,0,delta_brier,0.0342,0.0367,0.0307,0.0378,0.318,0.682
arrival_linear_baseline_v1__vs__arrival_xgboost_baseline_v1__fold_3,arrival_linear_baseline_v1,arrival_xgboost_baseline_v1,point_classification,fold_3,2021,COMPLETED,4000,0,delta_log_score,0.0763,0.0923,0.068,0.0845,0.318,0.682
arrival_linear_baseline_v1__vs__arrival_xgboost_baseline_v1__fold_3,arrival_linear_baseline_v1,arrival_xgboost_baseline_v1,point_classification,fold_3,2021,COMPLETED,4000,0,delta_pr_auc,0.0106,0.0108,-0.0141,0.0362,0.802,0.198
arrival_linear_baseline_v1__vs__arrival_weighted_ensemble_v1__fold_3,arrival_linear_baseline_v1,arrival_weighted_ensemble_v1,point_regression,fold_3,2021,COMPLETED,4000,0,delta_mae,0.3076,-0.0017,0.1566,0.4601,0.5002,0.4998
arrival_linear_baseline_v1__vs__arrival_weighted_ensemble_v1__fold_3,arrival_linear_baseline_v1,arrival_weighted_ensemble_v1,point_regression,fold_3,2021,COMPLETED,4000,0,delta_rmse,0.1655,0.1669,-0.0069,0.3374,0.029,0.971
arrival_linear_baseline_v1__vs__arrival_weighted_ensemble_v1__fold_3,arrival_linear_baseline_v1,arrival_weighted_ensemble_v1,point_regression,fold_3,2021,COMPLETED,4000,0,delta_r2,-0.0074,-0.0076,-0.0159,0.0003,0.029,0.971
arrival_linear_baseline_v1__vs__arrival_weighted_ensemble_v1__fold_3,arrival_linear_baseline_v1,arrival_weighted_ensemble_v1,point_classification,fold_3,2021,COMPLETED,4000,0,delta_brier,0.034,0.0363,0.0305,0.0375,0.3182,0.6817
arrival_linear_baseline_v1__vs__arrival_weighted_ensemble_v1__fold_3,arrival_linear_baseline_v1,arrival_weighted_ensemble_v1,point_classification,fold_3,2021,COMPLETED,4000,0,delta_log_score,0.0756,0.0894,0.0675,0.0837,0.3182,0.6817
arrival_linear_baseline_v1__vs__arrival_weighted_ensemble_v1__fold_3,arrival_linear_baseline_v1,arrival_weighted_ensemble_v1,point_classification,fold_3,2021,COMPLETED,4000,0,delta_pr_auc,0.0112,0.0111,-0.0135,0.0363,0.818,0.182
arrival_random_forest_baseline_v1__vs__arrival_hist_gradient_boosting_baseline_v1__fold_3,arrival_random_forest_baseline_v1,arrival_hist_gradient_boosting_baseline_v1,point_regression,fold_3,2021,COMPLETED,4000,0,delta_mae,-0.0389,-0.1527,-0.1186,0.0441,0.5262,0.4738
arrival_random_forest_baseline_v1__vs__arrival_hist_gradient_boosting_baseline_v1__fold_3,arrival_random_forest_baseline_v1,arrival_hist_gradient_boosting_baseline_v1,point_regression,fold_3,2021,COMPLETED,4000,0,delta_rmse,0.0315,0.0317,-0.0569,0.1154,0.236,0.764
arrival_random_forest_baseline_v1__vs__arrival_hist_gradient_boosting_baseline_v1__fold_3,arrival_random_forest_baseline_v1,arrival_hist_gradient_boosting_baseline_v1,point_regression,fold_3,2021,COMPLETED,4000,0,delta_r2,-0.0014,-0.0014,-0.0058,0.0026,0.236,0.764
arrival_random_forest_baseline_v1__vs__arrival_hist_gradient_boosting_baseline_v1__fold_3,arrival_random_forest_baseline_v1,arrival_hist_gradient_boosting_baseline_v1,point_classification,fold_3,2021,COMPLETED,4000,0,delta_brier,-0.0092,-0.0108,-0.0107,-0.0076,0.6062,0.3937
arrival_random_forest_baseline_v1__vs__arrival_hist_gradient_boosting_baseline_v1__fold_3,arrival_random_forest_baseline_v1,arrival_hist_gradient_boosting_baseline_v1,point_classification,fold_3,2021,COMPLETED,4000,0,delta_log_score,-0.0208,-0.0247,-0.0243,-0.0172,0.6062,0.3937
arrival_random_forest_baseline_v1__vs__arrival_hist_gradient_boosting_baseline_v1__fold_3,arrival_random_forest_baseline_v1,arrival_hist_gradient_boosting_baseline_v1,point_classification,fold_3,2021,COMPLETED,4000,0,delta_pr_auc,-0.0031,-0.0024,-0.0141,0.0097,0.362,0.638
arrival_random_forest_baseline_v1__vs__arrival_xgboost_baseline_v1__fold_3,arrival_random_forest_baseline_v1,arrival_xgboost_baseline_v1,point_regression,fold_3,2021,COMPLETED,4000,0,delta_mae,-0.3097,-0.0247,-0.4477,-0.1667,0.5048,0.4953
arrival_random_forest_baseline_v1__vs__arrival_xgboost_baseline_v1__fold_3,arrival_random_forest_baseline_v1,arrival_xgboost_baseline_v1,point_regression,fold_3,2021,COMPLETED,4000,0,delta_rmse,-0.1994,-0.2034,-0.3779,-0.0487,0.995,0.005
arrival_random_forest_baseline_v1__vs__arrival_xgboost_baseline_v1__fold_3,arrival_random_forest_baseline_v1,arrival_xgboost_baseline_v1,point_regression,fold_3,2021,COMPLETED,4000,0,delta_r2,0.009,0.0092,0.0019,0.021,0.995,0.005
arrival_random_forest_baseline_v1__vs__arrival_xgboost_baseline_v1__fold_3,arrival_random_forest_baseline_v1,arrival_xgboost_baseline_v1,point_classification,fold_3,2021,COMPLETED,4000,0,delta_brier,0.0085,0.0154,0.0068,0.0101,0.3445,0.6555
arrival_random_forest_baseline_v1__vs__arrival_xgboost_baseline_v1__fold_3,arrival_random_forest_baseline_v1,arrival_xgboost_baseline_v1,point_classification,fold_3,2021,COMPLETED,4000,0,delta_log_score,0.0226,0.0393,0.0185,0.0265,0.3445,0.6555
arrival_random_forest_baseline_v1__vs__arrival_xgboost_baseline_v1__fold_3,arrival_random_forest_baseline_v1,arrival_xgboost_baseline_v1,point_classification,fold_3,2021,COMPLETED,4000,0,delta_pr_auc,-0.0154,-0.0145,-0.0276,-0.0032,0.004,0.996
arrival_random_forest_baseline_v1__vs__arrival_weighted_ensemble_v1__fold_3,arrival_random_forest_baseline_v1,arrival_weighted_ensemble_v1,point_regression,fold_3,2021,COMPLETED,4000,0,delta_mae,-0.0389,-0.1527,-0.1186,0.0441,0.5262,0.4738
arrival_random_forest_baseline_v1__vs__arrival_weighted_ensemble_v1__fold_3,arrival_random_forest_baseline_v1,arrival_weighted_ensemble_v1,point_regression,fold_3,2021,COMPLETED,4000,0,delta_rmse,0.0315,0.0317,-0.0569,0.1154,0.236,0.764
arrival_random_forest_baseline_v1__vs__arrival_weighted_ensemble_v1__fold_3,arrival_random_forest_baseline_v1,arrival_weighted_ensemble_v1,point_regression,fold_3,2021,COMPLETED,4000,0,delta_r2,-0.0014,-0.0014,-0.0058,0.0026,0.236,0.764
arrival_random_forest_baseline_v1__vs__arrival_weighted_ensemble_v1__fold_3,arrival_random_forest_baseline_v1,arrival_weighted_ensemble_v1,point_classification,fold_3,2021,COMPLETED,4000,0,delta_brier,0.0083,0.0147,0.0067,0.0098,0.3445,0.6555
arrival_random_forest_baseline_v1__vs__arrival_weighted_ensemble_v1__fold_3,arrival_random_forest_baseline_v1,arrival_weighted_ensemble_v1,point_classification,fold_3,2021,COMPLETED,4000,0,delta_log_score,0.022,0.0375,0.0181,0.0257,0.3445,0.6555
arrival_random_forest_baseline_v1__vs__arrival_weighted_ensemble_v1__fold_3,arrival_random_forest_baseline_v1,arrival_weighted_ensemble_v1,point_classification,fold_3,2021,COMPLETED,4000,0,delta_pr_auc,-0.0148,-0.0141,-0.0271,-0.0031,0.004,0.996
arrival_hist_gradient_boosting_baseline_v1__vs__arrival_xgboost_baseline_v1__fold_3,arrival_hist_gradient_boosting_baseline_v1,arrival_xgboost_baseline_v1,point_regression,fold_3,2021,COMPLETED,4000,0,delta_mae,-0.2708,0.1295,-0.4365,-0.1068,0.4898,0.5102
arrival_hist_gradient_boosting_baseline_v1__vs__arrival_xgboost_baseline_v1__fold_3,arrival_hist_gradient_boosting_baseline_v1,arrival_xgboost_baseline_v1,point_regression,fold_3,2021,COMPLETED,4000,0,delta_rmse,-0.2309,-0.231,-0.4289,-0.0729,0.999,0.001
arrival_hist_gradient_boosting_baseline_v1__vs__arrival_xgboost_baseline_v1__fold_3,arrival_hist_gradient_boosting_baseline_v1,arrival_xgboost_baseline_v1,point_regression,fold_3,2021,COMPLETED,4000,0,delta_r2,0.0104,0.0104,0.0029,0.0239,0.999,0.001
arrival_hist_gradient_boosting_baseline_v1__vs__arrival_xgboost_baseline_v1__fold_3,arrival_hist_gradient_boosting_baseline_v1,arrival_xgboost_baseline_v1,point_classification,fold_3,2021,COMPLETED,4000,0,delta_brier,0.0176,0.0268,0.0157,0.0196,0.2787,0.7212
arrival_hist_gradient_boosting_baseline_v1__vs__arrival_xgboost_baseline_v1__fold_3,arrival_hist_gradient_boosting_baseline_v1,arrival_xgboost_baseline_v1,point_classification,fold_3,2021,COMPLETED,4000,0,delta_log_score,0.0434,0.0664,0.0384,0.048,0.2787,0.7212
arrival_hist_gradient_boosting_baseline_v1__vs__arrival_xgboost_baseline_v1__fold_3,arrival_hist_gradient_boosting_baseline_v1,arrival_xgboost_baseline_v1,point_classification,fold_3,2021,COMPLETED,4000,0,delta_pr_auc,-0.0123,-0.0124,-0.0252,-0.0002,0.024,0.976
arrival_hist_gradient_boosting_baseline_v1__vs__arrival_weighted_ensemble_v1__fold_3,arrival_hist_gradient_boosting_baseline_v1,arrival_weighted_ensemble_v1,point_regression,fold_3,2021,COMPLETED,4000,0,delta_mae,0.0,0.0,0.0,0.0,0.0,0.0
arrival_hist_gradient_boosting_baseline_v1__vs__arrival_weighted_ensemble_v1__fold_3,arrival_hist_gradient_boosting_baseline_v1,arrival_weighted_ensemble_v1,point_regression,fold_3,2021,COMPLETED,4000,0,delta_rmse,0.0,0.0,0.0,0.0,0.0,0.0
arrival_hist_gradient_boosting_baseline_v1__vs__arrival_weighted_ensemble_v1__fold_3,arrival_hist_gradient_boosting_baseline_v1,arrival_weighted_ensemble_v1,point_regression,fold_3,2021,COMPLETED,4000,0,delta_r2,0.0,0.0,0.0,0.0,0.0,0.0
arrival_hist_gradient_boosting_baseline_v1__vs__arrival_weighted_ensemble_v1__fold_3,arrival_hist_gradient_boosting_baseline_v1,arrival_weighted_ensemble_v1,point_classification,fold_3,2021,COMPLETED,4000,0,delta_brier,0.0174,0.026,0.0155,0.0194,0.2795,0.7205
arrival_hist_gradient_boosting_baseline_v1__vs__arrival_weighted_ensemble_v1__fold_3,arrival_hist_gradient_boosting_baseline_v1,arrival_weighted_ensemble_v1,point_classification,fold_3,2021,COMPLETED,4000,0,delta_log_score,0.0427,0.0644,0.0379,0.0473,0.2795,0.7205
arrival_hist_gradient_boosting_baseline_v1__vs__arrival_weighted_ensemble_v1__fold_3,arrival_hist_gradient_boosting_baseline_v1,arrival_weighted_ensemble_v1,point_classification,fold_3,2021,COMPLETED,4000,0,delta_pr_auc,-0.0117,-0.012,-0.0248,0.0004,0.03,0.97
arrival_xgboost_baseline_v1__vs__arrival_weighted_ensemble_v1__fold_3,arrival_xgboost_baseline_v1,arrival_weighted_ensemble_v1,point_regression,fold_3,2021,COMPLETED,4000,0,delta_mae,0.2708,-0.1295,0.1068,0.4365,0.5102,0.4898
arrival_xgboost_baseline_v1__vs__arrival_weighted_ensemble_v1__fold_3,arrival_xgboost_baseline_v1,arrival_weighted_ensemble_v1,point_regression,fold_3,2021,COMPLETED,4000,0,delta_rmse,0.2309,0.231,0.0729,0.4289,0.001,0.999
arrival_xgboost_baseline_v1__vs__arrival_weighted_ensemble_v1__fold_3,arrival_xgboost_baseline_v1,arrival_weighted_ensemble_v1,point_regression,fold_3,2021,COMPLETED,4000,0,delta_r2,-0.0104,-0.0104,-0.0239,-0.0029,0.001,0.999
arrival_xgboost_baseline_v1__vs__arrival_weighted_ensemble_v1__fold_3,arrival_xgboost_baseline_v1,arrival_weighted_ensemble_v1,point_classification,fold_3,2021,COMPLETED,4000,0,delta_brier,-0.0002,-0.0007,-0.0002,-0.0001,0.6555,0.3445
arrival_xgboost_baseline_v1__vs__arrival_weighted_ensemble_v1__fold_3,arrival_xgboost_baseline_v1,arrival_weighted_ensemble_v1,point_classification,fold_3,2021,COMPLETED,4000,0,delta_log_score,-0.0006,-0.0018,-0.0008,-0.0004,0.6555,0.3445
arrival_xgboost_baseline_v1__vs__arrival_weighted_ensemble_v1__fold_3,arrival_xgboost_baseline_v1,arrival_weighted_ensemble_v1,point_classification,fold_3,2021,COMPLETED,4000,0,delta_pr_auc,0.0006,0.0002,-0.0011,0.0023,0.646,0.354
arrival_linear_baseline_v1__vs__arrival_random_forest_baseline_v1__fold_4,arrival_linear_baseline_v1,arrival_random_forest_baseline_v1,point_regression,fold_4,2022,COMPLETED,4000,0,delta_mae,-0.1564,-0.296,-0.321,0.0147,0.5192,0.4808
arrival_linear_baseline_v1__vs__arrival_random_forest_baseline_v1__fold_4,arrival_linear_baseline_v1,arrival_random_forest_baseline_v1,point_regression,fold_4,2022,COMPLETED,4000,0,delta_rmse,0.3691,0.3749,0.2116,0.5313,0.0,1.0
arrival_linear_baseline_v1__vs__arrival_random_forest_baseline_v1__fold_4,arrival_linear_baseline_v1,arrival_random_forest_baseline_v1,point_regression,fold_4,2022,COMPLETED,4000,0,delta_r2,-0.0127,-0.013,-0.0204,-0.0069,0.0,1.0
arrival_linear_baseline_v1__vs__arrival_random_forest_baseline_v1__fold_4,arrival_linear_baseline_v1,arrival_random_forest_baseline_v1,point_classification,fold_4,2022,COMPLETED,4000,0,delta_brier,0.0001,-0.0027,-0.0022,0.0025,0.519,0.481
arrival_linear_baseline_v1__vs__arrival_random_forest_baseline_v1__fold_4,arrival_linear_baseline_v1,arrival_random_forest_baseline_v1,point_classification,fold_4,2022,COMPLETED,4000,0,delta_log_score,-0.0011,-0.006,-0.0063,0.0041,0.519,0.481
arrival_linear_baseline_v1__vs__arrival_random_forest_baseline_v1__fold_4,arrival_linear_baseline_v1,arrival_random_forest_baseline_v1,point_classification,fold_4,2022,COMPLETED,4000,0,delta_pr_auc,-0.0285,-0.0277,-0.0469,-0.0087,0.0,1.0
arrival_linear_baseline_v1__vs__arrival_hist_gradient_boosting_baseline_v1__fold_4,arrival_linear_baseline_v1,arrival_hist_gradient_boosting_baseline_v1,point_regression,fold_4,2022,COMPLETED,4000,0,delta_mae,-0.1421,-0.2925,-0.3043,0.0221,0.5275,0.4725
arrival_linear_baseline_v1__vs__arrival_hist_gradient_boosting_baseline_v1__fold_4,arrival_linear_baseline_v1,arrival_hist_gradient_boosting_baseline_v1,point_regression,fold_4,2022,COMPLETED,4000,0,delta_rmse,0.305,0.3125,0.1157,0.5047,0.0005,0.9995
arrival_linear_baseline_v1__vs__arrival_hist_gradient_boosting_baseline_v1__fold_4,arrival_linear_baseline_v1,arrival_hist_gradient_boosting_baseline_v1,point_regression,fold_4,2022,COMPLETED,4000,0,delta_r2,-0.0105,-0.011,-0.0195,-0.0037,0.0005,0.9995
arrival_linear_baseline_v1__vs__arrival_hist_gradient_boosting_baseline_v1__fold_4,arrival_linear_baseline_v1,arrival_hist_gradient_boosting_baseline_v1,point_classification,fold_4,2022,COMPLETED,4000,0,delta_brier,-0.0126,-0.0203,-0.0154,-0.0098,0.6102,0.3897
arrival_linear_baseline_v1__vs__arrival_hist_gradient_boosting_baseline_v1__fold_4,arrival_linear_baseline_v1,arrival_hist_gradient_boosting_baseline_v1,point_classification,fold_4,2022,COMPLETED,4000,0,delta_log_score,-0.029,-0.0451,-0.0351,-0.0228,0.6102,0.3897
arrival_linear_baseline_v1__vs__arrival_hist_gradient_boosting_baseline_v1__fold_4,arrival_linear_baseline_v1,arrival_hist_gradient_boosting_baseline_v1,point_classification,fold_4,2022,COMPLETED,4000,0,delta_pr_auc,-0.0336,-0.0331,-0.056,-0.0125,0.002,0.998
arrival_linear_baseline_v1__vs__arrival_xgboost_baseline_v1__fold_4,arrival_linear_baseline_v1,arrival_xgboost_baseline_v1,point_regression,fold_4,2022,COMPLETED,4000,0,delta_mae,-0.311,-0.2366,-0.5056,-0.1097,0.5202,0.4798
arrival_linear_baseline_v1__vs__arrival_xgboost_baseline_v1__fold_4,arrival_linear_baseline_v1,arrival_xgboost_baseline_v1,point_regression,fold_4,2022,COMPLETED,4000,0,delta_rmse,0.4479,0.4486,0.2221,0.6873,0.0,1.0
arrival_linear_baseline_v1__vs__arrival_xgboost_baseline_v1__fold_4,arrival_linear_baseline_v1,arrival_xgboost_baseline_v1,point_regression,fold_4,2022,COMPLETED,4000,0,delta_r2,-0.0154,-0.0156,-0.0246,-0.0078,0.0,1.0
arrival_linear_baseline_v1__vs__arrival_xgboost_baseline_v1__fold_4,arrival_linear_baseline_v1,arrival_xgboost_baseline_v1,point_classification,fold_4,2022,COMPLETED,4000,0,delta_brier,0.0009,0.0036,-0.0019,0.0038,0.48,0.52
arrival_linear_baseline_v1__vs__arrival_xgboost_baseline_v1__fold_4,arrival_linear_baseline_v1,arrival_xgboost_baseline_v1,point_classification,fold_4,2022,COMPLETED,4000,0,delta_log_score,0.0025,0.0081,-0.0035,0.0089,0.48,0.52
arrival_linear_baseline_v1__vs__arrival_xgboost_baseline_v1__fold_4,arrival_linear_baseline_v1,arrival_xgboost_baseline_v1,point_classification,fold_4,2022,COMPLETED,4000,0,delta_pr_auc,-0.0412,-0.0404,-0.0645,-0.0173,0.0,1.0
arrival_linear_baseline_v1__vs__arrival_weighted_ensemble_v1__fold_4,arrival_linear_baseline_v1,arrival_weighted_ensemble_v1,point_regression,fold_4,2022,COMPLETED,4000,0,delta_mae,-0.1421,-0.2925,-0.3043,0.0221,0.5275,0.4725
arrival_linear_baseline_v1__vs__arrival_weighted_ensemble_v1__fold_4,arrival_linear_baseline_v1,arrival_weighted_ensemble_v1,point_regression,fold_4,2022,COMPLETED,4000,0,delta_rmse,0.305,0.3125,0.1157,0.5047,0.0005,0.9995
arrival_linear_baseline_v1__vs__arrival_weighted_ensemble_v1__fold_4,arrival_linear_baseline_v1,arrival_weighted_ensemble_v1,point_regression,fold_4,2022,COMPLETED,4000,0,delta_r2,-0.0105,-0.011,-0.0195,-0.0037,0.0005,0.9995
arrival_linear_baseline_v1__vs__arrival_weighted_ensemble_v1__fold_4,arrival_linear_baseline_v1,arrival_weighted_ensemble_v1,point_classification,fold_4,2022,COMPLETED,4000,0,delta_brier,0.0009,0.0036,-0.0019,0.0038,0.48,0.52
arrival_linear_baseline_v1__vs__arrival_weighted_ensemble_v1__fold_4,arrival_linear_baseline_v1,arrival_weighted_ensemble_v1,point_classification,fold_4,2022,COMPLETED,4000,0,delta_log_score,0.0025,0.0081,-0.0035,0.0089,0.48,0.52
arrival_linear_baseline_v1__vs__arrival_weighted_ensemble_v1__fold_4,arrival_linear_baseline_v1,arrival_weighted_ensemble_v1,point_classification,fold_4,2022,COMPLETED,4000,0,delta_pr_auc,-0.0412,-0.0404,-0.0645,-0.0173,0.0,1.0
arrival_random_forest_baseline_v1__vs__arrival_hist_gradient_boosting_baseline_v1__fold_4,arrival_random_forest_baseline_v1,arrival_hist_gradient_boosting_baseline_v1,point_regression,fold_4,2022,COMPLETED,4000,0,delta_mae,0.0143,-0.0747,-0.08,0.1057,0.5098,0.4903
arrival_random_forest_baseline_v1__vs__arrival_hist_gradient_boosting_baseline_v1__fold_4,arrival_random_forest_baseline_v1,arrival_hist_gradient_boosting_baseline_v1,point_regression,fold_4,2022,COMPLETED,4000,0,delta_rmse,-0.0642,-0.0618,-0.1811,0.0474,0.8605,0.1395
arrival_random_forest_baseline_v1__vs__arrival_hist_gradient_boosting_baseline_v1__fold_4,arrival_random_forest_baseline_v1,arrival_hist_gradient_boosting_baseline_v1,point_regression,fold_4,2022,COMPLETED,4000,0,delta_r2,0.0022,0.0021,-0.0017,0.0061,0.8605,0.1395
arrival_random_forest_baseline_v1__vs__arrival_hist_gradient_boosting_baseline_v1__fold_4,arrival_random_forest_baseline_v1,arrival_hist_gradient_boosting_baseline_v1,point_classification,fold_4,2022,COMPLETED,4000,0,delta_brier,-0.0128,-0.0158,-0.0143,-0.0112,0.6315,0.3685
arrival_random_forest_baseline_v1__vs__arrival_hist_gradient_boosting_baseline_v1__fold_4,arrival_random_forest_baseline_v1,arrival_hist_gradient_boosting_baseline_v1,point_classification,fold_4,2022,COMPLETED,4000,0,delta_log_score,-0.0278,-0.0347,-0.0312,-0.0244,0.6315,0.3685
arrival_random_forest_baseline_v1__vs__arrival_hist_gradient_boosting_baseline_v1__fold_4,arrival_random_forest_baseline_v1,arrival_hist_gradient_boosting_baseline_v1,point_classification,fold_4,2022,COMPLETED,4000,0,delta_pr_auc,-0.0051,-0.0053,-0.0184,0.0062,0.202,0.798
arrival_random_forest_baseline_v1__vs__arrival_xgboost_baseline_v1__fold_4,arrival_random_forest_baseline_v1,arrival_xgboost_baseline_v1,point_regression,fold_4,2022,COMPLETED,4000,0,delta_mae,-0.1546,0.0256,-0.2756,-0.0302,0.4983,0.5018
arrival_random_forest_baseline_v1__vs__arrival_xgboost_baseline_v1__fold_4,arrival_random_forest_baseline_v1,arrival_xgboost_baseline_v1,point_regression,fold_4,2022,COMPLETED,4000,0,delta_rmse,0.0787,0.0695,-0.0728,0.2598,0.19,0.81
arrival_random_forest_baseline_v1__vs__arrival_xgboost_baseline_v1__fold_4,arrival_random_forest_baseline_v1,arrival_xgboost_baseline_v1,point_regression,fold_4,2022,COMPLETED,4000,0,delta_r2,-0.0027,-0.0024,-0.0086,0.0026,0.19,0.81
arrival_random_forest_baseline_v1__vs__arrival_xgboost_baseline_v1__fold_4,arrival_random_forest_baseline_v1,arrival_xgboost_baseline_v1,point_classification,fold_4,2022,COMPLETED,4000,0,delta_brier,0.0008,0.0058,-0.001,0.0024,0.4457,0.5543
arrival_random_forest_baseline_v1__vs__arrival_xgboost_baseline_v1__fold_4,arrival_random_forest_baseline_v1,arrival_xgboost_baseline_v1,point_classification,fold_4,2022,COMPLETED,4000,0,delta_log_score,0.0037,0.0128,-0.0001,0.0074,0.4457,0.5543
arrival_random_forest_baseline_v1__vs__arrival_xgboost_baseline_v1__fold_4,arrival_random_forest_baseline_v1,arrival_xgboost_baseline_v1,point_classification,fold_4,2022,COMPLETED,4000,0,delta_pr_auc,-0.0127,-0.0125,-0.0247,-0.0009,0.018,0.982
arrival_random_forest_baseline_v1__vs__arrival_weighted_ensemble_v1__fold_4,arrival_random_forest_baseline_v1,arrival_weighted_ensemble_v1,point_regression,fold_4,2022,COMPLETED,4000,0,delta_mae,0.0143,-0.0747,-0.08,0.1057,0.5098,0.4903
arrival_random_forest_baseline_v1__vs__arrival_weighted_ensemble_v1__fold_4,arrival_random_forest_baseline_v1,arrival_weighted_ensemble_v1,point_regression,fold_4,2022,COMPLETED,4000,0,delta_rmse,-0.0642,-0.0618,-0.1811,0.0474,0.8605,0.1395
arrival_random_forest_baseline_v1__vs__arrival_weighted_ensemble_v1__fold_4,arrival_random_forest_baseline_v1,arrival_weighted_ensemble_v1,point_regression,fold_4,2022,COMPLETED,4000,0,delta_r2,0.0022,0.0021,-0.0017,0.0061,0.8605,0.1395
arrival_random_forest_baseline_v1__vs__arrival_weighted_ensemble_v1__fold_4,arrival_random_forest_baseline_v1,arrival_weighted_ensemble_v1,point_classification,fold_4,2022,COMPLETED,4000,0,delta_brier,0.0008,0.0058,-0.001,0.0024,0.4457,0.5543
arrival_random_forest_baseline_v1__vs__arrival_weighted_ensemble_v1__fold_4,arrival_random_forest_baseline_v1,arrival_weighted_ensemble_v1,point_classification,fold_4,2022,COMPLETED,4000,0,delta_log_score,0.0037,0.0128,-0.0001,0.0074,0.4457,0.5543
arrival_random_forest_baseline_v1__vs__arrival_weighted_ensemble_v1__fold_4,arrival_random_forest_baseline_v1,arrival_weighted_ensemble_v1,point_classification,fold_4,2022,COMPLETED,4000,0,delta_pr_auc,-0.0127,-0.0125,-0.0247,-0.0009,0.018,0.982
arrival_hist_gradient_boosting_baseline_v1__vs__arrival_xgboost_baseline_v1__fold_4,arrival_hist_gradient_boosting_baseline_v1,arrival_xgboost_baseline_v1,point_regression,fold_4,2022,COMPLETED,4000,0,delta_mae,-0.1689,0.153,-0.3231,-0.0091,0.4853,0.5148
arrival_hist_gradient_boosting_baseline_v1__vs__arrival_xgboost_baseline_v1__fold_4,arrival_hist_gradient_boosting_baseline_v1,arrival_xgboost_baseline_v1,point_regression,fold_4,2022,COMPLETED,4000,0,delta_rmse,0.1429,0.1295,-0.0766,0.4115,0.129,0.871
arrival_hist_gradient_boosting_baseline_v1__vs__arrival_xgboost_baseline_v1__fold_4,arrival_hist_gradient_boosting_baseline_v1,arrival_xgboost_baseline_v1,point_regression,fold_4,2022,COMPLETED,4000,0,delta_r2,-0.0049,-0.0045,-0.0134,0.0027,0.129,0.871
arrival_hist_gradient_boosting_baseline_v1__vs__arrival_xgboost_baseline_v1__fold_4,arrival_hist_gradient_boosting_baseline_v1,arrival_xgboost_baseline_v1,point_classification,fold_4,2022,COMPLETED,4000,0,delta_brier,0.0135,0.0217,0.0116,0.0155,0.344,0.656
arrival_hist_gradient_boosting_baseline_v1__vs__arrival_xgboost_baseline_v1__fold_4,arrival_hist_gradient_boosting_baseline_v1,arrival_xgboost_baseline_v1,point_classification,fold_4,2022,COMPLETED,4000,0,delta_log_score,0.0315,0.0485,0.0271,0.0358,0.344,0.656
arrival_hist_gradient_boosting_baseline_v1__vs__arrival_xgboost_baseline_v1__fold_4,arrival_hist_gradient_boosting_baseline_v1,arrival_xgboost_baseline_v1,point_classification,fold_4,2022,COMPLETED,4000,0,delta_pr_auc,-0.0075,-0.0076,-0.0189,0.0068,0.16,0.84
arrival_hist_gradient_boosting_baseline_v1__vs__arrival_weighted_ensemble_v1__fold_4,arrival_hist_gradient_boosting_baseline_v1,arrival_weighted_ensemble_v1,point_regression,fold_4,2022,COMPLETED,4000,0,delta_mae,0.0,0.0,0.0,0.0,0.0,0.0
arrival_hist_gradient_boosting_baseline_v1__vs__arrival_weighted_ensemble_v1__fold_4,arrival_hist_gradient_boosting_baseline_v1,arrival_weighted_ensemble_v1,point_regression,fold_4,2022,COMPLETED,4000,0,delta_rmse,0.0,0.0,0.0,0.0,0.0,0.0
arrival_hist_gradient_boosting_baseline_v1__vs__arrival_weighted_ensemble_v1__fold_4,arrival_hist_gradient_boosting_baseline_v1,arrival_weighted_ensemble_v1,point_regression,fold_4,2022,COMPLETED,4000,0,delta_r2,0.0,0.0,-0.0,0.0,0.0,0.0
arrival_hist_gradient_boosting_baseline_v1__vs__arrival_weighted_ensemble_v1__fold_4,arrival_hist_gradient_boosting_baseline_v1,arrival_weighted_ensemble_v1,point_classification,fold_4,2022,COMPLETED,4000,0,delta_brier,0.0135,0.0217,0.0116,0.0155,0.344,0.656
arrival_hist_gradient_boosting_baseline_v1__vs__arrival_weighted_ensemble_v1__fold_4,arrival_hist_gradient_boosting_baseline_v1,arrival_weighted_ensemble_v1,point_classification,fold_4,2022,COMPLETED,4000,0,delta_log_score,0.0315,0.0485,0.0271,0.0358,0.344,0.656
arrival_hist_gradient_boosting_baseline_v1__vs__arrival_weighted_ensemble_v1__fold_4,arrival_hist_gradient_boosting_baseline_v1,arrival_weighted_ensemble_v1,point_classification,fold_4,2022,COMPLETED,4000,0,delta_pr_auc,-0.0075,-0.0076,-0.0189,0.0068,0.16,0.84
arrival_xgboost_baseline_v1__vs__arrival_weighted_ensemble_v1__fold_4,arrival_xgboost_baseline_v1,arrival_weighted_ensemble_v1,point_regression,fold_4,2022,COMPLETED,4000,0,delta_mae,0.1689,-0.153,0.0091,0.3231,0.5148,0.4853
arrival_xgboost_baseline_v1__vs__arrival_weighted_ensemble_v1__fold_4,arrival_xgboost_baseline_v1,arrival_weighted_ensemble_v1,point_regression,fold_4,2022,COMPLETED,4000,0,delta_rmse,-0.1429,-0.1295,-0.4115,0.0766,0.871,0.129
arrival_xgboost_baseline_v1__vs__arrival_weighted_ensemble_v1__fold_4,arrival_xgboost_baseline_v1,arrival_weighted_ensemble_v1,point_regression,fold_4,2022,COMPLETED,4000,0,delta_r2,0.0049,0.0045,-0.0027,0.0134,0.871,0.129
arrival_xgboost_baseline_v1__vs__arrival_weighted_ensemble_v1__fold_4,arrival_xgboost_baseline_v1,arrival_weighted_ensemble_v1,point_classification,fold_4,2022,COMPLETED,4000,0,delta_brier,-0.0,0.0,0.0,0.0,0.0,0.0
arrival_xgboost_baseline_v1__vs__arrival_weighted_ensemble_v1__fold_4,arrival_xgboost_baseline_v1,arrival_weighted_ensemble_v1,point_classification,fold_4,2022,COMPLETED,4000,0,delta_log_score,0.0,0.0,0.0,0.0,0.0,0.0
arrival_xgboost_baseline_v1__vs__arrival_weighted_ensemble_v1__fold_4,arrival_xgboost_baseline_v1,arrival_weighted_ensemble_v1,point_classification,fold_4,2022,COMPLETED,4000,0,delta_pr_auc,0.0,0.0,0.0,0.0,0.0,0.0
P1_empirical__vs__P2_xgb_gaussian_oof__fold_1,P1_empirical,P2_xgb_gaussian_oof,probabilistic,fold_1,2019,COMPLETED,4000,0,delta_crps,-4.0215,-5.7166,-4.1703,-3.8763,0.8485,0.1515
P1_empirical__vs__P2_xgb_gaussian_oof__fold_1,P1_empirical,P2_xgb_gaussian_oof,probabilistic,fold_1,2019,COMPLETED,4000,0,delta_coverage_error_80,-0.1445,,,,,
P1_empirical__vs__P2_xgb_gaussian_oof__fold_1,P1_empirical,P2_xgb_gaussian_oof,probabilistic,fold_1,2019,COMPLETED,4000,0,delta_interval_width_80,-77.1433,-81.738,-77.6056,-76.665,1.0,0.0
P1_empirical__vs__P2_xgb_gaussian_oof__fold_1,P1_empirical,P2_xgb_gaussian_oof,probabilistic,fold_1,2019,COMPLETED,4000,0,delta_coverage_error_90,-0.0577,,,,,
P1_empirical__vs__P2_xgb_gaussian_oof__fold_1,P1_empirical,P2_xgb_gaussian_oof,probabilistic,fold_1,2019,COMPLETED,4000,0,delta_interval_width_90,-79.4805,-78.0995,-80.2841,-78.6473,0.9962,0.0037
P1_empirical__vs__P2_xgb_gaussian_oof__fold_1,P1_empirical,P2_xgb_gaussian_oof,probabilistic,fold_1,2019,COMPLETED,4000,0,delta_brier_delay_15,-0.037,-0.0824,-0.0408,-0.0331,0.8602,0.1398
P1_empirical__vs__P3_ngboost_normal__fold_1,P1_empirical,P3_ngboost_normal,probabilistic,fold_1,2019,COMPLETED,4000,0,delta_crps,-4.0228,-5.9634,-4.246,-3.7975,0.8273,0.1727
P1_empirical__vs__P3_ngboost_normal__fold_1,P1_empirical,P3_ngboost_normal,probabilistic,fold_1,2019,COMPLETED,4000,0,delta_coverage_error_80,-0.1502,,,,,
P1_empirical__vs__P3_ngboost_normal__fold_1,P1_empirical,P3_ngboost_normal,probabilistic,fold_1,2019,COMPLETED,4000,0,delta_interval_width_80,-71.7493,-70.3693,-72.8424,-70.7024,0.9995,0.0005
P1_empirical__vs__P3_ngboost_normal__fold_1,P1_empirical,P3_ngboost_normal,probabilistic,fold_1,2019,COMPLETED,4000,0,delta_coverage_error_90,-0.0607,,,,,
P1_empirical__vs__P3_ngboost_normal__fold_1,P1_empirical,P3_ngboost_normal,probabilistic,fold_1,2019,COMPLETED,4000,0,delta_interval_width_90,-72.5574,-72.2483,-74.0752,-71.0802,0.9888,0.0112
P1_empirical__vs__P3_ngboost_normal__fold_1,P1_empirical,P3_ngboost_normal,probabilistic,fold_1,2019,COMPLETED,4000,0,delta_brier_delay_15,-0.0623,-0.1223,-0.0674,-0.057,0.8618,0.1383
P1_empirical__vs__P4_ngboost_student_t__fold_1,P1_empirical,P4_ngboost_student_t,probabilistic,fold_1,2019,COMPLETED,4000,0,delta_crps,-0.23,0.1933,-0.341,-0.118,0.4625,0.5375
P1_empirical__vs__P4_ngboost_student_t__fold_1,P1_empirical,P4_ngboost_student_t,probabilistic,fold_1,2019,COMPLETED,4000,0,delta_coverage_error_80,-0.0115,,,,,
P1_empirical__vs__P4_ngboost_student_t__fold_1,P1_empirical,P4_ngboost_student_t,probabilistic,fold_1,2019,COMPLETED,4000,0,delta_interval_width_80,7.035,2.6195,6.5808,7.4998,0.4078,0.5923
P1_empirical__vs__P4_ngboost_student_t__fold_1,P1_empirical,P4_ngboost_student_t,probabilistic,fold_1,2019,COMPLETED,4000,0,delta_coverage_error_90,-0.001,,,,,
P1_empirical__vs__P4_ngboost_student_t__fold_1,P1_empirical,P4_ngboost_student_t,probabilistic,fold_1,2019,COMPLETED,4000,0,delta_interval_width_90,21.0866,21.8244,20.3007,21.8992,0.261,0.739
P1_empirical__vs__P4_ngboost_student_t__fold_1,P1_empirical,P4_ngboost_student_t,probabilistic,fold_1,2019,COMPLETED,4000,0,delta_brier_delay_15,-0.0053,0.0068,-0.0075,-0.0032,0.283,0.717
P1_empirical__vs__P5_quantile_regression__fold_1,P1_empirical,P5_quantile_regression,probabilistic,fold_1,2019,COMPLETED,4000,0,delta_crps,0.0397,0.1073,-0.0362,0.1167,0.4655,0.5345
P1_empirical__vs__P5_quantile_regression__fold_1,P1_empirical,P5_quantile_regression,probabilistic,fold_1,2019,COMPLETED,4000,0,delta_coverage_error_80,-0.0377,,,,,
P1_empirical__vs__P5_quantile_regression__fold_1,P1_empirical,P5_quantile_regression,probabilistic,fold_1,2019,COMPLETED,4000,0,delta_interval_width_80,4.4634,4.136,3.9855,4.9206,0.3573,0.6428
P1_empirical__vs__P5_quantile_regression__fold_1,P1_empirical,P5_quantile_regression,probabilistic,fold_1,2019,COMPLETED,4000,0,delta_coverage_error_90,-0.0295,,,,,
P1_empirical__vs__P5_quantile_regression__fold_1,P1_empirical,P5_quantile_regression,probabilistic,fold_1,2019,COMPLETED,4000,0,delta_interval_width_90,12.0764,8.7401,11.2755,12.8344,0.3118,0.6883
P2_xgb_gaussian_oof__vs__P3_ngboost_normal__fold_1,P2_xgb_gaussian_oof,P3_ngboost_normal,probabilistic,fold_1,2019,COMPLETED,4000,0,delta_crps,-0.0013,-0.5121,-0.1326,0.1244,0.5853,0.4148
P2_xgb_gaussian_oof__vs__P3_ngboost_normal__fold_1,P2_xgb_gaussian_oof,P3_ngboost_normal,probabilistic,fold_1,2019,COMPLETED,4000,0,delta_coverage_error_80,-0.0058,,,,,
P2_xgb_gaussian_oof__vs__P3_ngboost_normal__fold_1,P2_xgb_gaussian_oof,P3_ngboost_normal,probabilistic,fold_1,2019,COMPLETED,4000,0,delta_interval_width_80,5.394,9.3428,4.3312,6.3655,0.2092,0.7907
P2_xgb_gaussian_oof__vs__P3_ngboost_normal__fold_1,P2_xgb_gaussian_oof,P3_ngboost_normal,probabilistic,fold_1,2019,COMPLETED,4000,0,delta_coverage_error_90,-0.003,,,,,
P2_xgb_gaussian_oof__vs__P3_ngboost_normal__fold_1,P2_xgb_gaussian_oof,P3_ngboost_normal,probabilistic,fold_1,2019,COMPLETED,4000,0,delta_interval_width_90,6.9231,11.9914,5.5591,8.17,0.2092,0.7907
P2_xgb_gaussian_oof__vs__P3_ngboost_normal__fold_1,P2_xgb_gaussian_oof,P3_ngboost_normal,probabilistic,fold_1,2019,COMPLETED,4000,0,delta_brier_delay_15,-0.0253,-0.0363,-0.0269,-0.0236,0.8498,0.1502
P2_xgb_gaussian_oof__vs__P4_ngboost_student_t__fold_1,P2_xgb_gaussian_oof,P4_ngboost_student_t,probabilistic,fold_1,2019,COMPLETED,4000,0,delta_crps,3.7915,6.4435,3.5867,3.9956,0.146,0.854
P2_xgb_gaussian_oof__vs__P4_ngboost_student_t__fold_1,P2_xgb_gaussian_oof,P4_ngboost_student_t,probabilistic,fold_1,2019,COMPLETED,4000,0,delta_coverage_error_80,0.133,,,,,
P2_xgb_gaussian_oof__vs__P4_ngboost_student_t__fold_1,P2_xgb_gaussian_oof,P4_ngboost_student_t,probabilistic,fold_1,2019,COMPLETED,4000,0,delta_interval_width_80,84.1782,84.341,84.15,84.2049,0.0,1.0
P2_xgb_gaussian_oof__vs__P4_ngboost_student_t__fold_1,P2_xgb_gaussian_oof,P4_ngboost_student_t,probabilistic,fold_1,2019,COMPLETED,4000,0,delta_coverage_error_90,0.0567,,,,,
P2_xgb_gaussian_oof__vs__P4_ngboost_student_t__fold_1,P2_xgb_gaussian_oof,P4_ngboost_student_t,probabilistic,fold_1,2019,COMPLETED,4000,0,delta_interval_width_90,100.567,100.992,100.5111,100.6214,0.0,1.0
P2_xgb_gaussian_oof__vs__P4_ngboost_student_t__fold_1,P2_xgb_gaussian_oof,P4_ngboost_student_t,probabilistic,fold_1,2019,COMPLETED,4000,0,delta_brier_delay_15,0.0317,0.095,0.0262,0.037,0.1383,0.8618
P2_xgb_gaussian_oof__vs__P5_quantile_regression__fold_1,P2_xgb_gaussian_oof,P5_quantile_regression,probabilistic,fold_1,2019,COMPLETED,4000,0,delta_crps,4.0612,5.9105,3.9082,4.2111,0.144,0.856
P2_xgb_gaussian_oof__vs__P5_quantile_regression__fold_1,P2_xgb_gaussian_oof,P5_quantile_regression,probabilistic,fold_1,2019,COMPLETED,4000,0,delta_coverage_error_80,0.1067,,,,,
P2_xgb_gaussian_oof__vs__P5_quantile_regression__fold_1,P2_xgb_gaussian_oof,P5_quantile_regression,probabilistic,fold_1,2019,COMPLETED,4000,0,delta_interval_width_80,81.6067,85.5497,81.1329,82.0918,0.001,0.999
P2_xgb_gaussian_oof__vs__P5_quantile_regression__fold_1,P2_xgb_gaussian_oof,P5_quantile_regression,probabilistic,fold_1,2019,COMPLETED,4000,0,delta_coverage_error_90,0.0282,,,,,
P2_xgb_gaussian_oof__vs__P5_quantile_regression__fold_1,P2_xgb_gaussian_oof,P5_quantile_regression,probabilistic,fold_1,2019,COMPLETED,4000,0,delta_interval_width_90,91.5568,95.9934,90.8416,92.2031,0.0022,0.9978
P3_ngboost_normal__vs__P4_ngboost_student_t__fold_1,P3_ngboost_normal,P4_ngboost_student_t,probabilistic,fold_1,2019,COMPLETED,4000,0,delta_crps,3.7928,6.9325,3.5057,4.0723,0.164,0.836
P3_ngboost_normal__vs__P4_ngboost_student_t__fold_1,P3_ngboost_normal,P4_ngboost_student_t,probabilistic,fold_1,2019,COMPLETED,4000,0,delta_coverage_error_80,0.1388,,,,,
P3_ngboost_normal__vs__P4_ngboost_student_t__fold_1,P3_ngboost_normal,P4_ngboost_student_t,probabilistic,fold_1,2019,COMPLETED,4000,0,delta_interval_width_80,78.7843,75.0671,77.8115,79.8483,0.0,1.0
P3_ngboost_normal__vs__P4_ngboost_student_t__fold_1,P3_ngboost_normal,P4_ngboost_student_t,probabilistic,fold_1,2019,COMPLETED,4000,0,delta_coverage_error_90,0.0597,,,,,
P3_ngboost_normal__vs__P4_ngboost_student_t__fold_1,P3_ngboost_normal,P4_ngboost_student_t,probabilistic,fold_1,2019,COMPLETED,4000,0,delta_interval_width_90,93.6439,89.2117,92.3956,94.9992,0.0,1.0
P3_ngboost_normal__vs__P4_ngboost_student_t__fold_1,P3_ngboost_normal,P4_ngboost_student_t,probabilistic,fold_1,2019,COMPLETED,4000,0,delta_brier_delay_15,0.057,0.1336,0.05,0.0638,0.1383,0.8618
P3_ngboost_normal__vs__P5_quantile_regression__fold_1,P3_ngboost_normal,P5_quantile_regression,probabilistic,fold_1,2019,COMPLETED,4000,0,delta_crps,4.0626,6.1173,3.8411,4.286,0.1633,0.8367
P3_ngboost_normal__vs__P5_quantile_regression__fold_1,P3_ngboost_normal,P5_quantile_regression,probabilistic,fold_1,2019,COMPLETED,4000,0,delta_coverage_error_80,0.1125,,,,,
P3_ngboost_normal__vs__P5_quantile_regression__fold_1,P3_ngboost_normal,P5_quantile_regression,probabilistic,fold_1,2019,COMPLETED,4000,0,delta_interval_width_80,76.2127,75.0055,75.1849,77.3179,0.001,0.999
P3_ngboost_normal__vs__P5_quantile_regression__fold_1,P3_ngboost_normal,P5_quantile_regression,probabilistic,fold_1,2019,COMPLETED,4000,0,delta_coverage_error_90,0.0312,,,,,
P3_ngboost_normal__vs__P5_quantile_regression__fold_1,P3_ngboost_normal,P5_quantile_regression,probabilistic,fold_1,2019,COMPLETED,4000,0,delta_interval_width_90,84.6337,83.0555,83.2447,86.0231,0.0022,0.9978
P4_ngboost_student_t__vs__P5_quantile_regression__fold_1,P4_ngboost_student_t,P5_quantile_regression,probabilistic,fold_1,2019,COMPLETED,4000,0,delta_crps,0.2697,-0.0292,0.1665,0.3786,0.5072,0.4928
P4_ngboost_student_t__vs__P5_quantile_regression__fold_1,P4_ngboost_student_t,P5_quantile_regression,probabilistic,fold_1,2019,COMPLETED,4000,0,delta_coverage_error_80,-0.0263,,,,,
P4_ngboost_student_t__vs__P5_quantile_regression__fold_1,P4_ngboost_student_t,P5_quantile_regression,probabilistic,fold_1,2019,COMPLETED,4000,0,delta_interval_width_80,-2.5715,1.2679,-3.0332,-2.1061,0.4565,0.5435
P4_ngboost_student_t__vs__P5_quantile_regression__fold_1,P4_ngboost_student_t,P5_quantile_regression,probabilistic,fold_1,2019,COMPLETED,4000,0,delta_coverage_error_90,-0.0285,,,,,
P4_ngboost_student_t__vs__P5_quantile_regression__fold_1,P4_ngboost_student_t,P5_quantile_regression,probabilistic,fold_1,2019,COMPLETED,4000,0,delta_interval_width_90,-9.0102,-5.1305,-9.6937,-8.3855,0.6085,0.3915
P1_empirical__vs__P2_xgb_gaussian_oof__fold_2,P1_empirical,P2_xgb_gaussian_oof,probabilistic,fold_2,2020,COMPLETED,4000,0,delta_crps,-4.8381,-6.2051,-4.9648,-4.7164,0.8955,0.1045
P1_empirical__vs__P2_xgb_gaussian_oof__fold_2,P1_empirical,P2_xgb_gaussian_oof,probabilistic,fold_2,2020,COMPLETED,4000,0,delta_coverage_error_80,-0.1502,,,,,
P1_empirical__vs__P2_xgb_gaussian_oof__fold_2,P1_empirical,P2_xgb_gaussian_oof,probabilistic,fold_2,2020,COMPLETED,4000,0,delta_interval_width_80,-80.3281,-86.0876,-80.7727,-79.8538,0.9975,0.0025
P1_empirical__vs__P2_xgb_gaussian_oof__fold_2,P1_empirical,P2_xgb_gaussian_oof,probabilistic,fold_2,2020,COMPLETED,4000,0,delta_coverage_error_90,-0.0767,,,,,
P1_empirical__vs__P2_xgb_gaussian_oof__fold_2,P1_empirical,P2_xgb_gaussian_oof,probabilistic,fold_2,2020,COMPLETED,4000,0,delta_interval_width_90,-84.4233,-84.1569,-85.2357,-83.6008,0.997,0.003
P1_empirical__vs__P2_xgb_gaussian_oof__fold_2,P1_empirical,P2_xgb_gaussian_oof,probabilistic,fold_2,2020,COMPLETED,4000,0,delta_brier_delay_15,-0.0593,-0.0829,-0.0621,-0.0564,0.9305,0.0695
P1_empirical__vs__P3_ngboost_normal__fold_2,P1_empirical,P3_ngboost_normal,probabilistic,fold_2,2020,COMPLETED,4000,0,delta_crps,-5.5055,-7.0654,-5.6846,-5.3301,0.8968,0.1032
P1_empirical__vs__P3_ngboost_normal__fold_2,P1_empirical,P3_ngboost_normal,probabilistic,fold_2,2020,COMPLETED,4000,0,delta_coverage_error_80,-0.155,,,,,
P1_empirical__vs__P3_ngboost_normal__fold_2,P1_empirical,P3_ngboost_normal,probabilistic,fold_2,2020,COMPLETED,4000,0,delta_interval_width_80,-76.5055,-77.9395,-77.1125,-75.8863,0.9982,0.0018
P1_empirical__vs__P3_ngboost_normal__fold_2,P1_empirical,P3_ngboost_normal,probabilistic,fold_2,2020,COMPLETED,4000,0,delta_coverage_error_90,-0.0792,,,,,
P1_empirical__vs__P3_ngboost_normal__fold_2,P1_empirical,P3_ngboost_normal,probabilistic,fold_2,2020,COMPLETED,4000,0,delta_interval_width_90,-79.5171,-80.9294,-80.4791,-78.5671,0.9882,0.0118
P1_empirical__vs__P3_ngboost_normal__fold_2,P1_empirical,P3_ngboost_normal,probabilistic,fold_2,2020,COMPLETED,4000,0,delta_brier_delay_15,-0.0983,-0.1288,-0.1021,-0.0942,0.938,0.062
P1_empirical__vs__P4_ngboost_student_t__fold_2,P1_empirical,P4_ngboost_student_t,probabilistic,fold_2,2020,COMPLETED,4000,0,delta_crps,0.5299,0.3119,0.4408,0.6164,0.4115,0.5885
P1_empirical__vs__P4_ngboost_student_t__fold_2,P1_empirical,P4_ngboost_student_t,probabilistic,fold_2,2020,COMPLETED,4000,0,delta_coverage_error_80,-0.0677,,,,,
P1_empirical__vs__P4_ngboost_student_t__fold_2,P1_empirical,P4_ngboost_student_t,probabilistic,fold_2,2020,COMPLETED,4000,0,delta_interval_width_80,6.6219,0.8928,6.187,7.0812,0.4188,0.5813
P1_empirical__vs__P4_ngboost_student_t__fold_2,P1_empirical,P4_ngboost_student_t,probabilistic,fold_2,2020,COMPLETED,4000,0,delta_coverage_error_90,-0.0417,,,,,
P1_empirical__vs__P4_ngboost_student_t__fold_2,P1_empirical,P4_ngboost_student_t,probabilistic,fold_2,2020,COMPLETED,4000,0,delta_interval_width_90,19.7562,18.9763,18.9727,20.5631,0.3015,0.6985
P1_empirical__vs__P4_ngboost_student_t__fold_2,P1_empirical,P4_ngboost_student_t,probabilistic,fold_2,2020,COMPLETED,4000,0,delta_brier_delay_15,0.01,0.0097,0.0085,0.0115,0.198,0.802
P1_empirical__vs__P5_quantile_regression__fold_2,P1_empirical,P5_quantile_regression,probabilistic,fold_2,2020,COMPLETED,4000,0,delta_crps,0.1885,0.1352,0.1276,0.2437,0.4472,0.5527
P1_empirical__vs__P5_quantile_regression__fold_2,P1_empirical,P5_quantile_regression,probabilistic,fold_2,2020,COMPLETED,4000,0,delta_coverage_error_80,0.0245,,,,,
P1_empirical__vs__P5_quantile_regression__fold_2,P1_empirical,P5_quantile_regression,probabilistic,fold_2,2020,COMPLETED,4000,0,delta_interval_width_80,3.6066,3.0311,3.1286,4.0613,0.3762,0.6238
P1_empirical__vs__P5_quantile_regression__fold_2,P1_empirical,P5_quantile_regression,probabilistic,fold_2,2020,COMPLETED,4000,0,delta_coverage_error_90,-0.0045,,,,,
P1_empirical__vs__P5_quantile_regression__fold_2,P1_empirical,P5_quantile_regression,probabilistic,fold_2,2020,COMPLETED,4000,0,delta_interval_width_90,6.263,4.1081,5.4885,7.0396,0.4175,0.5825
P2_xgb_gaussian_oof__vs__P3_ngboost_normal__fold_2,P2_xgb_gaussian_oof,P3_ngboost_normal,probabilistic,fold_2,2020,COMPLETED,4000,0,delta_crps,-0.6674,-1.1914,-0.7592,-0.575,0.6913,0.3088
P2_xgb_gaussian_oof__vs__P3_ngboost_normal__fold_2,P2_xgb_gaussian_oof,P3_ngboost_normal,probabilistic,fold_2,2020,COMPLETED,4000,0,delta_coverage_error_80,-0.0048,,,,,
P2_xgb_gaussian_oof__vs__P3_ngboost_normal__fold_2,P2_xgb_gaussian_oof,P3_ngboost_normal,probabilistic,fold_2,2020,COMPLETED,4000,0,delta_interval_width_80,3.8226,7.334,3.3741,4.2602,0.2532,0.7468
P2_xgb_gaussian_oof__vs__P3_ngboost_normal__fold_2,P2_xgb_gaussian_oof,P3_ngboost_normal,probabilistic,fold_2,2020,COMPLETED,4000,0,delta_coverage_error_90,-0.0025,,,,,
P2_xgb_gaussian_oof__vs__P3_ngboost_normal__fold_2,P2_xgb_gaussian_oof,P3_ngboost_normal,probabilistic,fold_2,2020,COMPLETED,4000,0,delta_interval_width_90,4.9062,9.4131,4.3306,5.4679,0.2532,0.7468
P2_xgb_gaussian_oof__vs__P3_ngboost_normal__fold_2,P2_xgb_gaussian_oof,P3_ngboost_normal,probabilistic,fold_2,2020,COMPLETED,4000,0,delta_brier_delay_15,-0.0389,-0.0458,-0.0401,-0.0376,0.921,0.079
P2_xgb_gaussian_oof__vs__P4_ngboost_student_t__fold_2,P2_xgb_gaussian_oof,P4_ngboost_student_t,probabilistic,fold_2,2020,COMPLETED,4000,0,delta_crps,5.368,6.8428,5.2248,5.5077,0.0742,0.9257
P2_xgb_gaussian_oof__vs__P4_ngboost_student_t__fold_2,P2_xgb_gaussian_oof,P4_ngboost_student_t,probabilistic,fold_2,2020,COMPLETED,4000,0,delta_coverage_error_80,0.0825,,,,,
P2_xgb_gaussian_oof__vs__P4_ngboost_student_t__fold_2,P2_xgb_gaussian_oof,P4_ngboost_student_t,probabilistic,fold_2,2020,COMPLETED,4000,0,delta_interval_width_80,86.95,87.0828,86.9255,86.9738,0.0,1.0
P2_xgb_gaussian_oof__vs__P4_ngboost_student_t__fold_2,P2_xgb_gaussian_oof,P4_ngboost_student_t,probabilistic,fold_2,2020,COMPLETED,4000,0,delta_coverage_error_90,0.035,,,,,
P2_xgb_gaussian_oof__vs__P4_ngboost_student_t__fold_2,P2_xgb_gaussian_oof,P4_ngboost_student_t,probabilistic,fold_2,2020,COMPLETED,4000,0,delta_interval_width_90,104.1794,104.5741,104.1288,104.2279,0.0,1.0
P2_xgb_gaussian_oof__vs__P4_ngboost_student_t__fold_2,P2_xgb_gaussian_oof,P4_ngboost_student_t,probabilistic,fold_2,2020,COMPLETED,4000,0,delta_brier_delay_15,0.0693,0.0949,0.0655,0.0729,0.062,0.938
P2_xgb_gaussian_oof__vs__P5_quantile_regression__fold_2,P2_xgb_gaussian_oof,P5_quantile_regression,probabilistic,fold_2,2020,COMPLETED,4000,0,delta_crps,5.0266,6.3699,4.9059,5.1449,0.0862,0.9137
P2_xgb_gaussian_oof__vs__P5_quantile_regression__fold_2,P2_xgb_gaussian_oof,P5_quantile_regression,probabilistic,fold_2,2020,COMPLETED,4000,0,delta_coverage_error_80,0.1747,,,,,
P2_xgb_gaussian_oof__vs__P5_quantile_regression__fold_2,P2_xgb_gaussian_oof,P5_quantile_regression,probabilistic,fold_2,2020,COMPLETED,4000,0,delta_interval_width_80,83.9347,87.6274,83.4896,84.3856,0.001,0.999
P2_xgb_gaussian_oof__vs__P5_quantile_regression__fold_2,P2_xgb_gaussian_oof,P5_quantile_regression,probabilistic,fold_2,2020,COMPLETED,4000,0,delta_coverage_error_90,0.0722,,,,,
P2_xgb_gaussian_oof__vs__P5_quantile_regression__fold_2,P2_xgb_gaussian_oof,P5_quantile_regression,probabilistic,fold_2,2020,COMPLETED,4000,0,delta_interval_width_90,90.6862,94.3783,90.0427,91.3197,0.002,0.998
P3_ngboost_normal__vs__P4_ngboost_student_t__fold_2,P3_ngboost_normal,P4_ngboost_student_t,probabilistic,fold_2,2020,COMPLETED,4000,0,delta_crps,6.0354,7.9042,5.8275,6.2408,0.0777,0.9223
P3_ngboost_normal__vs__P4_ngboost_student_t__fold_2,P3_ngboost_normal,P4_ngboost_student_t,probabilistic,fold_2,2020,COMPLETED,4000,0,delta_coverage_error_80,0.0873,,,,,
P3_ngboost_normal__vs__P4_ngboost_student_t__fold_2,P3_ngboost_normal,P4_ngboost_student_t,probabilistic,fold_2,2020,COMPLETED,4000,0,delta_interval_width_80,83.1274,79.6305,82.6926,83.5716,0.0,1.0
P3_ngboost_normal__vs__P4_ngboost_student_t__fold_2,P3_ngboost_normal,P4_ngboost_student_t,probabilistic,fold_2,2020,COMPLETED,4000,0,delta_coverage_error_90,0.0375,,,,,
P3_ngboost_normal__vs__P4_ngboost_student_t__fold_2,P3_ngboost_normal,P4_ngboost_student_t,probabilistic,fold_2,2020,COMPLETED,4000,0,delta_interval_width_90,99.2732,95.1916,98.7176,99.8394,0.0,1.0
P3_ngboost_normal__vs__P4_ngboost_student_t__fold_2,P3_ngboost_normal,P4_ngboost_student_t,probabilistic,fold_2,2020,COMPLETED,4000,0,delta_brier_delay_15,0.1082,0.1421,0.1033,0.1128,0.062,0.938
P3_ngboost_normal__vs__P5_quantile_regression__fold_2,P3_ngboost_normal,P5_quantile_regression,probabilistic,fold_2,2020,COMPLETED,4000,0,delta_crps,5.694,7.2209,5.5187,5.8611,0.0835,0.9165
P3_ngboost_normal__vs__P5_quantile_regression__fold_2,P3_ngboost_normal,P5_quantile_regression,probabilistic,fold_2,2020,COMPLETED,4000,0,delta_coverage_error_80,0.1795,,,,,
P3_ngboost_normal__vs__P5_quantile_regression__fold_2,P3_ngboost_normal,P5_quantile_regression,probabilistic,fold_2,2020,COMPLETED,4000,0,delta_interval_width_80,80.1121,80.2764,79.5409,80.7253,0.001,0.999
P3_ngboost_normal__vs__P5_quantile_regression__fold_2,P3_ngboost_normal,P5_quantile_regression,probabilistic,fold_2,2020,COMPLETED,4000,0,delta_coverage_error_90,0.0747,,,,,
P3_ngboost_normal__vs__P5_quantile_regression__fold_2,P3_ngboost_normal,P5_quantile_regression,probabilistic,fold_2,2020,COMPLETED,4000,0,delta_interval_width_90,85.78,86.2314,85.03,86.5286,0.0025,0.9975
P4_ngboost_student_t__vs__P5_quantile_regression__fold_2,P4_ngboost_student_t,P5_quantile_regression,probabilistic,fold_2,2020,COMPLETED,4000,0,delta_crps,-0.3414,-0.1956,-0.41,-0.2696,0.57,0.43
P4_ngboost_student_t__vs__P5_quantile_regression__fold_2,P4_ngboost_student_t,P5_quantile_regression,probabilistic,fold_2,2020,COMPLETED,4000,0,delta_coverage_error_80,0.0922,,,,,
P4_ngboost_student_t__vs__P5_quantile_regression__fold_2,P4_ngboost_student_t,P5_quantile_regression,probabilistic,fold_2,2020,COMPLETED,4000,0,delta_interval_width_80,-3.0153,0.4731,-3.451,-2.5814,0.4815,0.5185
P4_ngboost_student_t__vs__P5_quantile_regression__fold_2,P4_ngboost_student_t,P5_quantile_regression,probabilistic,fold_2,2020,COMPLETED,4000,0,delta_coverage_error_90,0.0372,,,,,
P4_ngboost_student_t__vs__P5_quantile_regression__fold_2,P4_ngboost_student_t,P5_quantile_regression,probabilistic,fold_2,2020,COMPLETED,4000,0,delta_interval_width_90,-13.4932,-10.1333,-14.114,-12.8842,0.7043,0.2958
P1_empirical__vs__P2_xgb_gaussian_oof__fold_3,P1_empirical,P2_xgb_gaussian_oof,probabilistic,fold_3,2021,COMPLETED,4000,0,delta_crps,-4.2984,-5.9327,-4.4284,-4.1627,0.8678,0.1323
P1_empirical__vs__P2_xgb_gaussian_oof__fold_3,P1_empirical,P2_xgb_gaussian_oof,probabilistic,fold_3,2021,COMPLETED,4000,0,delta_coverage_error_80,-0.1458,,,,,
P1_empirical__vs__P2_xgb_gaussian_oof__fold_3,P1_empirical,P2_xgb_gaussian_oof,probabilistic,fold_3,2021,COMPLETED,4000,0,delta_interval_width_80,-78.2399,-81.2976,-78.6482,-77.7942,1.0,0.0
P1_empirical__vs__P2_xgb_gaussian_oof__fold_3,P1_empirical,P2_xgb_gaussian_oof,probabilistic,fold_3,2021,COMPLETED,4000,0,delta_coverage_error_90,-0.0693,,,,,
P1_empirical__vs__P2_xgb_gaussian_oof__fold_3,P1_empirical,P2_xgb_gaussian_oof,probabilistic,fold_3,2021,COMPLETED,4000,0,delta_interval_width_90,-84.5814,-92.1838,-85.3129,-83.839,0.9938,0.0063
P1_empirical__vs__P2_xgb_gaussian_oof__fold_3,P1_empirical,P2_xgb_gaussian_oof,probabilistic,fold_3,2021,COMPLETED,4000,0,delta_brier_delay_15,-0.0318,-0.0699,-0.0351,-0.0285,0.8722,0.1278
P1_empirical__vs__P3_ngboost_normal__fold_3,P1_empirical,P3_ngboost_normal,probabilistic,fold_3,2021,COMPLETED,4000,0,delta_crps,-3.373,-4.8346,-3.53,-3.2115,0.8293,0.1708
P1_empirical__vs__P3_ngboost_normal__fold_3,P1_empirical,P3_ngboost_normal,probabilistic,fold_3,2021,COMPLETED,4000,0,delta_coverage_error_80,-0.142,,,,,
P1_empirical__vs__P3_ngboost_normal__fold_3,P1_empirical,P3_ngboost_normal,probabilistic,fold_3,2021,COMPLETED,4000,0,delta_interval_width_80,-60.7996,-60.6651,-61.3494,-60.2233,0.9965,0.0035
P1_empirical__vs__P3_ngboost_normal__fold_3,P1_empirical,P3_ngboost_normal,probabilistic,fold_3,2021,COMPLETED,4000,0,delta_coverage_error_90,-0.066,,,,,
P1_empirical__vs__P3_ngboost_normal__fold_3,P1_empirical,P3_ngboost_normal,probabilistic,fold_3,2021,COMPLETED,4000,0,delta_interval_width_90,-62.197,-64.1459,-63.0626,-61.2449,0.9865,0.0135
P1_empirical__vs__P3_ngboost_normal__fold_3,P1_empirical,P3_ngboost_normal,probabilistic,fold_3,2021,COMPLETED,4000,0,delta_brier_delay_15,-0.0456,-0.0868,-0.0494,-0.0417,0.8812,0.1187
P1_empirical__vs__P4_ngboost_student_t__fold_3,P1_empirical,P4_ngboost_student_t,probabilistic,fold_3,2021,COMPLETED,4000,0,delta_crps,-0.2812,-0.0497,-0.3691,-0.1971,0.5155,0.4845
P1_empirical__vs__P4_ngboost_student_t__fold_3,P1_empirical,P4_ngboost_student_t,probabilistic,fold_3,2021,COMPLETED,4000,0,delta_coverage_error_80,-0.0112,,,,,
P1_empirical__vs__P4_ngboost_student_t__fold_3,P1_empirical,P4_ngboost_student_t,probabilistic,fold_3,2021,COMPLETED,4000,0,delta_interval_width_80,5.2096,1.7405,4.8058,5.6461,0.4713,0.5288
P1_empirical__vs__P4_ngboost_student_t__fold_3,P1_empirical,P4_ngboost_student_t,probabilistic,fold_3,2021,COMPLETED,4000,0,delta_coverage_error_90,-0.0065,,,,,
P1_empirical__vs__P4_ngboost_student_t__fold_3,P1_empirical,P4_ngboost_student_t,probabilistic,fold_3,2021,COMPLETED,4000,0,delta_interval_width_90,16.0424,9.0199,15.3305,16.7705,0.3172,0.6827
P1_empirical__vs__P4_ngboost_student_t__fold_3,P1_empirical,P4_ngboost_student_t,probabilistic,fold_3,2021,COMPLETED,4000,0,delta_brier_delay_15,-0.0042,0.0064,-0.006,-0.0025,0.184,0.816
P1_empirical__vs__P5_quantile_regression__fold_3,P1_empirical,P5_quantile_regression,probabilistic,fold_3,2021,COMPLETED,4000,0,delta_crps,-0.088,0.3204,-0.1763,-0.0019,0.4022,0.5978
P1_empirical__vs__P5_quantile_regression__fold_3,P1_empirical,P5_quantile_regression,probabilistic,fold_3,2021,COMPLETED,4000,0,delta_coverage_error_80,-0.0513,,,,,
P1_empirical__vs__P5_quantile_regression__fold_3,P1_empirical,P5_quantile_regression,probabilistic,fold_3,2021,COMPLETED,4000,0,delta_interval_width_80,10.7437,9.1359,10.3402,11.1627,0.1517,0.8482
P1_empirical__vs__P5_quantile_regression__fold_3,P1_empirical,P5_quantile_regression,probabilistic,fold_3,2021,COMPLETED,4000,0,delta_coverage_error_90,-0.0453,,,,,
P1_empirical__vs__P5_quantile_regression__fold_3,P1_empirical,P5_quantile_regression,probabilistic,fold_3,2021,COMPLETED,4000,0,delta_interval_width_90,20.4626,18.102,19.7707,21.2003,0.1515,0.8485
P2_xgb_gaussian_oof__vs__P3_ngboost_normal__fold_3,P2_xgb_gaussian_oof,P3_ngboost_normal,probabilistic,fold_3,2021,COMPLETED,4000,0,delta_crps,0.9254,0.8214,0.8456,1.0071,0.343,0.657
P2_xgb_gaussian_oof__vs__P3_ngboost_normal__fold_3,P2_xgb_gaussian_oof,P3_ngboost_normal,probabilistic,fold_3,2021,COMPLETED,4000,0,delta_coverage_error_80,0.0038,,,,,
P2_xgb_gaussian_oof__vs__P3_ngboost_normal__fold_3,P2_xgb_gaussian_oof,P3_ngboost_normal,probabilistic,fold_3,2021,COMPLETED,4000,0,delta_interval_width_80,17.4403,22.2347,16.9404,17.9413,0.1105,0.8895
P2_xgb_gaussian_oof__vs__P3_ngboost_normal__fold_3,P2_xgb_gaussian_oof,P3_ngboost_normal,probabilistic,fold_3,2021,COMPLETED,4000,0,delta_coverage_error_90,0.0032,,,,,
P2_xgb_gaussian_oof__vs__P3_ngboost_normal__fold_3,P2_xgb_gaussian_oof,P3_ngboost_normal,probabilistic,fold_3,2021,COMPLETED,4000,0,delta_interval_width_90,22.3844,28.5379,21.7428,23.0274,0.1105,0.8895
P2_xgb_gaussian_oof__vs__P3_ngboost_normal__fold_3,P2_xgb_gaussian_oof,P3_ngboost_normal,probabilistic,fold_3,2021,COMPLETED,4000,0,delta_brier_delay_15,-0.0138,-0.0138,-0.0147,-0.0128,0.7622,0.2377
P2_xgb_gaussian_oof__vs__P4_ngboost_student_t__fold_3,P2_xgb_gaussian_oof,P4_ngboost_student_t,probabilistic,fold_3,2021,COMPLETED,4000,0,delta_crps,4.0172,6.211,3.8504,4.1778,0.1353,0.8648
P2_xgb_gaussian_oof__vs__P4_ngboost_student_t__fold_3,P2_xgb_gaussian_oof,P4_ngboost_student_t,probabilistic,fold_3,2021,COMPLETED,4000,0,delta_coverage_error_80,0.1345,,,,,
P2_xgb_gaussian_oof__vs__P4_ngboost_student_t__fold_3,P2_xgb_gaussian_oof,P4_ngboost_student_t,probabilistic,fold_3,2021,COMPLETED,4000,0,delta_interval_width_80,83.4495,83.5145,83.4292,83.47,0.0,1.0
P2_xgb_gaussian_oof__vs__P4_ngboost_student_t__fold_3,P2_xgb_gaussian_oof,P4_ngboost_student_t,probabilistic,fold_3,2021,COMPLETED,4000,0,delta_coverage_error_90,0.0627,,,,,
P2_xgb_gaussian_oof__vs__P4_ngboost_student_t__fold_3,P2_xgb_gaussian_oof,P4_ngboost_student_t,probabilistic,fold_3,2021,COMPLETED,4000,0,delta_interval_width_90,100.6238,100.8625,100.5843,100.6623,0.0,1.0
P2_xgb_gaussian_oof__vs__P4_ngboost_student_t__fold_3,P2_xgb_gaussian_oof,P4_ngboost_student_t,probabilistic,fold_3,2021,COMPLETED,4000,0,delta_brier_delay_15,0.0276,0.0804,0.023,0.0322,0.1185,0.8815
P2_xgb_gaussian_oof__vs__P5_quantile_regression__fold_3,P2_xgb_gaussian_oof,P5_quantile_regression,probabilistic,fold_3,2021,COMPLETED,4000,0,delta_crps,4.2104,6.4457,4.0405,4.3765,0.1452,0.8548
P2_xgb_gaussian_oof__vs__P5_quantile_regression__fold_3,P2_xgb_gaussian_oof,P5_quantile_regression,probabilistic,fold_3,2021,COMPLETED,4000,0,delta_coverage_error_80,0.0945,,,,,
P2_xgb_gaussian_oof__vs__P5_quantile_regression__fold_3,P2_xgb_gaussian_oof,P5_quantile_regression,probabilistic,fold_3,2021,COMPLETED,4000,0,delta_interval_width_80,88.9836,90.5059,88.7352,89.246,0.0,1.0
P2_xgb_gaussian_oof__vs__P5_quantile_regression__fold_3,P2_xgb_gaussian_oof,P5_quantile_regression,probabilistic,fold_3,2021,COMPLETED,4000,0,delta_coverage_error_90,0.024,,,,,
P2_xgb_gaussian_oof__vs__P5_quantile_regression__fold_3,P2_xgb_gaussian_oof,P5_quantile_regression,probabilistic,fold_3,2021,COMPLETED,4000,0,delta_interval_width_90,105.0439,107.0991,104.6621,105.4239,0.0,1.0
P3_ngboost_normal__vs__P4_ngboost_student_t__fold_3,P3_ngboost_normal,P4_ngboost_student_t,probabilistic,fold_3,2021,COMPLETED,4000,0,delta_crps,3.0918,5.3162,2.8957,3.2926,0.1578,0.8423
P3_ngboost_normal__vs__P4_ngboost_student_t__fold_3,P3_ngboost_normal,P4_ngboost_student_t,probabilistic,fold_3,2021,COMPLETED,4000,0,delta_coverage_error_80,0.1308,,,,,
P3_ngboost_normal__vs__P4_ngboost_student_t__fold_3,P3_ngboost_normal,P4_ngboost_student_t,probabilistic,fold_3,2021,COMPLETED,4000,0,delta_interval_width_80,66.0092,61.0614,65.5088,66.5033,0.0,1.0
P3_ngboost_normal__vs__P4_ngboost_student_t__fold_3,P3_ngboost_normal,P4_ngboost_student_t,probabilistic,fold_3,2021,COMPLETED,4000,0,delta_coverage_error_90,0.0595,,,,,
P3_ngboost_normal__vs__P4_ngboost_student_t__fold_3,P3_ngboost_normal,P4_ngboost_student_t,probabilistic,fold_3,2021,COMPLETED,4000,0,delta_interval_width_90,78.2394,72.0794,77.5958,78.8673,0.0,1.0
P3_ngboost_normal__vs__P4_ngboost_student_t__fold_3,P3_ngboost_normal,P4_ngboost_student_t,probabilistic,fold_3,2021,COMPLETED,4000,0,delta_brier_delay_15,0.0414,0.0953,0.0362,0.0466,0.1185,0.8815
P3_ngboost_normal__vs__P5_quantile_regression__fold_3,P3_ngboost_normal,P5_quantile_regression,probabilistic,fold_3,2021,COMPLETED,4000,0,delta_crps,3.285,5.4378,3.0852,3.4923,0.1737,0.8263
P3_ngboost_normal__vs__P5_quantile_regression__fold_3,P3_ngboost_normal,P5_quantile_regression,probabilistic,fold_3,2021,COMPLETED,4000,0,delta_coverage_error_80,0.0907,,,,,
P3_ngboost_normal__vs__P5_quantile_regression__fold_3,P3_ngboost_normal,P5_quantile_regression,probabilistic,fold_3,2021,COMPLETED,4000,0,delta_interval_width_80,71.5433,68.5502,71.0626,72.0376,0.0,1.0
P3_ngboost_normal__vs__P5_quantile_regression__fold_3,P3_ngboost_normal,P5_quantile_regression,probabilistic,fold_3,2021,COMPLETED,4000,0,delta_coverage_error_90,0.0208,,,,,
P3_ngboost_normal__vs__P5_quantile_regression__fold_3,P3_ngboost_normal,P5_quantile_regression,probabilistic,fold_3,2021,COMPLETED,4000,0,delta_interval_width_90,82.6595,79.8733,82.0591,83.2332,0.0,1.0
P4_ngboost_student_t__vs__P5_quantile_regression__fold_3,P4_ngboost_student_t,P5_quantile_regression,probabilistic,fold_3,2021,COMPLETED,4000,0,delta_crps,0.1932,0.2989,0.1535,0.2353,0.397,0.603
P4_ngboost_student_t__vs__P5_quantile_regression__fold_3,P4_ngboost_student_t,P5_quantile_regression,probabilistic,fold_3,2021,COMPLETED,4000,0,delta_coverage_error_80,-0.04,,,,,
P4_ngboost_student_t__vs__P5_quantile_regression__fold_3,P4_ngboost_student_t,P5_quantile_regression,probabilistic,fold_3,2021,COMPLETED,4000,0,delta_interval_width_80,5.5341,7.0488,5.2937,5.7881,0.1832,0.8167
P4_ngboost_student_t__vs__P5_quantile_regression__fold_3,P4_ngboost_student_t,P5_quantile_regression,probabilistic,fold_3,2021,COMPLETED,4000,0,delta_coverage_error_90,-0.0387,,,,,
P4_ngboost_student_t__vs__P5_quantile_regression__fold_3,P4_ngboost_student_t,P5_quantile_regression,probabilistic,fold_3,2021,COMPLETED,4000,0,delta_interval_width_90,4.4202,6.4561,4.0593,4.7898,0.296,0.704
P1_empirical__vs__P2_xgb_gaussian_oof__fold_4,P1_empirical,P2_xgb_gaussian_oof,probabilistic,fold_4,2022,COMPLETED,4000,0,delta_crps,-3.6874,-5.493,-3.8409,-3.5324,0.839,0.161
P1_empirical__vs__P2_xgb_gaussian_oof__fold_4,P1_empirical,P2_xgb_gaussian_oof,probabilistic,fold_4,2022,COMPLETED,4000,0,delta_coverage_error_80,-0.115,,,,,
P1_empirical__vs__P2_xgb_gaussian_oof__fold_4,P1_empirical,P2_xgb_gaussian_oof,probabilistic,fold_4,2022,COMPLETED,4000,0,delta_interval_width_80,-76.3484,-80.9273,-76.786,-75.8891,0.9995,0.0005
P1_empirical__vs__P2_xgb_gaussian_oof__fold_4,P1_empirical,P2_xgb_gaussian_oof,probabilistic,fold_4,2022,COMPLETED,4000,0,delta_coverage_error_90,-0.035,,,,,
P1_empirical__vs__P2_xgb_gaussian_oof__fold_4,P1_empirical,P2_xgb_gaussian_oof,probabilistic,fold_4,2022,COMPLETED,4000,0,delta_interval_width_90,-80.5691,-88.9848,-81.3058,-79.8634,0.9982,0.0018
P1_empirical__vs__P2_xgb_gaussian_oof__fold_4,P1_empirical,P2_xgb_gaussian_oof,probabilistic,fold_4,2022,COMPLETED,4000,0,delta_brier_delay_15,-0.0191,-0.0691,-0.0229,-0.0151,0.84,0.16
P1_empirical__vs__P3_ngboost_normal__fold_4,P1_empirical,P3_ngboost_normal,probabilistic,fold_4,2022,COMPLETED,4000,0,delta_crps,-2.9555,-5.242,-3.1662,-2.7394,0.797,0.203
P1_empirical__vs__P3_ngboost_normal__fold_4,P1_empirical,P3_ngboost_normal,probabilistic,fold_4,2022,COMPLETED,4000,0,delta_coverage_error_80,-0.1192,,,,,
P1_empirical__vs__P3_ngboost_normal__fold_4,P1_empirical,P3_ngboost_normal,probabilistic,fold_4,2022,COMPLETED,4000,0,delta_interval_width_80,-68.3946,-69.4862,-68.894,-67.8794,0.9995,0.0005
P1_empirical__vs__P3_ngboost_normal__fold_4,P1_empirical,P3_ngboost_normal,probabilistic,fold_4,2022,COMPLETED,4000,0,delta_coverage_error_90,-0.038,,,,,
P1_empirical__vs__P3_ngboost_normal__fold_4,P1_empirical,P3_ngboost_normal,probabilistic,fold_4,2022,COMPLETED,4000,0,delta_interval_width_90,-70.3606,-72.4233,-71.1807,-69.5636,0.9965,0.0035
P1_empirical__vs__P3_ngboost_normal__fold_4,P1_empirical,P3_ngboost_normal,probabilistic,fold_4,2022,COMPLETED,4000,0,delta_brier_delay_15,-0.0378,-0.1055,-0.0429,-0.0325,0.8407,0.1593
P1_empirical__vs__P4_ngboost_student_t__fold_4,P1_empirical,P4_ngboost_student_t,probabilistic,fold_4,2022,COMPLETED,4000,0,delta_crps,-0.5583,-0.0318,-0.6684,-0.4593,0.5165,0.4835
P1_empirical__vs__P4_ngboost_student_t__fold_4,P1_empirical,P4_ngboost_student_t,probabilistic,fold_4,2022,COMPLETED,4000,0,delta_coverage_error_80,0.0003,,,,,
P1_empirical__vs__P4_ngboost_student_t__fold_4,P1_empirical,P4_ngboost_student_t,probabilistic,fold_4,2022,COMPLETED,4000,0,delta_interval_width_80,4.4989,0.2253,4.0656,4.9517,0.4808,0.5192
P1_empirical__vs__P4_ngboost_student_t__fold_4,P1_empirical,P4_ngboost_student_t,probabilistic,fold_4,2022,COMPLETED,4000,0,delta_coverage_error_90,-0.028,,,,,
P1_empirical__vs__P4_ngboost_student_t__fold_4,P1_empirical,P4_ngboost_student_t,probabilistic,fold_4,2022,COMPLETED,4000,0,delta_interval_width_90,16.4019,9.3985,15.6829,17.0961,0.2973,0.7027
P1_empirical__vs__P4_ngboost_student_t__fold_4,P1_empirical,P4_ngboost_student_t,probabilistic,fold_4,2022,COMPLETED,4000,0,delta_brier_delay_15,-0.0104,0.0053,-0.0127,-0.0082,0.2527,0.7472
P1_empirical__vs__P5_quantile_regression__fold_4,P1_empirical,P5_quantile_regression,probabilistic,fold_4,2022,COMPLETED,4000,0,delta_crps,-0.0691,0.0921,-0.1371,-0.0008,0.4698,0.5302
P1_empirical__vs__P5_quantile_regression__fold_4,P1_empirical,P5_quantile_regression,probabilistic,fold_4,2022,COMPLETED,4000,0,delta_coverage_error_80,-0.033,,,,,
P1_empirical__vs__P5_quantile_regression__fold_4,P1_empirical,P5_quantile_regression,probabilistic,fold_4,2022,COMPLETED,4000,0,delta_interval_width_80,4.5317,3.4626,4.1888,4.8929,0.3187,0.6813
P1_empirical__vs__P5_quantile_regression__fold_4,P1_empirical,P5_quantile_regression,probabilistic,fold_4,2022,COMPLETED,4000,0,delta_coverage_error_90,-0.0195,,,,,
P1_empirical__vs__P5_quantile_regression__fold_4,P1_empirical,P5_quantile_regression,probabilistic,fold_4,2022,COMPLETED,4000,0,delta_interval_width_90,10.9329,7.5534,10.3102,11.5588,0.3005,0.6995
P2_xgb_gaussian_oof__vs__P3_ngboost_normal__fold_4,P2_xgb_gaussian_oof,P3_ngboost_normal,probabilistic,fold_4,2022,COMPLETED,4000,0,delta_crps,0.732,-0.1815,0.6389,0.825,0.5128,0.4873
P2_xgb_gaussian_oof__vs__P3_ngboost_normal__fold_4,P2_xgb_gaussian_oof,P3_ngboost_normal,probabilistic,fold_4,2022,COMPLETED,4000,0,delta_coverage_error_80,-0.0042,,,,,
P2_xgb_gaussian_oof__vs__P3_ngboost_normal__fold_4,P2_xgb_gaussian_oof,P3_ngboost_normal,probabilistic,fold_4,2022,COMPLETED,4000,0,delta_interval_width_80,7.9538,10.1541,7.635,8.2744,0.1638,0.8363
P2_xgb_gaussian_oof__vs__P3_ngboost_normal__fold_4,P2_xgb_gaussian_oof,P3_ngboost_normal,probabilistic,fold_4,2022,COMPLETED,4000,0,delta_coverage_error_90,-0.003,,,,,
P2_xgb_gaussian_oof__vs__P3_ngboost_normal__fold_4,P2_xgb_gaussian_oof,P3_ngboost_normal,probabilistic,fold_4,2022,COMPLETED,4000,0,delta_interval_width_90,10.2085,13.0327,9.7994,10.6201,0.1638,0.8363
P2_xgb_gaussian_oof__vs__P3_ngboost_normal__fold_4,P2_xgb_gaussian_oof,P3_ngboost_normal,probabilistic,fold_4,2022,COMPLETED,4000,0,delta_brier_delay_15,-0.0187,-0.0333,-0.0201,-0.0172,0.837,0.163
P2_xgb_gaussian_oof__vs__P4_ngboost_student_t__fold_4,P2_xgb_gaussian_oof,P4_ngboost_student_t,probabilistic,fold_4,2022,COMPLETED,4000,0,delta_crps,3.1291,5.9615,2.9181,3.3217,0.1727,0.8273
P2_xgb_gaussian_oof__vs__P4_ngboost_student_t__fold_4,P2_xgb_gaussian_oof,P4_ngboost_student_t,probabilistic,fold_4,2022,COMPLETED,4000,0,delta_coverage_error_80,0.1152,,,,,
P2_xgb_gaussian_oof__vs__P4_ngboost_student_t__fold_4,P2_xgb_gaussian_oof,P4_ngboost_student_t,probabilistic,fold_4,2022,COMPLETED,4000,0,delta_interval_width_80,80.8472,80.9342,80.8278,80.8675,0.0,1.0
P2_xgb_gaussian_oof__vs__P4_ngboost_student_t__fold_4,P2_xgb_gaussian_oof,P4_ngboost_student_t,probabilistic,fold_4,2022,COMPLETED,4000,0,delta_coverage_error_90,0.007,,,,,
P2_xgb_gaussian_oof__vs__P4_ngboost_student_t__fold_4,P2_xgb_gaussian_oof,P4_ngboost_student_t,probabilistic,fold_4,2022,COMPLETED,4000,0,delta_interval_width_90,96.971,97.1044,96.9386,97.0053,0.0,1.0
P2_xgb_gaussian_oof__vs__P4_ngboost_student_t__fold_4,P2_xgb_gaussian_oof,P4_ngboost_student_t,probabilistic,fold_4,2022,COMPLETED,4000,0,delta_brier_delay_15,0.0087,0.0788,0.003,0.014,0.1593,0.8407
P2_xgb_gaussian_oof__vs__P5_quantile_regression__fold_4,P2_xgb_gaussian_oof,P5_quantile_regression,probabilistic,fold_4,2022,COMPLETED,4000,0,delta_crps,3.6184,5.8064,3.4531,3.7751,0.1675,0.8325
P2_xgb_gaussian_oof__vs__P5_quantile_regression__fold_4,P2_xgb_gaussian_oof,P5_quantile_regression,probabilistic,fold_4,2022,COMPLETED,4000,0,delta_coverage_error_80,0.082,,,,,
P2_xgb_gaussian_oof__vs__P5_quantile_regression__fold_4,P2_xgb_gaussian_oof,P5_quantile_regression,probabilistic,fold_4,2022,COMPLETED,4000,0,delta_interval_width_80,80.8801,82.7364,80.5612,81.2121,0.0,1.0
P2_xgb_gaussian_oof__vs__P5_quantile_regression__fold_4,P2_xgb_gaussian_oof,P5_quantile_regression,probabilistic,fold_4,2022,COMPLETED,4000,0,delta_coverage_error_90,0.0155,,,,,
P2_xgb_gaussian_oof__vs__P5_quantile_regression__fold_4,P2_xgb_gaussian_oof,P5_quantile_regression,probabilistic,fold_4,2022,COMPLETED,4000,0,delta_interval_width_90,91.502,93.677,91.0499,91.9586,0.0,1.0
P3_ngboost_normal__vs__P4_ngboost_student_t__fold_4,P3_ngboost_normal,P4_ngboost_student_t,probabilistic,fold_4,2022,COMPLETED,4000,0,delta_crps,2.3972,5.8282,2.1118,2.6579,0.2013,0.7987
P3_ngboost_normal__vs__P4_ngboost_student_t__fold_4,P3_ngboost_normal,P4_ngboost_student_t,probabilistic,fold_4,2022,COMPLETED,4000,0,delta_coverage_error_80,0.1195,,,,,
P3_ngboost_normal__vs__P4_ngboost_student_t__fold_4,P3_ngboost_normal,P4_ngboost_student_t,probabilistic,fold_4,2022,COMPLETED,4000,0,delta_interval_width_80,72.8935,70.6982,72.5689,73.2183,0.0,1.0
P3_ngboost_normal__vs__P4_ngboost_student_t__fold_4,P3_ngboost_normal,P4_ngboost_student_t,probabilistic,fold_4,2022,COMPLETED,4000,0,delta_coverage_error_90,0.01,,,,,
P3_ngboost_normal__vs__P4_ngboost_student_t__fold_4,P3_ngboost_normal,P4_ngboost_student_t,probabilistic,fold_4,2022,COMPLETED,4000,0,delta_interval_width_90,86.7625,84.0249,86.3464,87.1801,0.0,1.0
P3_ngboost_normal__vs__P4_ngboost_student_t__fold_4,P3_ngboost_normal,P4_ngboost_student_t,probabilistic,fold_4,2022,COMPLETED,4000,0,delta_brier_delay_15,0.0274,0.1156,0.0202,0.0338,0.1593,0.8407
P3_ngboost_normal__vs__P5_quantile_regression__fold_4,P3_ngboost_normal,P5_quantile_regression,probabilistic,fold_4,2022,COMPLETED,4000,0,delta_crps,2.8864,5.584,2.6462,3.1143,0.2052,0.7947
P3_ngboost_normal__vs__P5_quantile_regression__fold_4,P3_ngboost_normal,P5_quantile_regression,probabilistic,fold_4,2022,COMPLETED,4000,0,delta_coverage_error_80,0.0862,,,,,
P3_ngboost_normal__vs__P5_quantile_regression__fold_4,P3_ngboost_normal,P5_quantile_regression,probabilistic,fold_4,2022,COMPLETED,4000,0,delta_interval_width_80,72.9263,72.8493,72.4953,73.3841,0.0,1.0
P3_ngboost_normal__vs__P5_quantile_regression__fold_4,P3_ngboost_normal,P5_quantile_regression,probabilistic,fold_4,2022,COMPLETED,4000,0,delta_coverage_error_90,0.0185,,,,,
P3_ngboost_normal__vs__P5_quantile_regression__fold_4,P3_ngboost_normal,P5_quantile_regression,probabilistic,fold_4,2022,COMPLETED,4000,0,delta_interval_width_90,81.2934,80.7674,80.729,81.8486,0.0,1.0
P4_ngboost_student_t__vs__P5_quantile_regression__fold_4,P4_ngboost_student_t,P5_quantile_regression,probabilistic,fold_4,2022,COMPLETED,4000,0,delta_crps,0.4892,0.1701,0.4157,0.5718,0.4417,0.5583
P4_ngboost_student_t__vs__P5_quantile_regression__fold_4,P4_ngboost_student_t,P5_quantile_regression,probabilistic,fold_4,2022,COMPLETED,4000,0,delta_coverage_error_80,-0.0333,,,,,
P4_ngboost_student_t__vs__P5_quantile_regression__fold_4,P4_ngboost_student_t,P5_quantile_regression,probabilistic,fold_4,2022,COMPLETED,4000,0,delta_interval_width_80,0.0328,1.9923,-0.2718,0.3475,0.4165,0.5835
P4_ngboost_student_t__vs__P5_quantile_regression__fold_4,P4_ngboost_student_t,P5_quantile_regression,probabilistic,fold_4,2022,COMPLETED,4000,0,delta_coverage_error_90,0.0085,,,,,
P4_ngboost_student_t__vs__P5_quantile_regression__fold_4,P4_ngboost_student_t,P5_quantile_regression,probabilistic,fold_4,2022,COMPLETED,4000,0,delta_interval_width_90,-5.469,-3.3952,-5.8963,-5.0335,0.6138,0.3862
