model_id,n_requested,n_actual,n_success,n_failed,mean_objective,median_objective,std_objective,variance_objective,mc_se_objective,ci_95_lower,ci_95_upper,delta_from_previous_n,rel_change_from_previous_n
P4_ngboost_student_t,100,100,100,0,4151.4,4220.0,125.2555,15688.9293,12.5255,4126.8499,4175.9501,,
P4_ngboost_student_t,250,250,250,0,4140.12,4220.0,126.5403,16012.4353,8.0031,4124.4339,4155.8061,-11.28,0.002717
P4_ngboost_student_t,500,500,500,0,4138.76,4220.0,135.9376,18479.0204,6.0793,4126.8445,4150.6755,-1.36,0.000328
P4_ngboost_student_t,1000,1000,1000,0,4137.31,4220.0,133.4664,17813.2772,4.2206,4129.0377,4145.5823,-1.45,0.00035
P4_ngboost_student_t,2500,2500,2500,0,4137.668,4220.0,134.9903,18222.3707,2.6998,4132.3764,4142.9596,0.358,8.7e-05
schedule_only,100,100,100,0,4200.0,4200.0,0.0,0.0,0.0,4200.0,4200.0,,
schedule_only,250,250,250,0,4200.0,4200.0,0.0,0.0,0.0,4200.0,4200.0,0.0,0.0
schedule_only,500,500,500,0,4200.0,4200.0,0.0,0.0,0.0,4200.0,4200.0,0.0,0.0
schedule_only,1000,1000,1000,0,4200.0,4200.0,0.0,0.0,0.0,4200.0,4200.0,0.0,0.0
schedule_only,2500,2500,2500,0,4200.0,4200.0,0.0,0.0,0.0,4200.0,4200.0,0.0,0.0
arrival_linear_baseline_v1,100,100,100,0,3365.9,3420.0,368.6588,135909.2828,36.8659,3293.6429,3438.1571,,
arrival_linear_baseline_v1,250,250,250,0,3324.76,3410.0,380.0773,144458.7775,24.0382,3277.6451,3371.8749,-41.14,0.012223
arrival_linear_baseline_v1,500,500,500,0,3336.88,3410.0,365.5477,133625.1158,16.3478,3304.8383,3368.9217,12.12,0.003645
arrival_linear_baseline_v1,1000,1000,1000,0,3331.45,3400.0,350.9994,123200.5981,11.0996,3309.6948,3353.2052,-5.43,0.001627
arrival_linear_baseline_v1,2500,2500,2500,0,3329.072,3400.0,347.1243,120495.2569,6.9425,3315.4647,3342.6793,-2.378,0.000714
oracle_actual,100,100,100,0,4220.0,4220.0,0.0,0.0,0.0,4220.0,4220.0,,
oracle_actual,250,250,250,0,4220.0,4220.0,0.0,0.0,0.0,4220.0,4220.0,0.0,0.0
oracle_actual,500,500,500,0,4220.0,4220.0,0.0,0.0,0.0,4220.0,4220.0,0.0,0.0
oracle_actual,1000,1000,1000,0,4220.0,4220.0,0.0,0.0,0.0,4220.0,4220.0,0.0,0.0
oracle_actual,2500,2500,2500,0,4220.0,4220.0,0.0,0.0,0.0,4220.0,4220.0,0.0,0.0
