solver_name,model_a,model_b,delta_objective,delta_reassignments,delta_remote,delta_unassigned,delta_conflicts
DeterministicGreedy,schedule_only,arrival_linear_baseline_v1,-10.0,-1,0,0,0
DeterministicGreedy,schedule_only,P4_ngboost_student_t,0.0,0,0,0,0
DeterministicGreedy,schedule_only,oracle_actual,-20.0,-2,0,0,0
DeterministicGreedy,arrival_linear_baseline_v1,P4_ngboost_student_t,10.0,1,0,0,0
DeterministicGreedy,arrival_linear_baseline_v1,oracle_actual,-10.0,-1,0,0,0
DeterministicGreedy,P4_ngboost_student_t,oracle_actual,-20.0,-2,0,0,0
CPSat,schedule_only,arrival_linear_baseline_v1,0.0,0,0,0,0
CPSat,schedule_only,P4_ngboost_student_t,0.0,0,0,0,0
CPSat,schedule_only,oracle_actual,0.0,0,0,0,0
CPSat,arrival_linear_baseline_v1,P4_ngboost_student_t,0.0,0,0,0,0
CPSat,arrival_linear_baseline_v1,oracle_actual,0.0,0,0,0,0
CPSat,P4_ngboost_student_t,oracle_actual,0.0,0,0,0,0
SimulatedAnnealing,schedule_only,arrival_linear_baseline_v1,0.0,0,0,0,0
SimulatedAnnealing,schedule_only,P4_ngboost_student_t,0.0,0,0,0,0
SimulatedAnnealing,schedule_only,oracle_actual,0.0,0,0,0,0
SimulatedAnnealing,arrival_linear_baseline_v1,P4_ngboost_student_t,0.0,0,0,0,0
SimulatedAnnealing,arrival_linear_baseline_v1,oracle_actual,0.0,0,0,0,0
SimulatedAnnealing,P4_ngboost_student_t,oracle_actual,0.0,0,0,0,0
HybridCPSatSA,schedule_only,arrival_linear_baseline_v1,0.0,0,0,0,0
HybridCPSatSA,schedule_only,P4_ngboost_student_t,0.0,0,0,0,0
HybridCPSatSA,schedule_only,oracle_actual,0.0,0,0,0,0
HybridCPSatSA,arrival_linear_baseline_v1,P4_ngboost_student_t,0.0,0,0,0,0
HybridCPSatSA,arrival_linear_baseline_v1,oracle_actual,0.0,0,0,0,0
HybridCPSatSA,P4_ngboost_student_t,oracle_actual,0.0,0,0,0,0
