experiment_id,candidate_id,fold_id,validation_year,status,correctness_status,runtime_seconds,memory_mb,crps,nll,brier_score_delay_ge_15,mean_pinball_loss,cov_50,cov_80,cov_90,cov_95,width_50,width_80,width_90,width_95,ece,ks_stat,oof_artifact
core_probabilistic_stability_seed_202602,P1_empirical,fold_1,2019,COMPLETED,PASSED,0.564,0.0,13.2051,NOT_AVAILABLE,0.11699,5.2897,0.5102,0.7925,0.8918,0.9383,19.09,47.59,80.62,129.33,0.0054,0.0153,artifacts\probabilistic_benchmark\core_probabilistic_stability_seed_202602\oof\P1_empirical_fold_1.parquet
core_probabilistic_stability_seed_202602,P2_xgb_gaussian_oof,fold_1,2019,COMPLETED,PASSED,0.905,8.41,17.8286,5.1543,0.15405,7.1239,0.9022,0.9523,0.966,0.9755,65.73,124.89,160.29,191.0,0.1888,0.2954,artifacts\probabilistic_benchmark\core_probabilistic_stability_seed_202602\oof\P2_xgb_gaussian_oof_fold_1.parquet
core_probabilistic_stability_seed_202602,P3_ngboost_normal,fold_1,2019,COMPLETED,PASSED,1.318,0.0,17.6977,5.1153,0.17925,6.9595,0.8862,0.9577,0.969,0.9758,62.81,119.34,153.18,182.52,0.2486,0.2682,artifacts\probabilistic_benchmark\core_probabilistic_stability_seed_202602\oof\P3_ngboost_normal_fold_1.parquet
core_probabilistic_stability_seed_202602,P4_ngboost_student_t,fold_1,2019,COMPLETED,PASSED,11.337,0.0,13.4367,4.3995,0.1223,5.6361,0.5288,0.8193,0.8905,0.9193,18.56,40.58,59.51,82.4,0.0593,0.0751,artifacts\probabilistic_benchmark\core_probabilistic_stability_seed_202602\oof\P4_ngboost_student_t_fold_1.parquet
core_probabilistic_stability_seed_202602,P5_quantile_regression,fold_1,2019,COMPLETED,PASSED,0.85,2.34,13.1654,NOT_AVAILABLE,NOT_AVAILABLE,5.2695,0.4693,0.7548,0.8622,0.9287,18.93,43.13,68.54,109.37,,,artifacts\probabilistic_benchmark\core_probabilistic_stability_seed_202602\oof\P5_quantile_regression_fold_1.parquet
core_probabilistic_stability_seed_202602,P1_empirical,fold_2,2020,COMPLETED,PASSED,0.588,2.6,10.1428,NOT_AVAILABLE,0.06838,4.1652,0.5585,0.8255,0.905,0.9443,19.22,47.26,79.33,124.03,0.0819,0.095,artifacts\probabilistic_benchmark\core_probabilistic_stability_seed_202602\oof\P1_empirical_fold_2.parquet
core_probabilistic_stability_seed_202602,P2_xgb_gaussian_oof,fold_2,2020,COMPLETED,PASSED,1.147,0.0,15.5207,5.0243,0.12778,6.3317,0.9537,0.9758,0.9818,0.9855,67.2,127.68,163.87,195.26,0.2624,0.2907,artifacts\probabilistic_benchmark\core_probabilistic_stability_seed_202602\oof\P2_xgb_gaussian_oof_fold_2.parquet
core_probabilistic_stability_seed_202602,P3_ngboost_normal,fold_2,2020,COMPLETED,PASSED,1.927,0.93,15.9678,4.9931,0.16664,6.3466,0.9363,0.9805,0.9842,0.9868,65.14,123.76,158.85,189.28,0.3295,0.3533,artifacts\probabilistic_benchmark\core_probabilistic_stability_seed_202602\oof\P3_ngboost_normal_fold_2.parquet
core_probabilistic_stability_seed_202602,P4_ngboost_student_t,fold_2,2020,COMPLETED,PASSED,15.784,0.0,9.6119,4.1137,0.05839,3.9673,0.5925,0.894,0.9477,0.9653,18.58,40.64,59.65,82.67,0.0168,0.1157,artifacts\probabilistic_benchmark\core_probabilistic_stability_seed_202602\oof\P4_ngboost_student_t_fold_2.parquet
core_probabilistic_stability_seed_202602,P5_quantile_regression,fold_2,2020,COMPLETED,PASSED,1.045,2.7,9.9542,NOT_AVAILABLE,NOT_AVAILABLE,4.0585,0.529,0.801,0.8905,0.9357,19.1,43.65,73.07,115.0,,,artifacts\probabilistic_benchmark\core_probabilistic_stability_seed_202602\oof\P5_quantile_regression_fold_2.parquet
core_probabilistic_stability_seed_202602,P1_empirical,fold_3,2021,COMPLETED,PASSED,0.653,0.0,12.4912,NOT_AVAILABLE,0.10302,5.097,0.534,0.8115,0.9002,0.9497,17.52,43.06,71.1,116.7,0.004,0.0189,artifacts\probabilistic_benchmark\core_probabilistic_stability_seed_202602\oof\P1_empirical_fold_3.parquet
core_probabilistic_stability_seed_202602,P2_xgb_gaussian_oof,fold_3,2021,COMPLETED,PASSED,1.386,0.0,17.446,5.2371,0.13483,7.0589,0.9083,0.9573,0.9695,0.977,63.81,121.24,155.6,185.41,0.176,0.3219,artifacts\probabilistic_benchmark\core_probabilistic_stability_seed_202602\oof\P2_xgb_gaussian_oof_fold_3.parquet
core_probabilistic_stability_seed_202602,P3_ngboost_normal,fold_3,2021,COMPLETED,PASSED,2.433,0.0,16.3307,5.2743,0.14864,6.5571,0.8868,0.9535,0.9663,0.9745,54.66,103.86,133.3,158.84,0.2074,0.2418,artifacts\probabilistic_benchmark\core_probabilistic_stability_seed_202602\oof\P3_ngboost_normal_fold_3.parquet
core_probabilistic_stability_seed_202602,P4_ngboost_student_t,fold_3,2021,COMPLETED,PASSED,21.645,0.0,12.7734,4.3163,0.1073,5.4079,0.5347,0.8233,0.893,0.926,17.43,37.74,54.82,75.05,0.0543,0.0678,artifacts\probabilistic_benchmark\core_probabilistic_stability_seed_202602\oof\P4_ngboost_student_t_fold_3.parquet
core_probabilistic_stability_seed_202602,P5_quantile_regression,fold_3,2021,COMPLETED,PASSED,1.12,2.12,12.5792,NOT_AVAILABLE,NOT_AVAILABLE,5.1709,0.4587,0.7372,0.8545,0.922,14.4,32.31,50.64,79.27,,,artifacts\probabilistic_benchmark\core_probabilistic_stability_seed_202602\oof\P5_quantile_regression_fold_3.parquet
core_probabilistic_stability_seed_202602,P1_empirical,fold_4,2022,COMPLETED,PASSED,0.65,0.0,16.6575,NOT_AVAILABLE,0.13225,6.9311,0.488,0.7827,0.886,0.94,17.38,42.38,71.82,113.53,0.0392,0.0682,artifacts\probabilistic_benchmark\core_probabilistic_stability_seed_202602\oof\P1_empirical_fold_4.parquet
core_probabilistic_stability_seed_202602,P2_xgb_gaussian_oof,fold_4,2022,COMPLETED,PASSED,1.586,0.46,21.1279,5.5982,0.15134,8.621,0.8715,0.9323,0.949,0.959,62.49,118.74,152.4,181.59,0.1352,0.3246,artifacts\probabilistic_benchmark\core_probabilistic_stability_seed_202602\oof\P2_xgb_gaussian_oof_fold_4.parquet
core_probabilistic_stability_seed_202602,P3_ngboost_normal,fold_4,2022,COMPLETED,PASSED,2.719,1.48,20.2214,5.5446,0.17004,8.2277,0.8765,0.9365,0.952,0.9615,58.3,110.77,142.18,169.41,0.1924,0.2413,artifacts\probabilistic_benchmark\core_probabilistic_stability_seed_202602\oof\P3_ngboost_normal_fold_4.parquet
core_probabilistic_stability_seed_202602,P4_ngboost_student_t,fold_4,2022,COMPLETED,PASSED,24.869,0.0,17.2173,4.543,0.14267,7.5556,0.4958,0.781,0.8568,0.8975,17.37,37.87,55.41,76.5,0.0948,0.0961,artifacts\probabilistic_benchmark\core_probabilistic_stability_seed_202602\oof\P4_ngboost_student_t_fold_4.parquet
core_probabilistic_stability_seed_202602,P5_quantile_regression,fold_4,2022,COMPLETED,PASSED,1.318,2.62,16.7266,NOT_AVAILABLE,NOT_AVAILABLE,6.9625,0.446,0.7498,0.8665,0.9237,16.24,37.85,60.88,94.8,,,artifacts\probabilistic_benchmark\core_probabilistic_stability_seed_202602\oof\P5_quantile_regression_fold_4.parquet
