experiment_id,model_id,fold_id,validation_year,status,runtime_seconds,memory_mb,roc_auc,pr_auc,recall,f1,brier_score,mae,rmse,r2,oof_artifact,weight_arrival_linear_baseline_v1_cls,weight_arrival_random_forest_baseline_v1_cls,weight_arrival_hist_gradient_boosting_baseline_v1_cls,weight_arrival_xgboost_baseline_v1_cls,weight_arrival_linear_baseline_v1_reg,weight_arrival_random_forest_baseline_v1_reg,weight_arrival_hist_gradient_boosting_baseline_v1_reg,weight_arrival_xgboost_baseline_v1_reg
core_point_academic_benchmark_v1,arrival_linear_baseline_v1,fold_1,2019,COMPLETED,0.208,0.0,0.6004880937954277,0.1874855129128085,0.620253164556962,0.2734157034675169,0.25492925515503034,22.113736561017877,41.15870479613435,-0.04724683014404363,artifacts\model_benchmark\core_point\core_point_academic_benchmark_v1_20260930_124849\oof\arrival_linear_baseline_v1_fold_1.parquet,,,,,,,,
core_point_academic_benchmark_v1,arrival_random_forest_baseline_v1,fold_1,2019,COMPLETED,0.381,5.81,0.6290015008989132,0.21410863841365801,0.5117540687160941,0.28730964467005077,0.21980927190246102,20.865147098361437,40.50239913114201,-0.01411487576890802,artifacts\model_benchmark\core_point\core_point_academic_benchmark_v1_20260930_124849\oof\arrival_random_forest_baseline_v1_fold_1.parquet,,,,,,,,
core_point_academic_benchmark_v1,arrival_hist_gradient_boosting_baseline_v1,fold_1,2019,COMPLETED,1.666,0.0,0.6239789192163849,0.20873392702200544,0.5298372513562387,0.2829550941574119,0.22569927101483644,20.276269295870538,40.41383424696413,-0.009684680464693285,artifacts\model_benchmark\core_point\core_point_academic_benchmark_v1_20260930_124849\oof\arrival_hist_gradient_boosting_baseline_v1_fold_1.parquet,,,,,,,,
core_point_academic_benchmark_v1,arrival_xgboost_baseline_v1,fold_1,2019,COMPLETED,1.802,85.48,0.6157614845521775,0.2012879951805559,0.4448462929475588,0.2676822633297062,0.2143449104919897,21.803790747220628,41.56623743047144,-0.0680881164372431,artifacts\model_benchmark\core_point\core_point_academic_benchmark_v1_20260930_124849\oof\arrival_xgboost_baseline_v1_fold_1.parquet,,,,,,,,
core_point_academic_benchmark_v1,arrival_weighted_ensemble_v1,fold_1,2019,COMPLETED,0.028,1.84,0.6266591333187492,0.2107612471371312,0.5226039783001808,0.2822265625,0.22472195091662367,21.02829919443838,40.616423971673285,-0.019832910248142044,artifacts\model_benchmark\core_point\core_point_academic_benchmark_v1_20260930_124849\oof\arrival_weighted_ensemble_v1_fold_1.parquet,0.25,0.25,0.25,0.25,0.25,0.25,0.25,0.25
core_point_academic_benchmark_v1,arrival_linear_baseline_v1,fold_2,2020,COMPLETED,0.241,7.31,0.5227824730036453,0.07248012188835808,0.4798387096774194,0.11221122112211221,0.2537919588054394,19.08664997423644,33.184464502047945,-0.14734679435554665,artifacts\model_benchmark\core_point\core_point_academic_benchmark_v1_20260930_124849\oof\arrival_linear_baseline_v1_fold_2.parquet,,,,,,,,
core_point_academic_benchmark_v1,arrival_random_forest_baseline_v1,fold_2,2020,COMPLETED,0.438,0.0,0.5361151471903157,0.07139508804512953,0.3467741935483871,0.1107533805537669,0.22236031661646602,18.529014600187125,32.803851722871755,-0.12117849546368475,artifacts\model_benchmark\core_point\core_point_academic_benchmark_v1_20260930_124849\oof\arrival_random_forest_baseline_v1_fold_2.parquet,,,,,,,,
core_point_academic_benchmark_v1,arrival_hist_gradient_boosting_baseline_v1,fold_2,2020,COMPLETED,0.34,0.0,0.5375853308343077,0.06906015087169846,0.36693548387096775,0.11206896551724138,0.22997932986334146,17.849443727606715,32.40685619373725,-0.09420547327356688,artifacts\model_benchmark\core_point\core_point_academic_benchmark_v1_20260930_124849\oof\arrival_hist_gradient_boosting_baseline_v1_fold_2.parquet,,,,,,,,
core_point_academic_benchmark_v1,arrival_xgboost_baseline_v1,fold_2,2020,COMPLETED,0.465,1.07,0.5290984593163216,0.07158574975291207,0.36693548387096775,0.12397820163487738,0.2188834014796755,19.025954693319274,33.54605406447969,-0.17248680541808237,artifacts\model_benchmark\core_point\core_point_academic_benchmark_v1_20260930_124849\oof\arrival_xgboost_baseline_v1_fold_2.parquet,,,,,,,,
core_point_academic_benchmark_v1,arrival_weighted_ensemble_v1,fold_2,2020,COMPLETED,0.04,0.38,0.5291618663594471,0.07158091614318397,0.36693548387096775,0.12406271301976823,0.21887818412265503,17.849443727606715,32.40685619373725,-0.09420547327356688,artifacts\model_benchmark\core_point\core_point_academic_benchmark_v1_20260930_124849\oof\arrival_weighted_ensemble_v1_fold_2.parquet,0.0,0.0064,0.0,0.9936,0.0,0.0,1.0,0.0
core_point_academic_benchmark_v1,arrival_linear_baseline_v1,fold_3,2021,COMPLETED,0.278,0.0,0.6124886616837909,0.1779722836396486,0.2869198312236287,0.23985890652557318,0.176671935009258,17.795831475585572,44.9670409639383,-0.010814534243891671,artifacts\model_benchmark\core_point\core_point_academic_benchmark_v1_20260930_124849\oof\arrival_linear_baseline_v1_fold_3.parquet,,,,,,,,
core_point_academic_benchmark_v1,arrival_random_forest_baseline_v1,fold_3,2021,COMPLETED,0.454,9.71,0.5859629850346193,0.15197016760188894,0.027426160337552744,0.04634581105169341,0.1509658450611722,17.449282460888348,44.83302671793113,-0.004798497373313504,artifacts\model_benchmark\core_point\core_point_academic_benchmark_v1_20260930_124849\oof\arrival_random_forest_baseline_v1_fold_3.parquet,,,,,,,,
core_point_academic_benchmark_v1,arrival_hist_gradient_boosting_baseline_v1,fold_3,2021,COMPLETED,0.343,0.0,0.5791782443140887,0.15507761450493623,0.07172995780590717,0.1033434650455927,0.16011865698816097,17.488214991712002,44.80151324160064,-0.003386432772557013,artifacts\model_benchmark\core_point\core_point_academic_benchmark_v1_20260930_124849\oof\arrival_hist_gradient_boosting_baseline_v1_fold_3.parquet,,,,,,,,
core_point_academic_benchmark_v1,arrival_xgboost_baseline_v1,fold_3,2021,COMPLETED,0.536,0.0,0.5902811184426239,0.16734574652575684,0.07172995780590717,0.1060842433697348,0.14249363684779587,17.75900553684868,45.03243364677442,-0.013756597374096513,artifacts\model_benchmark\core_point\core_point_academic_benchmark_v1_20260930_124849\oof\arrival_xgboost_baseline_v1_fold_3.parquet,,,,,,,,
core_point_academic_benchmark_v1,arrival_weighted_ensemble_v1,fold_3,2021,COMPLETED,0.035,1.2,0.5907029397052875,0.1667286599169052,0.06962025316455696,0.10361067503924647,0.14266880877679813,17.488214991712002,44.80151324160064,-0.003386432772557013,artifacts\model_benchmark\core_point\core_point_academic_benchmark_v1_20260930_124849\oof\arrival_weighted_ensemble_v1_fold_3.parquet,0.0,0.0465,0.0,0.9535,0.0,0.0,1.0,0.0
core_point_academic_benchmark_v1,arrival_linear_baseline_v1,fold_4,2022,COMPLETED,0.328,2.66,0.6118756567335641,0.22774095064698097,0.28100470957613816,0.25626342161775234,0.18868240428812083,21.97205811979771,59.058564736846684,-0.022125581816710538,artifacts\model_benchmark\core_point\core_point_academic_benchmark_v1_20260930_124849\oof\arrival_linear_baseline_v1_fold_4.parquet,,,,,,,,
core_point_academic_benchmark_v1,arrival_random_forest_baseline_v1,fold_4,2022,COMPLETED,0.515,0.0,0.6168667151208249,0.2562277175104434,0.28414442700156983,0.28707375099127674,0.188569937481615,22.128475448788528,58.68943351105144,-0.009388416111706377,artifacts\model_benchmark\core_point\core_point_academic_benchmark_v1_20260930_124849\oof\arrival_random_forest_baseline_v1_fold_4.parquet,,,,,,,,
core_point_academic_benchmark_v1,arrival_hist_gradient_boosting_baseline_v1,fold_4,2022,COMPLETED,0.347,0.0,0.6105651071243018,0.2613654560007912,0.3453689167974882,0.2981029810298103,0.20132564210044648,22.114132911280848,58.75358680382342,-0.011596342779297109,artifacts\model_benchmark\core_point\core_point_academic_benchmark_v1_20260930_124849\oof\arrival_hist_gradient_boosting_baseline_v1_fold_4.parquet,,,,,,,,
core_point_academic_benchmark_v1,arrival_xgboost_baseline_v1,fold_4,2022,COMPLETED,0.632,1.56,0.6206515543841911,0.2689124288659598,0.3453689167974882,0.3005464480874317,0.1877917411042402,22.283057005462005,58.61068525034373,-0.006681480637863224,artifacts\model_benchmark\core_point\core_point_academic_benchmark_v1_20260930_124849\oof\arrival_xgboost_baseline_v1_fold_4.parquet,,,,,,,,
core_point_academic_benchmark_v1,arrival_weighted_ensemble_v1,fold_4,2022,COMPLETED,0.033,0.0,0.6206515543841911,0.2689124288659598,0.3453689167974882,0.3005464480874317,0.1877917411042402,22.114132911280848,58.75358680382342,-0.011596342779297109,artifacts\model_benchmark\core_point\core_point_academic_benchmark_v1_20260930_124849\oof\arrival_weighted_ensemble_v1_fold_4.parquet,0.0,0.0,0.0,1.0,0.0,0.0,1.0,0.0
