experiment_id,model_id,fold_id,validation_year,status,runtime_seconds,memory_mb,n_total,n_valid,n_missing,n_failures,mae,rmse,r2,severe_delay_mae_ge_60,roc_auc,pr_auc,brier_score,probability_semantics,oof_artifact,weight_arrival_linear_baseline_v1_cls,weight_arrival_random_forest_baseline_v1_cls,weight_arrival_hist_gradient_boosting_baseline_v1_cls,weight_arrival_xgboost_baseline_v1_cls,weight_arrival_linear_baseline_v1_reg,weight_arrival_random_forest_baseline_v1_reg,weight_arrival_hist_gradient_boosting_baseline_v1_reg,weight_arrival_xgboost_baseline_v1_reg
core_point_benchmark_v2,arrival_linear_baseline_v1,fold_1,2019,SUCCESS,0.195,0.0,4000,4000,0,0,22.1137,41.1587,-0.0472,126.833,0.60049,0.18749,0.25493,VALID_AUDITED_ESTIMATOR,artifacts\model_benchmark_v2\core_point\core_point_benchmark_v2\oof\arrival_linear_baseline_v1_fold_1.parquet,,,,,,,,
core_point_benchmark_v2,arrival_random_forest_baseline_v1,fold_1,2019,SUCCESS,0.377,7.73,4000,4000,0,0,20.8651,40.5024,-0.0141,127.7463,0.629,0.21411,0.21981,VALID_AUDITED_ESTIMATOR,artifacts\model_benchmark_v2\core_point\core_point_benchmark_v2\oof\arrival_random_forest_baseline_v1_fold_1.parquet,,,,,,,,
core_point_benchmark_v2,arrival_hist_gradient_boosting_baseline_v1,fold_1,2019,SUCCESS,1.561,0.0,4000,4000,0,0,20.2763,40.4138,-0.0097,128.798,0.62398,0.20873,0.2257,VALID_AUDITED_ESTIMATOR,artifacts\model_benchmark_v2\core_point\core_point_benchmark_v2\oof\arrival_hist_gradient_boosting_baseline_v1_fold_1.parquet,,,,,,,,
core_point_benchmark_v2,arrival_xgboost_baseline_v1,fold_1,2019,SUCCESS,1.743,89.02,4000,4000,0,0,21.8038,41.5662,-0.0681,127.8412,0.61576,0.20129,0.21434,VALID_AUDITED_ESTIMATOR,artifacts\model_benchmark_v2\core_point\core_point_benchmark_v2\oof\arrival_xgboost_baseline_v1_fold_1.parquet,,,,,,,,
core_point_benchmark_v2,arrival_weighted_ensemble_v1,fold_1,2019,SUCCESS,0.016,2.1,4000,4000,0,0,21.0283,40.6164,-0.0198,127.8046,0.62666,0.21076,0.22472,VALID_AUDITED_ESTIMATOR,artifacts\model_benchmark_v2\core_point\core_point_benchmark_v2\oof\arrival_weighted_ensemble_v1_fold_1.parquet,0.25,0.25,0.25,0.25,0.25,0.25,0.25,0.25
core_point_benchmark_v2,arrival_linear_baseline_v1,fold_2,2020,SUCCESS,0.265,0.0,4000,4000,0,0,19.0866,33.1845,-0.1473,141.5726,0.52278,0.07248,0.25379,VALID_AUDITED_ESTIMATOR,artifacts\model_benchmark_v2\core_point\core_point_benchmark_v2\oof\arrival_linear_baseline_v1_fold_2.parquet,,,,,,,,
core_point_benchmark_v2,arrival_random_forest_baseline_v1,fold_2,2020,SUCCESS,0.424,2.48,4000,4000,0,0,18.529,32.8039,-0.1212,142.0548,0.53612,0.0714,0.22236,VALID_AUDITED_ESTIMATOR,artifacts\model_benchmark_v2\core_point\core_point_benchmark_v2\oof\arrival_random_forest_baseline_v1_fold_2.parquet,,,,,,,,
core_point_benchmark_v2,arrival_hist_gradient_boosting_baseline_v1,fold_2,2020,SUCCESS,0.338,0.0,4000,4000,0,0,17.8494,32.4069,-0.0942,143.397,0.53759,0.06906,0.22998,VALID_AUDITED_ESTIMATOR,artifacts\model_benchmark_v2\core_point\core_point_benchmark_v2\oof\arrival_hist_gradient_boosting_baseline_v1_fold_2.parquet,,,,,,,,
core_point_benchmark_v2,arrival_xgboost_baseline_v1,fold_2,2020,SUCCESS,0.456,0.0,4000,4000,0,0,19.026,33.5461,-0.1725,142.3312,0.5291,0.07159,0.21888,VALID_AUDITED_ESTIMATOR,artifacts\model_benchmark_v2\core_point\core_point_benchmark_v2\oof\arrival_xgboost_baseline_v1_fold_2.parquet,,,,,,,,
core_point_benchmark_v2,arrival_weighted_ensemble_v1,fold_2,2020,SUCCESS,0.026,1.41,4000,4000,0,0,17.8494,32.4069,-0.0942,143.397,0.52916,0.07158,0.21888,VALID_AUDITED_ESTIMATOR,artifacts\model_benchmark_v2\core_point\core_point_benchmark_v2\oof\arrival_weighted_ensemble_v1_fold_2.parquet,0.0,0.0064,0.0,0.9936,0.0,0.0,1.0,0.0
core_point_benchmark_v2,arrival_linear_baseline_v1,fold_3,2021,SUCCESS,0.259,7.73,4000,4000,0,0,17.7958,44.967,-0.0108,151.8842,0.61249,0.17797,0.17667,VALID_AUDITED_ESTIMATOR,artifacts\model_benchmark_v2\core_point\core_point_benchmark_v2\oof\arrival_linear_baseline_v1_fold_3.parquet,,,,,,,,
core_point_benchmark_v2,arrival_random_forest_baseline_v1,fold_3,2021,SUCCESS,0.461,0.0,4000,4000,0,0,17.4493,44.833,-0.0048,153.8709,0.58596,0.15197,0.15097,VALID_AUDITED_ESTIMATOR,artifacts\model_benchmark_v2\core_point\core_point_benchmark_v2\oof\arrival_random_forest_baseline_v1_fold_3.parquet,,,,,,,,
core_point_benchmark_v2,arrival_hist_gradient_boosting_baseline_v1,fold_3,2021,SUCCESS,0.308,0.0,4000,4000,0,0,17.4882,44.8015,-0.0034,154.0789,0.57918,0.15508,0.16012,VALID_AUDITED_ESTIMATOR,artifacts\model_benchmark_v2\core_point\core_point_benchmark_v2\oof\arrival_hist_gradient_boosting_baseline_v1_fold_3.parquet,,,,,,,,
core_point_benchmark_v2,arrival_xgboost_baseline_v1,fold_3,2021,SUCCESS,0.536,1.34,4000,4000,0,0,17.759,45.0324,-0.0138,154.0669,0.59028,0.16735,0.14249,VALID_AUDITED_ESTIMATOR,artifacts\model_benchmark_v2\core_point\core_point_benchmark_v2\oof\arrival_xgboost_baseline_v1_fold_3.parquet,,,,,,,,
core_point_benchmark_v2,arrival_weighted_ensemble_v1,fold_3,2021,SUCCESS,0.027,0.95,4000,4000,0,0,17.4882,44.8015,-0.0034,154.0789,0.5907,0.16673,0.14267,VALID_AUDITED_ESTIMATOR,artifacts\model_benchmark_v2\core_point\core_point_benchmark_v2\oof\arrival_weighted_ensemble_v1_fold_3.parquet,0.0,0.0465,0.0,0.9535,0.0,0.0,1.0,0.0
core_point_benchmark_v2,arrival_linear_baseline_v1,fold_4,2022,SUCCESS,0.317,8.68,4000,4000,0,0,21.9721,59.0586,-0.0221,172.2565,0.61188,0.22774,0.18868,VALID_AUDITED_ESTIMATOR,artifacts\model_benchmark_v2\core_point\core_point_benchmark_v2\oof\arrival_linear_baseline_v1_fold_4.parquet,,,,,,,,
core_point_benchmark_v2,arrival_random_forest_baseline_v1,fold_4,2022,SUCCESS,0.495,0.0,4000,4000,0,0,22.1285,58.6894,-0.0094,169.8971,0.61687,0.25623,0.18857,VALID_AUDITED_ESTIMATOR,artifacts\model_benchmark_v2\core_point\core_point_benchmark_v2\oof\arrival_random_forest_baseline_v1_fold_4.parquet,,,,,,,,
core_point_benchmark_v2,arrival_hist_gradient_boosting_baseline_v1,fold_4,2022,SUCCESS,0.363,0.0,4000,4000,0,0,22.1141,58.7536,-0.0116,170.6292,0.61057,0.26137,0.20133,VALID_AUDITED_ESTIMATOR,artifacts\model_benchmark_v2\core_point\core_point_benchmark_v2\oof\arrival_hist_gradient_boosting_baseline_v1_fold_4.parquet,,,,,,,,
core_point_benchmark_v2,arrival_xgboost_baseline_v1,fold_4,2022,SUCCESS,0.633,0.0,4000,4000,0,0,22.2831,58.6107,-0.0067,168.747,0.62065,0.26891,0.18779,VALID_AUDITED_ESTIMATOR,artifacts\model_benchmark_v2\core_point\core_point_benchmark_v2\oof\arrival_xgboost_baseline_v1_fold_4.parquet,,,,,,,,
core_point_benchmark_v2,arrival_weighted_ensemble_v1,fold_4,2022,SUCCESS,0.025,1.7,4000,4000,0,0,22.1141,58.7536,-0.0116,170.6292,0.62065,0.26891,0.18779,VALID_AUDITED_ESTIMATOR,artifacts\model_benchmark_v2\core_point\core_point_benchmark_v2\oof\arrival_weighted_ensemble_v1_fold_4.parquet,0.0,0.0,0.0,1.0,0.0,0.0,1.0,0.0
