dimension,cell_name,parameter_value,mean_objective,feasibility_rate,mean_conflicts,mean_reassignments,mean_remote_count,mean_runtime_ms
pairing,unpaired_dwell_60m,unpaired_dwell_60m,4162.2,1.0,0.0,23.02,19.66,0.51
pairing,paired_turn_window_45m,paired_turn_window_45m,4031.6,1.0,0.0,22.76,19.02,0.5
turnaround_parameters,turnaround_35m,35.0,4162.2,1.0,0.0,23.02,19.66,0.49
turnaround_parameters,turnaround_45m,45.0,4162.2,1.0,0.0,23.02,19.66,0.49
turnaround_parameters,turnaround_55m,55.0,4166.2,1.0,0.0,23.02,19.68,0.51
arrival_risk_buffer,risk_buffer_0m,0.0,4019.4,1.0,0.0,22.74,18.96,0.51
arrival_risk_buffer,risk_buffer_10m,10.0,4153.8,1.0,0.0,22.98,19.62,0.49
arrival_risk_buffer,risk_buffer_15m,15.0,4162.2,1.0,0.0,23.02,19.66,0.48
arrival_risk_buffer,risk_buffer_20m,20.0,4190.4,1.0,0.0,23.04,19.8,0.49
gate_mix,contact_gates_8,8,4582.4,1.0,0.0,24.64,21.68,0.46
gate_mix,contact_gates_10,10,4162.2,1.0,0.0,23.02,19.66,0.49
gate_mix,contact_gates_12,12,3762.2,1.0,0.0,23.02,17.66,0.52
compute_budget,budget_1.0s,1.0,4162.2,1.0,0.0,23.02,19.66,0.51
compute_budget,budget_2.0s,2.0,4162.2,1.0,0.0,23.02,19.66,0.49
compute_budget,budget_5.0s,5.0,4162.2,1.0,0.0,23.02,19.66,0.67
objective_weights,overflow_weight_100,100.0,2196.2,1.0,0.0,23.02,19.66,0.69
objective_weights,overflow_weight_200,200.0,4162.2,1.0,0.0,23.02,19.66,0.48
objective_weights,overflow_weight_500,500.0,10060.2,1.0,0.0,23.02,19.66,0.62
robustness_distribution,native_student_t_nu_heteroscedastic,"Student-T (mu, sigma, df)",4162.2,1.0,0.0,23.02,19.66,0.69
